compound_id	target_gene	metapath	dwpc
CHEMBL4294164	EEF1A1	CbG	0.16177468314756732
CHEMBL1232461	EEF1A1	CbG	0.1503966142496433
CHEMBL1221911	EEF1A1	CbG	0.3079630127583798
CHEMBL123292	EEF1A1	CbG	0.23339232015516465
CHEMBL2303630	EEF1A1	CbG	0.3079630127583798
CHEMBL1802814	EEF1A1	CbG	0.23339232015516465
CHEMBL1802815	EEF1A1	CbG	0.23339232015516465
CHEMBL1802973	EEF1A1	CbG	0.23339232015516465
CHEMBL3799977	EEF1A1	CbG	0.3079630127583798
CHEMBL4066032	EEF1A1	CbG	0.3079630127583798
CHEMBL4095101	EEF1A1	CbG	0.3079630127583798
CHEMBL4097524	EEF1A1	CbG	0.3079630127583798
CHEMBL4070348	EEF1A1	CbG	0.3079630127583798
CHEMBL4094319	EEF1A1	CbG	0.3079630127583798
CHEMBL4072881	EEF1A1	CbG	0.3079630127583798
CHEMBL4067648	EEF1A1	CbG	0.3079630127583798
CHEMBL4088864	EEF1A1	CbG	0.3079630127583798
CHEMBL4105227	EEF1A1	CbG	0.3079630127583798
CHEMBL514569	EEF1A1	CbG	0.3079630127583798
CHEMBL5653589	EEF1A2	CbG	0.20587265366665194
CHEMBL1802814	EEF1A2	CbG	0.435275281648062
CHEMBL1802815	EEF1A2	CbG	0.435275281648062
CHEMBL1802973	EEF1A2	CbG	0.435275281648062
CHEMBL2110732	EEF1A1	CbGiG	0.017783315170586896
CHEMBL3353410	EEF1A1	CbGiG	0.017783315170586896
CHEMBL3545085	EEF1A1	CbGiG	0.017783315170586896
CHEMBL571546	EEF1A1	CbGiG	0.017783315170586896
CHEMBL494089	EEF1A1	CbGiG	0.017783315170586896
CHEMBL572878	EEF1A1	CbGiG	0.017783315170586896
CHEMBL1614713	EEF1A1	CbGiG	0.017783315170586896
CHEMBL3301622	EEF1A1	CbGiG	0.017783315170586896
CHEMBL1614725	EEF1A1	CbGiG	0.017783315170586896
CHEMBL288441	EEF1A1	CbGiG	0.017783315170586896
CHEMBL482767	EEF1A1	CbGiG	0.017783315170586896
CHEMBL536151	EEF1A1	CbGiG	0.017783315170586896
CHEMBL413	EEF1A1	CbGiG	0.017783315170586896
CHEMBL270995	EEF1A1	CbGiG	0.017783315170586896
CHEMBL482967	EEF1A1	CbGiG	0.017783315170586896
CHEMBL592445	EEF1A1	CbGiG	0.017783315170586896
CHEMBL1233528	EEF1A1	CbGiG	0.017783315170586896
CHEMBL601719	EEF1A1	CbGiG	0.017783315170586896
CHEMBL3334567	EEF1A1	CbGiG	0.017783315170586896
CHEMBL507361	EEF1A1	CbGiG	0.017783315170586896
CHEMBL3348923	EEF1A1	CbGiG	0.017783315170586896
CHEMBL3545328	EEF1A1	CbGiG	0.017783315170586896
CHEMBL1614707	EEF1A1	CbGiG	0.017783315170586896
CHEMBL1236682	EEF1A1	CbGiG	0.017783315170586896
CHEMBL3402762	EEF1A1	CbGiG	0.017783315170586896
CHEMBL2408045	EEF1A1	CbGiG	0.017783315170586896
CHEMBL300138	EEF1A1	CbGiG	0.017783315170586896
CHEMBL576982	EEF1A1	CbGiG	0.017783315170586896
CHEMBL3600873	EEF1A1	CbGiG	0.017783315170586896
CHEMBL296468	EEF1A1	CbGiG	0.017783315170586896
CHEMBL3688339	EEF1A1	CbGiG	0.017783315170586896
CHEMBL3182621	EEF1A1	CbGiG	0.017783315170586896
CHEMBL3989868	EEF1A1	CbGiG	0.017783315170586896
CHEMBL1173655	EEF1A1	CbGiG	0.017783315170586896
CHEMBL1289601	EEF1A1	CbGiG	0.017783315170586896
CHEMBL587723	EEF1A1	CbGiG	0.017783315170586896
CHEMBL255863	EEF1A1	CbGiG	0.017783315170586896
CHEMBL3137336	EEF1A1	CbGiG	0.017783315170586896
CHEMBL607707	EEF1A1	CbGiG	0.017783315170586896
CHEMBL491473	EEF1A1	CbGiG	0.017783315170586896
CHEMBL598797	EEF1A1	CbGiG	0.017783315170586896
CHEMBL522892	EEF1A1	CbGiG	0.017783315170586896
CHEMBL403989	EEF1A1	CbGiG	0.017783315170586896
CHEMBL1908397	EEF1A1	CbGiG	0.017783315170586896
CHEMBL259084	EEF1A1	CbGiG	0.017783315170586896
CHEMBL2386889	EEF1A1	CbGiG	0.017783315170586896
CHEMBL1230609	EEF1A1	CbGiG	0.017783315170586896
CHEMBL1873475	EEF1A1	CbGiG	0.017783315170586896
CHEMBL3218576	EEF1A1	CbGiG	0.017783315170586896
CHEMBL2103875	EEF1A1	CbGiG	0.017783315170586896
CHEMBL2028663	EEF1A1	CbGiG	0.03393563938772962
CHEMBL3186534	EEF1A1	CbGiG	0.017783315170586896
CHEMBL2165191	EEF1A1	CbGiG	0.017783315170586896
CHEMBL3301607	EEF1A1	CbGiG	0.017783315170586896
CHEMBL4289017	EEF1A1	CbGiG	0.017783315170586896
CHEMBL1983268	EEF1A1	CbGiG	0.017783315170586896
CHEMBL3545083	EEF1A1	CbGiG	0.017783315170586896
CHEMBL1801204	EEF1A1	CbGiG	0.017783315170586896
CHEMBL2079588	EEF1A1	CbGiG	0.017783315170586896
CHEMBL575448	EEF1A1	CbGiG	0.017783315170586896
CHEMBL1078178	EEF1A1	CbGiG	0.017783315170586896
CHEMBL180022	EEF1A1	CbGiG	0.017783315170586896
CHEMBL1201182	EEF1A1	CbGiG	0.017783315170586896
CHEMBL1230165	EEF1A1	CbGiG	0.017783315170586896
CHEMBL3128043	EEF1A1	CbGiG	0.017783315170586896
CHEMBL1229517	EEF1A1	CbGiG	0.03393563938772962
CHEMBL495727	EEF1A1	CbGiG	0.017783315170586896
CHEMBL3545215	EEF1A1	CbGiG	0.017783315170586896
CHEMBL1922094	EEF1A1	CbGiG	0.017783315170586896
CHEMBL3991932	EEF1A1	CbGiG	0.017783315170586896
CHEMBL3544960	EEF1A1	CbGiG	0.017783315170586896
CHEMBL1946170	EEF1A1	CbGiG	0.017783315170586896
CHEMBL3544932	EEF1A1	CbGiG	0.017783315170586896
CHEMBL5416410	EEF1A1	CbGiG	0.017783315170586896
CHEMBL1090479	EEF1A1	CbGiG	0.017783315170586896
CHEMBL2103839	EEF1A1	CbGiG	0.017783315170586896
CHEMBL3039513	EEF1A1	CbGiG	0.017783315170586896
CHEMBL3545154	EEF1A1	CbGiG	0.017783315170586896
CHEMBL3218575	EEF1A1	CbGiG	0.017783315170586896
CHEMBL3545360	EEF1A1	CbGiG	0.017783315170586896
CHEMBL1721885	EEF1A1	CbGiG	0.017783315170586896
CHEMBL2105717	EEF1A1	CbGiG	0.017783315170586896
CHEMBL1088752	EEF1A1	CbGiG	0.017783315170586896
CHEMBL477772	EEF1A1	CbGiG	0.017783315170586896
CHEMBL3184679	EEF1A1	CbGiG	0.017783315170586896
CHEMBL3991934	EEF1A1	CbGiG	0.017783315170586896
CHEMBL571948	EEF1A1	CbGiG	0.017783315170586896
CHEMBL428690	EEF1A1	CbGiG	0.017783315170586896
CHEMBL2105759	EEF1A1	CbGiG	0.017783315170586896
CHEMBL1738757	EEF1A1	CbGiG	0.017783315170586896
CHEMBL1614710	EEF1A1	CbGiG	0.017783315170586896
CHEMBL2029988	EEF1A1	CbGiG	0.017783315170586896
CHEMBL3991933	EEF1A1	CbGiG	0.017783315170586896
CHEMBL551064	EEF1A1	CbGiG	0.017783315170586896
CHEMBL1908391	EEF1A1	CbGiG	0.017783315170586896
CHEMBL1615025	EEF1A1	CbGiG	0.017783315170586896
CHEMBL941	EEF1A1	CbGiG	0.017783315170586896
CHEMBL2105728	EEF1A1	CbGiG	0.017783315170586896
CHEMBL2220486	EEF1A1	CbGiG	0.017783315170586896
CHEMBL445813	EEF1A1	CbGiG	0.017783315170586896
CHEMBL939	EEF1A1	CbGiG	0.017783315170586896
CHEMBL283120	EEF1A1	CbGiG	0.017783315170586896
CHEMBL3545157	EEF1A1	CbGiG	0.017783315170586896
CHEMBL3590106	EEF1A1	CbGiG	0.017783315170586896
CHEMBL3218578	EEF1A1	CbGiG	0.017783315170586896
CHEMBL3301610	EEF1A1	CbGiG	0.017783315170586896
CHEMBL253969	EEF1A1	CbGiG	0.017783315170586896
CHEMBL415049	EEF1A1	CbGiG	0.017783315170586896
CHEMBL1738797	EEF1A1	CbGiG	0.017783315170586896
CHEMBL4084193	EEF1A1	CbGiG	0.017783315170586896
CHEMBL3408248	EEF1A1	CbGiG	0.017783315170586896
CHEMBL608533	EEF1A1	CbGiG	0.017783315170586896
CHEMBL31965	EEF1A1	CbGiG	0.017783315170586896
CHEMBL2107832	EEF1A1	CbGiG	0.017783315170586896
CHEMBL14762	EEF1A1	CbGiG	0.017783315170586896
CHEMBL2048872	EEF1A1	CbGiG	0.017783315170586896
CHEMBL2325741	EEF1A1	CbGiG	0.017783315170586896
CHEMBL2376648	EEF1A1	CbGiG	0.017783315170586896
CHEMBL1084546	EEF1A1	CbGiG	0.017783315170586896
CHEMBL3545076	EEF1A1	CbGiG	0.017783315170586896
CHEMBL2103830	EEF1A1	CbGiG	0.017783315170586896
CHEMBL2336325	EEF1A1	CbGiG	0.017783315170586896
CHEMBL1091644	EEF1A1	CbGiG	0.017783315170586896
CHEMBL2035187	EEF1A1	CbGiG	0.017783315170586896
CHEMBL475251	EEF1A1	CbGiG	0.017783315170586896
CHEMBL3188267	EEF1A1	CbGiG	0.017783315170586896
CHEMBL553	EEF1A1	CbGiG	0.017783315170586896
CHEMBL603469	EEF1A1	CbGiG	0.017783315170586896
CHEMBL572881	EEF1A1	CbGiG	0.017783315170586896
CHEMBL2103842	EEF1A1	CbGiG	0.017783315170586896
CHEMBL3989914	EEF1A1	CbGiG	0.017783315170586896
CHEMBL1236962	EEF1A1	CbGiG	0.017783315170586896
CHEMBL1241855	EEF1A1	CbGiG	0.017783315170586896
CHEMBL2103851	EEF1A1	CbGiG	0.017783315170586896
CHEMBL372764	EEF1A1	CbGiG	0.017783315170586896
CHEMBL462018	EEF1A1	CbGiG	0.017783315170586896
CHEMBL377300	EEF1A1	CbGiG	0.017783315170586896
CHEMBL483158	EEF1A1	CbGiG	0.017783315170586896
CHEMBL1094408	EEF1A1	CbGiG	0.017783315170586896
CHEMBL1289926	EEF1A1	CbGiG	0.017783315170586896
CHEMBL215152	EEF1A1	CbGiG	0.017783315170586896
CHEMBL281948	EEF1A1	CbGiG	0.017783315170586896
CHEMBL3264002	EEF1A1	CbGiG	0.017783315170586896
CHEMBL1908394	EEF1A1	CbGiG	0.017783315170586896
CHEMBL24828	EEF1A1	CbGiG	0.017783315170586896
CHEMBL1944698	EEF1A1	CbGiG	0.017783315170586896
CHEMBL3544966	EEF1A1	CbGiG	0.017783315170586896
CHEMBL3991929	EEF1A1	CbGiG	0.017783315170586896
CHEMBL482968	EEF1A1	CbGiG	0.017783315170586896
CHEMBL2138625	EEF1A1	CbGiG	0.017783315170586896
CHEMBL564829	EEF1A1	CbGiG	0.017783315170586896
CHEMBL405130	EEF1A1	CbGiG	0.017783315170586896
CHEMBL2396661	EEF1A1	CbGiG	0.017783315170586896
CHEMBL223360	EEF1A1	CbGiG	0.017783315170586896
CHEMBL488436	EEF1A1	CbGiG	0.017783315170586896
CHEMBL1645462	EEF1A1	CbGiG	0.017783315170586896
CHEMBL460702	EEF1A1	CbGiG	0.017783315170586896
CHEMBL496102	EEF1A1	CbGiG	0.017783315170586896
CHEMBL3545110	EEF1A1	CbGiG	0.017783315170586896
CHEMBL2030402	EEF1A1	CbGiG	0.017783315170586896
CHEMBL558752	EEF1A1	CbGiG	0.03393563938772962
CHEMBL3544964	EEF1A1	CbGiG	0.017783315170586896
CHEMBL1079175	EEF1A1	CbGiG	0.017783315170586896
CHEMBL2041933	EEF1A1	CbGiG	0.017783315170586896
CHEMBL1879463	EEF1A1	CbGiG	0.017783315170586896
CHEMBL3991931	EEF1A1	CbGiG	0.017783315170586896
CHEMBL1088751	EEF1A1	CbGiG	0.017783315170586896
CHEMBL3301612	EEF1A1	CbGiG	0.017783315170586896
CHEMBL502835	EEF1A1	CbGiG	0.017783315170586896
CHEMBL3039517	EEF1A1	CbGiG	0.017783315170586896
CHEMBL2180604	EEF1A1	CbGiG	0.017783315170586896
CHEMBL124660	EEF1A1	CbGiG	0.017783315170586896
CHEMBL1236107	EEF1A1	CbGiG	0.017783315170586896
CHEMBL400402	EEF1A1	CbGiG	0.017783315170586896
CHEMBL2017974	EEF1A1	CbGiG	0.017783315170586896
CHEMBL483321	EEF1A1	CbGiG	0.017783315170586896
CHEMBL2216870	EEF1A1	CbGiG	0.017783315170586896
CHEMBL1336	EEF1A1	CbGiG	0.017783315170586896
CHEMBL3907479	EEF1A1	CbGiG	0.017783315170586896
CHEMBL1976040	EEF1A1	CbGiG	0.017783315170586896
CHEMBL3544983	EEF1A1	CbGiG	0.017783315170586896
CHEMBL3699142	EEF1A1	CbGiG	0.017783315170586896
CHEMBL3137331	EEF1A1	CbGiG	0.017783315170586896
CHEMBL574737	EEF1A1	CbGiG	0.017783315170586896
CHEMBL1614766	EEF1A1	CbGiG	0.017783315170586896
CHEMBL1952329	EEF1A1	CbGiG	0.017783315170586896
CHEMBL1908360	EEF1A1	CbGiG	0.017783315170586896
CHEMBL101253	EEF1A1	CbGiG	0.017783315170586896
CHEMBL2219422	EEF1A1	CbGiG	0.017783315170586896
CHEMBL3120215	EEF1A1	CbGiG	0.017783315170586896
CHEMBL3991935	EEF1A1	CbGiG	0.017783315170586896
CHEMBL2103882	EEF1A1	CbGiG	0.017783315170586896
CHEMBL206834	EEF1A1	CbGiG	0.017783315170586896
CHEMBL3426621	EEF1A1	CbGiG	0.017783315170586896
CHEMBL2403108	EEF1A1	CbGiG	0.017783315170586896
CHEMBL1234354	EEF1A1	CbGiG	0.017783315170586896
CHEMBL217092	EEF1A1	CbGiG	0.017783315170586896
CHEMBL1090090	EEF1A1	CbGiG	0.017783315170586896
CHEMBL3039525	EEF1A1	CbGiG	0.017783315170586896
CHEMBL189963	EEF1A1	CbGiG	0.017783315170586896
CHEMBL1233300	EEF1A1	CbGiG	0.017783315170586896
CHEMBL402548	EEF1A1	CbGiG	0.017783315170586896
CHEMBL3813873	EEF1A1	CbGiG	0.017783315170586896
CHEMBL3545366	EEF1A1	CbGiG	0.017783315170586896
CHEMBL3545307	EEF1A1	CbGiG	0.017783315170586896
CHEMBL1171837	EEF1A1	CbGiG	0.017783315170586896
CHEMBL3991927	EEF1A1	CbGiG	0.017783315170586896
CHEMBL2087361	EEF1A1	CbGiG	0.017783315170586896
CHEMBL274654	EEF1A1	CbGiG	0.017783315170586896
CHEMBL565612	EEF1A1	CbGiG	0.017783315170586896
CHEMBL3109738	EEF1A1	CbGiG	0.017783315170586896
CHEMBL1950289	EEF1A1	CbGiG	0.017783315170586896
CHEMBL1231124	EEF1A1	CbGiG	0.017783315170586896
CHEMBL3188551	EEF1A1	CbGiG	0.017783315170586896
CHEMBL3545396	EEF1A1	CbGiG	0.017783315170586896
CHEMBL1667969	EEF1A1	CbGiG	0.017783315170586896
CHEMBL38380	EEF1A1	CbGiG	0.017783315170586896
CHEMBL514201	EEF1A1	CbGiG	0.017783315170586896
CHEMBL1287853	EEF1A1	CbGiG	0.017783315170586896
CHEMBL1289494	EEF1A1	CbGiG	0.017783315170586896
CHEMBL521851	EEF1A1	CbGiG	0.017783315170586896
CHEMBL2364611	EEF1A1	CbGiG	0.017783315170586896
CHEMBL1230607	EEF1A1	CbGiG	0.017783315170586896
CHEMBL2323775	EEF1A1	CbGiG	0.017783315170586896
CHEMBL221959	EEF1A1	CbGiG	0.017783315170586896
CHEMBL3545308	EEF1A1	CbGiG	0.017783315170586896
CHEMBL2001019	EEF1A1	CbGiG	0.017783315170586896
CHEMBL535	EEF1A1	CbGiG	0.017783315170586896
CHEMBL91829	EEF1A1	CbGiG	0.017783315170586896
CHEMBL513909	EEF1A1	CbGiG	0.017783315170586896
CHEMBL3990456	EEF1A1	CbGiG	0.017783315170586896
CHEMBL2133806	EEF1A1	CbGiG	0.017783315170586896
CHEMBL1789941	EEF1A1	CbGiG	0.017783315170586896
CHEMBL554	EEF1A1	CbGiG	0.017783315170586896
CHEMBL3187723	EEF1A1	CbGiG	0.017783315170586896
CHEMBL1614701	EEF1A1	CbGiG	0.017783315170586896
CHEMBL1822792	EEF1A1	CbGiG	0.017783315170586896
CHEMBL2146883	EEF1A1	CbGiG	0.017783315170586896
CHEMBL2140408	EEF1A1	CbGiG	0.017783315170586896
CHEMBL411907	EEF1A1	CbGiG	0.017783315170586896
CHEMBL384304	EEF1A1	CbGiG	0.017783315170586896
CHEMBL2103840	EEF1A1	CbGiG	0.03393563938772962
CHEMBL230011	EEF1A1	CbGiG	0.017783315170586896
CHEMBL4294164	EEF1A1	CbGiG	0.12471848542767117
CHEMBL5653589	EEF1A1	CbGiG	0.4591556050007315
CHEMBL3752910	EEF1A1	CbGiG	0.3302682175423095
CHEMBL1232461	EEF1A1	CbGiG	0.162116886081823
CHEMBL123292	EEF1A1	CbGiG	0.0204584066819625
CHEMBL1802814	EEF1A1	CbGiG	0.05716313149091577
CHEMBL1802815	EEF1A1	CbGiG	0.05716313149091577
CHEMBL1802973	EEF1A1	CbGiG	0.05716313149091577
CHEMBL4062193	EEF1A1	CbGiG	0.12208983548264671
CHEMBL4101680	EEF1A1	CbGiG	0.12208983548264671
CHEMBL4093377	EEF1A1	CbGiG	0.12208983548264671
CHEMBL4129274	EEF1A1	CbGiG	0.13960009540951068
CHEMBL50	EEF1A1	CbGiG	0.02699502945865856
CHEMBL557848	EEF1A1	CbGiG	0.02699502945865856
CHEMBL549777	EEF1A1	CbGiG	0.02699502945865856
CHEMBL564153	EEF1A1	CbGiG	0.02699502945865856
CHEMBL549776	EEF1A1	CbGiG	0.02699502945865856
CHEMBL559728	EEF1A1	CbGiG	0.02699502945865856
CHEMBL554519	EEF1A1	CbGiG	0.02699502945865856
CHEMBL551320	EEF1A1	CbGiG	0.02699502945865856
CHEMBL562911	EEF1A1	CbGiG	0.02699502945865856
CHEMBL559530	EEF1A1	CbGiG	0.02699502945865856
CHEMBL569598	EEF1A1	CbGiG	0.02699502945865856
CHEMBL551057	EEF1A1	CbGiG	0.02699502945865856
CHEMBL551056	EEF1A1	CbGiG	0.02699502945865856
CHEMBL561378	EEF1A1	CbGiG	0.02699502945865856
CHEMBL562322	EEF1A1	CbGiG	0.02699502945865856
CHEMBL564420	EEF1A1	CbGiG	0.02699502945865856
CHEMBL550653	EEF1A1	CbGiG	0.02699502945865856
CHEMBL564701	EEF1A1	CbGiG	0.02699502945865856
CHEMBL569836	EEF1A1	CbGiG	0.02699502945865856
CHEMBL550509	EEF1A1	CbGiG	0.02699502945865856
CHEMBL551996	EEF1A1	CbGiG	0.02699502945865856
CHEMBL570768	EEF1A1	CbGiG	0.02699502945865856
CHEMBL561059	EEF1A1	CbGiG	0.02699502945865856
CHEMBL559343	EEF1A1	CbGiG	0.02699502945865856
CHEMBL564532	EEF1A1	CbGiG	0.02699502945865856
CHEMBL560380	EEF1A1	CbGiG	0.02699502945865856
CHEMBL561724	EEF1A1	CbGiG	0.02699502945865856
CHEMBL2021570	EEF1A1	CbGiG	0.02699502945865856
CHEMBL2021569	EEF1A1	CbGiG	0.02699502945865856
CHEMBL549495	EEF1A1	CbGiG	0.02699502945865856
CHEMBL554525	EEF1A1	CbGiG	0.02699502945865856
CHEMBL558309	EEF1A1	CbGiG	0.02699502945865856
CHEMBL549427	EEF1A1	CbGiG	0.02699502945865856
CHEMBL560657	EEF1A1	CbGiG	0.02699502945865856
CHEMBL552321	EEF1A1	CbGiG	0.02699502945865856
CHEMBL552320	EEF1A1	CbGiG	0.02699502945865856
CHEMBL557917	EEF1A1	CbGiG	0.02699502945865856
CHEMBL561119	EEF1A1	CbGiG	0.02699502945865856
CHEMBL570771	EEF1A1	CbGiG	0.02699502945865856
CHEMBL557507	EEF1A1	CbGiG	0.02699502945865856
CHEMBL550790	EEF1A1	CbGiG	0.02699502945865856
CHEMBL552259	EEF1A1	CbGiG	0.02699502945865856
CHEMBL550179	EEF1A1	CbGiG	0.02699502945865856
CHEMBL551918	EEF1A1	CbGiG	0.02699502945865856
CHEMBL549837	EEF1A1	CbGiG	0.02699502945865856
CHEMBL560858	EEF1A1	CbGiG	0.02699502945865856
CHEMBL551995	EEF1A1	CbGiG	0.02699502945865856
CHEMBL555689	EEF1A1	CbGiG	0.02699502945865856
CHEMBL570772	EEF1A1	CbGiG	0.02699502945865856
CHEMBL558247	EEF1A1	CbGiG	0.02699502945865856
CHEMBL556491	EEF1A1	CbGiG	0.02699502945865856
CHEMBL559594	EEF1A1	CbGiG	0.02699502945865856
CHEMBL564799	EEF1A1	CbGiG	0.02699502945865856
CHEMBL561125	EEF1A1	CbGiG	0.02699502945865856
CHEMBL559595	EEF1A1	CbGiG	0.02699502945865856
CHEMBL553924	EEF1A1	CbGiG	0.02699502945865856
CHEMBL562794	EEF1A1	CbGiG	0.02699502945865856
CHEMBL541255	EEF1A1	CbGiG	0.02699502945865856
CHEMBL550516	EEF1A1	CbGiG	0.02699502945865856
CHEMBL551602	EEF1A1	CbGiG	0.02699502945865856
CHEMBL551807	EEF1A1	CbGiG	0.02699502945865856
CHEMBL560663	EEF1A1	CbGiG	0.02699502945865856
CHEMBL550249	EEF1A1	CbGiG	0.02699502945865856
CHEMBL557716	EEF1A1	CbGiG	0.02699502945865856
CHEMBL558033	EEF1A1	CbGiG	0.02699502945865856
CHEMBL564316	EEF1A1	CbGiG	0.02699502945865856
CHEMBL559039	EEF1A1	CbGiG	0.02699502945865856
CHEMBL550251	EEF1A1	CbGiG	0.02699502945865856
CHEMBL565134	EEF1A1	CbGiG	0.02699502945865856
CHEMBL563049	EEF1A1	CbGiG	0.02699502945865856
CHEMBL570073	EEF1A1	CbGiG	0.02699502945865856
CHEMBL561266	EEF1A1	CbGiG	0.02699502945865856
CHEMBL301982	EEF1A1	CbGiG	0.02699502945865856
CHEMBL561265	EEF1A1	CbGiG	0.02699502945865856
CHEMBL3286745	EEF1A1	CbGiG	0.02699502945865856
CHEMBL1240927	EEF1A1	CbGiG	0.02699502945865856
CHEMBL3609826	EEF1A1	CbGiG	0.02699502945865856
CHEMBL3608911	EEF1A1	CbGiG	0.02699502945865856
CHEMBL463763	EEF1A1	CbGiG	0.02699502945865856
CHEMBL3937369	EEF1A1	CbGiG	0.02699502945865856
CHEMBL3975567	EEF1A1	CbGiG	0.02699502945865856
CHEMBL3946252	EEF1A1	CbGiG	0.02699502945865856
CHEMBL3947240	EEF1A1	CbGiG	0.02699502945865856
CHEMBL3919459	EEF1A1	CbGiG	0.02699502945865856
CHEMBL3955977	EEF1A1	CbGiG	0.02699502945865856
CHEMBL3928361	EEF1A1	CbGiG	0.02699502945865856
CHEMBL3900925	EEF1A1	CbGiG	0.02699502945865856
CHEMBL3972065	EEF1A1	CbGiG	0.02699502945865856
CHEMBL3953713	EEF1A1	CbGiG	0.02699502945865856
CHEMBL3901185	EEF1A1	CbGiG	0.02699502945865856
CHEMBL3944589	EEF1A1	CbGiG	0.02699502945865856
CHEMBL3916672	EEF1A1	CbGiG	0.02699502945865856
CHEMBL3964729	EEF1A1	CbGiG	0.02699502945865856
CHEMBL3911352	EEF1A1	CbGiG	0.02699502945865856
CHEMBL3936187	EEF1A1	CbGiG	0.02699502945865856
CHEMBL3957716	EEF1A1	CbGiG	0.02699502945865856
CHEMBL3891011	EEF1A1	CbGiG	0.02699502945865856
CHEMBL3969412	EEF1A1	CbGiG	0.02699502945865856
CHEMBL3922414	EEF1A1	CbGiG	0.02699502945865856
CHEMBL3973213	EEF1A1	CbGiG	0.02699502945865856
CHEMBL3983798	EEF1A1	CbGiG	0.02699502945865856
CHEMBL3919811	EEF1A1	CbGiG	0.02699502945865856
CHEMBL3923966	EEF1A1	CbGiG	0.02699502945865856
CHEMBL3905315	EEF1A1	CbGiG	0.02699502945865856
CHEMBL3967087	EEF1A1	CbGiG	0.02699502945865856
CHEMBL4070633	EEF1A1	CbGiG	0.02699502945865856
CHEMBL4087666	EEF1A1	CbGiG	0.02699502945865856
CHEMBL4082534	EEF1A1	CbGiG	0.02699502945865856
CHEMBL4066791	EEF1A1	CbGiG	0.02699502945865856
CHEMBL4077078	EEF1A1	CbGiG	0.02699502945865856
CHEMBL4099031	EEF1A1	CbGiG	0.02699502945865856
CHEMBL4063438	EEF1A1	CbGiG	0.02699502945865856
CHEMBL4091297	EEF1A1	CbGiG	0.02699502945865856
CHEMBL4081256	EEF1A1	CbGiG	0.02699502945865856
CHEMBL4077611	EEF1A1	CbGiG	0.02699502945865856
CHEMBL4063608	EEF1A1	CbGiG	0.02699502945865856
CHEMBL4063330	EEF1A1	CbGiG	0.02699502945865856
CHEMBL4069552	EEF1A1	CbGiG	0.02699502945865856
CHEMBL4096048	EEF1A1	CbGiG	0.02699502945865856
CHEMBL3125890	EEF1A1	CbGiG	0.02699502945865856
CHEMBL2144069	EEF1A1	CbGiG	0.02699502945865856
CHEMBL525191	EEF1A1	CbGiG	0.02699502945865856
CHEMBL4070302	EEF1A1	CbGiG	0.02699502945865856
CHEMBL4091953	EEF1A1	CbGiG	0.02699502945865856
CHEMBL4102297	EEF1A1	CbGiG	0.02699502945865856
CHEMBL186526	EEF1A1	CbGiG	0.02699502945865856
CHEMBL4101619	EEF1A1	CbGiG	0.02699502945865856
CHEMBL4083615	EEF1A1	CbGiG	0.02699502945865856
CHEMBL4076337	EEF1A1	CbGiG	0.02699502945865856
CHEMBL4066800	EEF1A1	CbGiG	0.02699502945865856
CHEMBL4066949	EEF1A1	CbGiG	0.02699502945865856
CHEMBL4071793	EEF1A1	CbGiG	0.02699502945865856
CHEMBL4076144	EEF1A1	CbGiG	0.02699502945865856
CHEMBL4072087	EEF1A1	CbGiG	0.02699502945865856
CHEMBL4098083	EEF1A1	CbGiG	0.02699502945865856
CHEMBL4090359	EEF1A1	CbGiG	0.02699502945865856
CHEMBL4100535	EEF1A1	CbGiG	0.02699502945865856
CHEMBL4094691	EEF1A1	CbGiG	0.02699502945865856
CHEMBL188678	EEF1A1	CbGiG	0.02699502945865856
CHEMBL242529	EEF1A1	CbGiG	0.02699502945865856
CHEMBL501870	EEF1A1	CbGiG	0.02699502945865856
CHEMBL4207280	EEF1A1	CbGiG	0.02699502945865856
CHEMBL4207816	EEF1A1	CbGiG	0.02699502945865856
CHEMBL4288307	EEF1A1	CbGiG	0.02699502945865856
CHEMBL4280406	EEF1A1	CbGiG	0.02699502945865856
CHEMBL4283002	EEF1A1	CbGiG	0.02699502945865856
CHEMBL4293586	EEF1A1	CbGiG	0.02699502945865856
CHEMBL4288525	EEF1A1	CbGiG	0.02699502945865856
CHEMBL4277867	EEF1A1	CbGiG	0.02699502945865856
CHEMBL4285168	EEF1A1	CbGiG	0.02699502945865856
CHEMBL4293003	EEF1A1	CbGiG	0.02699502945865856
CHEMBL4276798	EEF1A1	CbGiG	0.02699502945865856
CHEMBL4284740	EEF1A1	CbGiG	0.02699502945865856
CHEMBL4291948	EEF1A1	CbGiG	0.02699502945865856
CHEMBL4281330	EEF1A1	CbGiG	0.02699502945865856
CHEMBL4293406	EEF1A1	CbGiG	0.02699502945865856
CHEMBL4282794	EEF1A1	CbGiG	0.02699502945865856
CHEMBL4514442	EEF1A1	CbGiG	0.02699502945865856
CHEMBL438605	EEF1A1	CbGiG	0.02699502945865856
CHEMBL4877620	EEF1A1	CbGiG	0.02699502945865856
CHEMBL4848310	EEF1A1	CbGiG	0.02699502945865856
CHEMBL4846644	EEF1A1	CbGiG	0.02699502945865856
CHEMBL4876187	EEF1A1	CbGiG	0.02699502945865856
CHEMBL5200595	EEF1A1	CbGiG	0.02699502945865856
CHEMBL520014	EEF1A1	CbGiG	0.02699502945865856
CHEMBL278315	EEF1A1	CbGiG	0.02699502945865856
CHEMBL5398773	EEF1A1	CbGiG	0.02699502945865856
CHEMBL5441131	EEF1A1	CbGiG	0.02699502945865856
CHEMBL5402290	EEF1A1	CbGiG	0.02699502945865856
CHEMBL2110732	EEF1A2	CbGiG	0.02146153191753601
CHEMBL3353410	EEF1A2	CbGiG	0.02146153191753601
CHEMBL3545085	EEF1A2	CbGiG	0.02146153191753601
CHEMBL571546	EEF1A2	CbGiG	0.02146153191753601
CHEMBL494089	EEF1A2	CbGiG	0.02146153191753601
CHEMBL572878	EEF1A2	CbGiG	0.02146153191753601
CHEMBL1614713	EEF1A2	CbGiG	0.02146153191753601
CHEMBL3301622	EEF1A2	CbGiG	0.02146153191753601
CHEMBL1614725	EEF1A2	CbGiG	0.02146153191753601
CHEMBL288441	EEF1A2	CbGiG	0.02146153191753601
CHEMBL482767	EEF1A2	CbGiG	0.02146153191753601
CHEMBL536151	EEF1A2	CbGiG	0.02146153191753601
CHEMBL413	EEF1A2	CbGiG	0.02146153191753601
CHEMBL270995	EEF1A2	CbGiG	0.02146153191753601
CHEMBL482967	EEF1A2	CbGiG	0.02146153191753601
CHEMBL592445	EEF1A2	CbGiG	0.02146153191753601
CHEMBL1233528	EEF1A2	CbGiG	0.02146153191753601
CHEMBL601719	EEF1A2	CbGiG	0.02146153191753601
CHEMBL3334567	EEF1A2	CbGiG	0.02146153191753601
CHEMBL507361	EEF1A2	CbGiG	0.02146153191753601
CHEMBL3348923	EEF1A2	CbGiG	0.02146153191753601
CHEMBL3545328	EEF1A2	CbGiG	0.02146153191753601
CHEMBL1614707	EEF1A2	CbGiG	0.02146153191753601
CHEMBL1236682	EEF1A2	CbGiG	0.02146153191753601
CHEMBL3402762	EEF1A2	CbGiG	0.02146153191753601
CHEMBL2408045	EEF1A2	CbGiG	0.02146153191753601
CHEMBL300138	EEF1A2	CbGiG	0.02146153191753601
CHEMBL576982	EEF1A2	CbGiG	0.02146153191753601
CHEMBL3600873	EEF1A2	CbGiG	0.02146153191753601
CHEMBL296468	EEF1A2	CbGiG	0.02146153191753601
CHEMBL3688339	EEF1A2	CbGiG	0.02146153191753601
CHEMBL3182621	EEF1A2	CbGiG	0.02146153191753601
CHEMBL3989868	EEF1A2	CbGiG	0.02146153191753601
CHEMBL1173655	EEF1A2	CbGiG	0.02146153191753601
CHEMBL1289601	EEF1A2	CbGiG	0.02146153191753601
CHEMBL587723	EEF1A2	CbGiG	0.02146153191753601
CHEMBL255863	EEF1A2	CbGiG	0.02146153191753601
CHEMBL3137336	EEF1A2	CbGiG	0.02146153191753601
CHEMBL607707	EEF1A2	CbGiG	0.02146153191753601
CHEMBL491473	EEF1A2	CbGiG	0.02146153191753601
CHEMBL598797	EEF1A2	CbGiG	0.02146153191753601
CHEMBL522892	EEF1A2	CbGiG	0.02146153191753601
CHEMBL403989	EEF1A2	CbGiG	0.02146153191753601
CHEMBL1908397	EEF1A2	CbGiG	0.02146153191753601
CHEMBL259084	EEF1A2	CbGiG	0.02146153191753601
CHEMBL2386889	EEF1A2	CbGiG	0.02146153191753601
CHEMBL1230609	EEF1A2	CbGiG	0.02146153191753601
CHEMBL1873475	EEF1A2	CbGiG	0.02146153191753601
CHEMBL3218576	EEF1A2	CbGiG	0.02146153191753601
CHEMBL2103875	EEF1A2	CbGiG	0.02146153191753601
CHEMBL2028663	EEF1A2	CbGiG	0.04095472643179361
CHEMBL3186534	EEF1A2	CbGiG	0.02146153191753601
CHEMBL2165191	EEF1A2	CbGiG	0.02146153191753601
CHEMBL3301607	EEF1A2	CbGiG	0.02146153191753601
CHEMBL4289017	EEF1A2	CbGiG	0.02146153191753601
CHEMBL1983268	EEF1A2	CbGiG	0.02146153191753601
CHEMBL3545083	EEF1A2	CbGiG	0.02146153191753601
CHEMBL1801204	EEF1A2	CbGiG	0.02146153191753601
CHEMBL2079588	EEF1A2	CbGiG	0.02146153191753601
CHEMBL575448	EEF1A2	CbGiG	0.02146153191753601
CHEMBL1078178	EEF1A2	CbGiG	0.02146153191753601
CHEMBL180022	EEF1A2	CbGiG	0.02146153191753601
CHEMBL1201182	EEF1A2	CbGiG	0.02146153191753601
CHEMBL1230165	EEF1A2	CbGiG	0.02146153191753601
CHEMBL3128043	EEF1A2	CbGiG	0.02146153191753601
CHEMBL1229517	EEF1A2	CbGiG	0.04095472643179361
CHEMBL495727	EEF1A2	CbGiG	0.02146153191753601
CHEMBL3545215	EEF1A2	CbGiG	0.02146153191753601
CHEMBL1922094	EEF1A2	CbGiG	0.02146153191753601
CHEMBL3991932	EEF1A2	CbGiG	0.02146153191753601
CHEMBL3544960	EEF1A2	CbGiG	0.02146153191753601
CHEMBL1946170	EEF1A2	CbGiG	0.02146153191753601
CHEMBL3544932	EEF1A2	CbGiG	0.02146153191753601
CHEMBL5416410	EEF1A2	CbGiG	0.02146153191753601
CHEMBL1090479	EEF1A2	CbGiG	0.02146153191753601
CHEMBL2103839	EEF1A2	CbGiG	0.02146153191753601
CHEMBL3039513	EEF1A2	CbGiG	0.02146153191753601
CHEMBL3545154	EEF1A2	CbGiG	0.02146153191753601
CHEMBL3218575	EEF1A2	CbGiG	0.02146153191753601
CHEMBL3545360	EEF1A2	CbGiG	0.02146153191753601
CHEMBL1721885	EEF1A2	CbGiG	0.02146153191753601
CHEMBL2105717	EEF1A2	CbGiG	0.02146153191753601
CHEMBL1088752	EEF1A2	CbGiG	0.02146153191753601
CHEMBL477772	EEF1A2	CbGiG	0.02146153191753601
CHEMBL3184679	EEF1A2	CbGiG	0.02146153191753601
CHEMBL3991934	EEF1A2	CbGiG	0.02146153191753601
CHEMBL571948	EEF1A2	CbGiG	0.02146153191753601
CHEMBL428690	EEF1A2	CbGiG	0.02146153191753601
CHEMBL2105759	EEF1A2	CbGiG	0.02146153191753601
CHEMBL1738757	EEF1A2	CbGiG	0.02146153191753601
CHEMBL1614710	EEF1A2	CbGiG	0.02146153191753601
CHEMBL2029988	EEF1A2	CbGiG	0.02146153191753601
CHEMBL3991933	EEF1A2	CbGiG	0.02146153191753601
CHEMBL551064	EEF1A2	CbGiG	0.02146153191753601
CHEMBL1908391	EEF1A2	CbGiG	0.02146153191753601
CHEMBL1615025	EEF1A2	CbGiG	0.02146153191753601
CHEMBL941	EEF1A2	CbGiG	0.02146153191753601
CHEMBL2105728	EEF1A2	CbGiG	0.02146153191753601
CHEMBL2220486	EEF1A2	CbGiG	0.02146153191753601
CHEMBL445813	EEF1A2	CbGiG	0.02146153191753601
CHEMBL939	EEF1A2	CbGiG	0.02146153191753601
CHEMBL283120	EEF1A2	CbGiG	0.02146153191753601
CHEMBL3545157	EEF1A2	CbGiG	0.02146153191753601
CHEMBL3590106	EEF1A2	CbGiG	0.02146153191753601
CHEMBL3218578	EEF1A2	CbGiG	0.02146153191753601
CHEMBL3301610	EEF1A2	CbGiG	0.02146153191753601
CHEMBL253969	EEF1A2	CbGiG	0.02146153191753601
CHEMBL415049	EEF1A2	CbGiG	0.02146153191753601
CHEMBL1738797	EEF1A2	CbGiG	0.02146153191753601
CHEMBL4084193	EEF1A2	CbGiG	0.02146153191753601
CHEMBL3408248	EEF1A2	CbGiG	0.02146153191753601
CHEMBL608533	EEF1A2	CbGiG	0.02146153191753601
CHEMBL31965	EEF1A2	CbGiG	0.02146153191753601
CHEMBL2107832	EEF1A2	CbGiG	0.02146153191753601
CHEMBL14762	EEF1A2	CbGiG	0.02146153191753601
CHEMBL2048872	EEF1A2	CbGiG	0.02146153191753601
CHEMBL2325741	EEF1A2	CbGiG	0.02146153191753601
CHEMBL2376648	EEF1A2	CbGiG	0.02146153191753601
CHEMBL1084546	EEF1A2	CbGiG	0.02146153191753601
CHEMBL3545076	EEF1A2	CbGiG	0.02146153191753601
CHEMBL2103830	EEF1A2	CbGiG	0.02146153191753601
CHEMBL2336325	EEF1A2	CbGiG	0.02146153191753601
CHEMBL1091644	EEF1A2	CbGiG	0.02146153191753601
CHEMBL2035187	EEF1A2	CbGiG	0.02146153191753601
CHEMBL475251	EEF1A2	CbGiG	0.02146153191753601
CHEMBL3188267	EEF1A2	CbGiG	0.02146153191753601
CHEMBL553	EEF1A2	CbGiG	0.02146153191753601
CHEMBL603469	EEF1A2	CbGiG	0.02146153191753601
CHEMBL572881	EEF1A2	CbGiG	0.02146153191753601
CHEMBL2103842	EEF1A2	CbGiG	0.02146153191753601
CHEMBL3989914	EEF1A2	CbGiG	0.02146153191753601
CHEMBL1236962	EEF1A2	CbGiG	0.02146153191753601
CHEMBL1241855	EEF1A2	CbGiG	0.02146153191753601
CHEMBL2103851	EEF1A2	CbGiG	0.02146153191753601
CHEMBL372764	EEF1A2	CbGiG	0.02146153191753601
CHEMBL462018	EEF1A2	CbGiG	0.02146153191753601
CHEMBL377300	EEF1A2	CbGiG	0.02146153191753601
CHEMBL483158	EEF1A2	CbGiG	0.02146153191753601
CHEMBL1094408	EEF1A2	CbGiG	0.02146153191753601
CHEMBL1289926	EEF1A2	CbGiG	0.02146153191753601
CHEMBL215152	EEF1A2	CbGiG	0.02146153191753601
CHEMBL281948	EEF1A2	CbGiG	0.02146153191753601
CHEMBL3264002	EEF1A2	CbGiG	0.02146153191753601
CHEMBL1908394	EEF1A2	CbGiG	0.02146153191753601
CHEMBL24828	EEF1A2	CbGiG	0.02146153191753601
CHEMBL1944698	EEF1A2	CbGiG	0.02146153191753601
CHEMBL3544966	EEF1A2	CbGiG	0.02146153191753601
CHEMBL3991929	EEF1A2	CbGiG	0.02146153191753601
CHEMBL482968	EEF1A2	CbGiG	0.02146153191753601
CHEMBL2138625	EEF1A2	CbGiG	0.02146153191753601
CHEMBL564829	EEF1A2	CbGiG	0.02146153191753601
CHEMBL405130	EEF1A2	CbGiG	0.02146153191753601
CHEMBL2396661	EEF1A2	CbGiG	0.02146153191753601
CHEMBL223360	EEF1A2	CbGiG	0.02146153191753601
CHEMBL488436	EEF1A2	CbGiG	0.02146153191753601
CHEMBL1645462	EEF1A2	CbGiG	0.02146153191753601
CHEMBL460702	EEF1A2	CbGiG	0.02146153191753601
CHEMBL496102	EEF1A2	CbGiG	0.02146153191753601
CHEMBL3545110	EEF1A2	CbGiG	0.02146153191753601
CHEMBL2030402	EEF1A2	CbGiG	0.02146153191753601
CHEMBL558752	EEF1A2	CbGiG	0.04095472643179361
CHEMBL3544964	EEF1A2	CbGiG	0.02146153191753601
CHEMBL1079175	EEF1A2	CbGiG	0.02146153191753601
CHEMBL2041933	EEF1A2	CbGiG	0.02146153191753601
CHEMBL1879463	EEF1A2	CbGiG	0.02146153191753601
CHEMBL3991931	EEF1A2	CbGiG	0.02146153191753601
CHEMBL1088751	EEF1A2	CbGiG	0.02146153191753601
CHEMBL3301612	EEF1A2	CbGiG	0.02146153191753601
CHEMBL502835	EEF1A2	CbGiG	0.02146153191753601
CHEMBL3039517	EEF1A2	CbGiG	0.02146153191753601
CHEMBL2180604	EEF1A2	CbGiG	0.02146153191753601
CHEMBL124660	EEF1A2	CbGiG	0.02146153191753601
CHEMBL1236107	EEF1A2	CbGiG	0.02146153191753601
CHEMBL400402	EEF1A2	CbGiG	0.02146153191753601
CHEMBL2017974	EEF1A2	CbGiG	0.02146153191753601
CHEMBL483321	EEF1A2	CbGiG	0.02146153191753601
CHEMBL2216870	EEF1A2	CbGiG	0.02146153191753601
CHEMBL1336	EEF1A2	CbGiG	0.02146153191753601
CHEMBL3907479	EEF1A2	CbGiG	0.02146153191753601
CHEMBL1976040	EEF1A2	CbGiG	0.02146153191753601
CHEMBL3544983	EEF1A2	CbGiG	0.02146153191753601
CHEMBL3699142	EEF1A2	CbGiG	0.02146153191753601
CHEMBL3137331	EEF1A2	CbGiG	0.02146153191753601
CHEMBL574737	EEF1A2	CbGiG	0.02146153191753601
CHEMBL1614766	EEF1A2	CbGiG	0.02146153191753601
CHEMBL1952329	EEF1A2	CbGiG	0.02146153191753601
CHEMBL1908360	EEF1A2	CbGiG	0.02146153191753601
CHEMBL101253	EEF1A2	CbGiG	0.02146153191753601
CHEMBL2219422	EEF1A2	CbGiG	0.02146153191753601
CHEMBL3120215	EEF1A2	CbGiG	0.02146153191753601
CHEMBL3991935	EEF1A2	CbGiG	0.02146153191753601
CHEMBL2103882	EEF1A2	CbGiG	0.02146153191753601
CHEMBL206834	EEF1A2	CbGiG	0.02146153191753601
CHEMBL3426621	EEF1A2	CbGiG	0.02146153191753601
CHEMBL2403108	EEF1A2	CbGiG	0.02146153191753601
CHEMBL1234354	EEF1A2	CbGiG	0.02146153191753601
CHEMBL217092	EEF1A2	CbGiG	0.02146153191753601
CHEMBL1090090	EEF1A2	CbGiG	0.02146153191753601
CHEMBL3039525	EEF1A2	CbGiG	0.02146153191753601
CHEMBL189963	EEF1A2	CbGiG	0.02146153191753601
CHEMBL1233300	EEF1A2	CbGiG	0.02146153191753601
CHEMBL402548	EEF1A2	CbGiG	0.02146153191753601
CHEMBL3813873	EEF1A2	CbGiG	0.02146153191753601
CHEMBL3545366	EEF1A2	CbGiG	0.02146153191753601
CHEMBL3545307	EEF1A2	CbGiG	0.02146153191753601
CHEMBL1171837	EEF1A2	CbGiG	0.02146153191753601
CHEMBL3991927	EEF1A2	CbGiG	0.02146153191753601
CHEMBL2087361	EEF1A2	CbGiG	0.02146153191753601
CHEMBL274654	EEF1A2	CbGiG	0.02146153191753601
CHEMBL565612	EEF1A2	CbGiG	0.02146153191753601
CHEMBL3109738	EEF1A2	CbGiG	0.02146153191753601
CHEMBL1950289	EEF1A2	CbGiG	0.02146153191753601
CHEMBL1231124	EEF1A2	CbGiG	0.02146153191753601
CHEMBL3188551	EEF1A2	CbGiG	0.02146153191753601
CHEMBL3545396	EEF1A2	CbGiG	0.02146153191753601
CHEMBL1667969	EEF1A2	CbGiG	0.02146153191753601
CHEMBL38380	EEF1A2	CbGiG	0.02146153191753601
CHEMBL514201	EEF1A2	CbGiG	0.02146153191753601
CHEMBL1287853	EEF1A2	CbGiG	0.02146153191753601
CHEMBL1289494	EEF1A2	CbGiG	0.02146153191753601
CHEMBL521851	EEF1A2	CbGiG	0.02146153191753601
CHEMBL2364611	EEF1A2	CbGiG	0.02146153191753601
CHEMBL1230607	EEF1A2	CbGiG	0.02146153191753601
CHEMBL2323775	EEF1A2	CbGiG	0.02146153191753601
CHEMBL221959	EEF1A2	CbGiG	0.02146153191753601
CHEMBL3545308	EEF1A2	CbGiG	0.02146153191753601
CHEMBL2001019	EEF1A2	CbGiG	0.02146153191753601
CHEMBL535	EEF1A2	CbGiG	0.02146153191753601
CHEMBL91829	EEF1A2	CbGiG	0.02146153191753601
CHEMBL513909	EEF1A2	CbGiG	0.02146153191753601
CHEMBL3990456	EEF1A2	CbGiG	0.02146153191753601
CHEMBL2133806	EEF1A2	CbGiG	0.02146153191753601
CHEMBL1789941	EEF1A2	CbGiG	0.02146153191753601
CHEMBL554	EEF1A2	CbGiG	0.02146153191753601
CHEMBL3187723	EEF1A2	CbGiG	0.02146153191753601
CHEMBL1614701	EEF1A2	CbGiG	0.02146153191753601
CHEMBL1822792	EEF1A2	CbGiG	0.02146153191753601
CHEMBL2146883	EEF1A2	CbGiG	0.02146153191753601
CHEMBL2140408	EEF1A2	CbGiG	0.02146153191753601
CHEMBL411907	EEF1A2	CbGiG	0.02146153191753601
CHEMBL384304	EEF1A2	CbGiG	0.02146153191753601
CHEMBL2103840	EEF1A2	CbGiG	0.04095472643179361
CHEMBL230011	EEF1A2	CbGiG	0.02146153191753601
CHEMBL4294164	EEF1A2	CbGiG	0.17175995186626594
CHEMBL5653589	EEF1A2	CbGiG	0.2696201266655465
CHEMBL3752910	EEF1A2	CbGiG	0.07101506901544208
CHEMBL1232461	EEF1A2	CbGiG	0.10686545719372181
CHEMBL1221911	EEF1A2	CbGiG	0.04044367078689182
CHEMBL123292	EEF1A2	CbGiG	0.05534049760783539
CHEMBL2303630	EEF1A2	CbGiG	0.04044367078689182
CHEMBL1802814	EEF1A2	CbGiG	0.030650570911092277
CHEMBL1802815	EEF1A2	CbGiG	0.030650570911092277
CHEMBL1802973	EEF1A2	CbGiG	0.030650570911092277
CHEMBL3799977	EEF1A2	CbGiG	0.04044367078689182
CHEMBL4066032	EEF1A2	CbGiG	0.04044367078689182
CHEMBL4095101	EEF1A2	CbGiG	0.04044367078689182
CHEMBL4097524	EEF1A2	CbGiG	0.04044367078689182
CHEMBL4070348	EEF1A2	CbGiG	0.04044367078689182
CHEMBL4094319	EEF1A2	CbGiG	0.04044367078689182
CHEMBL4072881	EEF1A2	CbGiG	0.04044367078689182
CHEMBL4067648	EEF1A2	CbGiG	0.04044367078689182
CHEMBL4088864	EEF1A2	CbGiG	0.04044367078689182
CHEMBL4105227	EEF1A2	CbGiG	0.04044367078689182
CHEMBL514569	EEF1A2	CbGiG	0.04044367078689182
CHEMBL4062193	EEF1A2	CbGiG	0.14734231924041574
CHEMBL4101680	EEF1A2	CbGiG	0.14734231924041574
CHEMBL4093377	EEF1A2	CbGiG	0.14734231924041574
CHEMBL4129274	EEF1A2	CbGiG	0.16847431845990327
CHEMBL50	EEF1A2	CbGiG	0.03257855359275541
CHEMBL557848	EEF1A2	CbGiG	0.03257855359275541
CHEMBL549777	EEF1A2	CbGiG	0.03257855359275541
CHEMBL564153	EEF1A2	CbGiG	0.03257855359275541
CHEMBL549776	EEF1A2	CbGiG	0.03257855359275541
CHEMBL559728	EEF1A2	CbGiG	0.03257855359275541
CHEMBL554519	EEF1A2	CbGiG	0.03257855359275541
CHEMBL551320	EEF1A2	CbGiG	0.03257855359275541
CHEMBL562911	EEF1A2	CbGiG	0.03257855359275541
CHEMBL559530	EEF1A2	CbGiG	0.03257855359275541
CHEMBL569598	EEF1A2	CbGiG	0.03257855359275541
CHEMBL551057	EEF1A2	CbGiG	0.03257855359275541
CHEMBL551056	EEF1A2	CbGiG	0.03257855359275541
CHEMBL561378	EEF1A2	CbGiG	0.03257855359275541
CHEMBL562322	EEF1A2	CbGiG	0.03257855359275541
CHEMBL564420	EEF1A2	CbGiG	0.03257855359275541
CHEMBL550653	EEF1A2	CbGiG	0.03257855359275541
CHEMBL564701	EEF1A2	CbGiG	0.03257855359275541
CHEMBL569836	EEF1A2	CbGiG	0.03257855359275541
CHEMBL550509	EEF1A2	CbGiG	0.03257855359275541
CHEMBL551996	EEF1A2	CbGiG	0.03257855359275541
CHEMBL570768	EEF1A2	CbGiG	0.03257855359275541
CHEMBL561059	EEF1A2	CbGiG	0.03257855359275541
CHEMBL559343	EEF1A2	CbGiG	0.03257855359275541
CHEMBL564532	EEF1A2	CbGiG	0.03257855359275541
CHEMBL560380	EEF1A2	CbGiG	0.03257855359275541
CHEMBL561724	EEF1A2	CbGiG	0.03257855359275541
CHEMBL2021570	EEF1A2	CbGiG	0.03257855359275541
CHEMBL2021569	EEF1A2	CbGiG	0.03257855359275541
CHEMBL549495	EEF1A2	CbGiG	0.03257855359275541
CHEMBL554525	EEF1A2	CbGiG	0.03257855359275541
CHEMBL558309	EEF1A2	CbGiG	0.03257855359275541
CHEMBL549427	EEF1A2	CbGiG	0.03257855359275541
CHEMBL560657	EEF1A2	CbGiG	0.03257855359275541
CHEMBL552321	EEF1A2	CbGiG	0.03257855359275541
CHEMBL552320	EEF1A2	CbGiG	0.03257855359275541
CHEMBL557917	EEF1A2	CbGiG	0.03257855359275541
CHEMBL561119	EEF1A2	CbGiG	0.03257855359275541
CHEMBL570771	EEF1A2	CbGiG	0.03257855359275541
CHEMBL557507	EEF1A2	CbGiG	0.03257855359275541
CHEMBL550790	EEF1A2	CbGiG	0.03257855359275541
CHEMBL552259	EEF1A2	CbGiG	0.03257855359275541
CHEMBL550179	EEF1A2	CbGiG	0.03257855359275541
CHEMBL551918	EEF1A2	CbGiG	0.03257855359275541
CHEMBL549837	EEF1A2	CbGiG	0.03257855359275541
CHEMBL560858	EEF1A2	CbGiG	0.03257855359275541
CHEMBL551995	EEF1A2	CbGiG	0.03257855359275541
CHEMBL555689	EEF1A2	CbGiG	0.03257855359275541
CHEMBL570772	EEF1A2	CbGiG	0.03257855359275541
CHEMBL558247	EEF1A2	CbGiG	0.03257855359275541
CHEMBL556491	EEF1A2	CbGiG	0.03257855359275541
CHEMBL559594	EEF1A2	CbGiG	0.03257855359275541
CHEMBL564799	EEF1A2	CbGiG	0.03257855359275541
CHEMBL561125	EEF1A2	CbGiG	0.03257855359275541
CHEMBL559595	EEF1A2	CbGiG	0.03257855359275541
CHEMBL553924	EEF1A2	CbGiG	0.03257855359275541
CHEMBL562794	EEF1A2	CbGiG	0.03257855359275541
CHEMBL541255	EEF1A2	CbGiG	0.03257855359275541
CHEMBL550516	EEF1A2	CbGiG	0.03257855359275541
CHEMBL551602	EEF1A2	CbGiG	0.03257855359275541
CHEMBL551807	EEF1A2	CbGiG	0.03257855359275541
CHEMBL560663	EEF1A2	CbGiG	0.03257855359275541
CHEMBL550249	EEF1A2	CbGiG	0.03257855359275541
CHEMBL557716	EEF1A2	CbGiG	0.03257855359275541
CHEMBL558033	EEF1A2	CbGiG	0.03257855359275541
CHEMBL564316	EEF1A2	CbGiG	0.03257855359275541
CHEMBL559039	EEF1A2	CbGiG	0.03257855359275541
CHEMBL550251	EEF1A2	CbGiG	0.03257855359275541
CHEMBL565134	EEF1A2	CbGiG	0.03257855359275541
CHEMBL563049	EEF1A2	CbGiG	0.03257855359275541
CHEMBL570073	EEF1A2	CbGiG	0.03257855359275541
CHEMBL561266	EEF1A2	CbGiG	0.03257855359275541
CHEMBL301982	EEF1A2	CbGiG	0.03257855359275541
CHEMBL561265	EEF1A2	CbGiG	0.03257855359275541
CHEMBL3286745	EEF1A2	CbGiG	0.03257855359275541
CHEMBL1240927	EEF1A2	CbGiG	0.03257855359275541
CHEMBL3609826	EEF1A2	CbGiG	0.03257855359275541
CHEMBL3608911	EEF1A2	CbGiG	0.03257855359275541
CHEMBL463763	EEF1A2	CbGiG	0.03257855359275541
CHEMBL3937369	EEF1A2	CbGiG	0.03257855359275541
CHEMBL3975567	EEF1A2	CbGiG	0.03257855359275541
CHEMBL3946252	EEF1A2	CbGiG	0.03257855359275541
CHEMBL3947240	EEF1A2	CbGiG	0.03257855359275541
CHEMBL3919459	EEF1A2	CbGiG	0.03257855359275541
CHEMBL3955977	EEF1A2	CbGiG	0.03257855359275541
CHEMBL3928361	EEF1A2	CbGiG	0.03257855359275541
CHEMBL3900925	EEF1A2	CbGiG	0.03257855359275541
CHEMBL3972065	EEF1A2	CbGiG	0.03257855359275541
CHEMBL3953713	EEF1A2	CbGiG	0.03257855359275541
CHEMBL3901185	EEF1A2	CbGiG	0.03257855359275541
CHEMBL3944589	EEF1A2	CbGiG	0.03257855359275541
CHEMBL3916672	EEF1A2	CbGiG	0.03257855359275541
CHEMBL3964729	EEF1A2	CbGiG	0.03257855359275541
CHEMBL3911352	EEF1A2	CbGiG	0.03257855359275541
CHEMBL3936187	EEF1A2	CbGiG	0.03257855359275541
CHEMBL3957716	EEF1A2	CbGiG	0.03257855359275541
CHEMBL3891011	EEF1A2	CbGiG	0.03257855359275541
CHEMBL3969412	EEF1A2	CbGiG	0.03257855359275541
CHEMBL3922414	EEF1A2	CbGiG	0.03257855359275541
CHEMBL3973213	EEF1A2	CbGiG	0.03257855359275541
CHEMBL3983798	EEF1A2	CbGiG	0.03257855359275541
CHEMBL3919811	EEF1A2	CbGiG	0.03257855359275541
CHEMBL3923966	EEF1A2	CbGiG	0.03257855359275541
CHEMBL3905315	EEF1A2	CbGiG	0.03257855359275541
CHEMBL3967087	EEF1A2	CbGiG	0.03257855359275541
CHEMBL4070633	EEF1A2	CbGiG	0.03257855359275541
CHEMBL4087666	EEF1A2	CbGiG	0.03257855359275541
CHEMBL4082534	EEF1A2	CbGiG	0.03257855359275541
CHEMBL4066791	EEF1A2	CbGiG	0.03257855359275541
CHEMBL4077078	EEF1A2	CbGiG	0.03257855359275541
CHEMBL4099031	EEF1A2	CbGiG	0.03257855359275541
CHEMBL4063438	EEF1A2	CbGiG	0.03257855359275541
CHEMBL4091297	EEF1A2	CbGiG	0.03257855359275541
CHEMBL4081256	EEF1A2	CbGiG	0.03257855359275541
CHEMBL4077611	EEF1A2	CbGiG	0.03257855359275541
CHEMBL4063608	EEF1A2	CbGiG	0.03257855359275541
CHEMBL4063330	EEF1A2	CbGiG	0.03257855359275541
CHEMBL4069552	EEF1A2	CbGiG	0.03257855359275541
CHEMBL4096048	EEF1A2	CbGiG	0.03257855359275541
CHEMBL3125890	EEF1A2	CbGiG	0.03257855359275541
CHEMBL2144069	EEF1A2	CbGiG	0.03257855359275541
CHEMBL525191	EEF1A2	CbGiG	0.03257855359275541
CHEMBL4070302	EEF1A2	CbGiG	0.03257855359275541
CHEMBL4091953	EEF1A2	CbGiG	0.03257855359275541
CHEMBL4102297	EEF1A2	CbGiG	0.03257855359275541
CHEMBL186526	EEF1A2	CbGiG	0.03257855359275541
CHEMBL4101619	EEF1A2	CbGiG	0.03257855359275541
CHEMBL4083615	EEF1A2	CbGiG	0.03257855359275541
CHEMBL4076337	EEF1A2	CbGiG	0.03257855359275541
CHEMBL4066800	EEF1A2	CbGiG	0.03257855359275541
CHEMBL4066949	EEF1A2	CbGiG	0.03257855359275541
CHEMBL4071793	EEF1A2	CbGiG	0.03257855359275541
CHEMBL4076144	EEF1A2	CbGiG	0.03257855359275541
CHEMBL4072087	EEF1A2	CbGiG	0.03257855359275541
CHEMBL4098083	EEF1A2	CbGiG	0.03257855359275541
CHEMBL4090359	EEF1A2	CbGiG	0.03257855359275541
CHEMBL4100535	EEF1A2	CbGiG	0.03257855359275541
CHEMBL4094691	EEF1A2	CbGiG	0.03257855359275541
CHEMBL188678	EEF1A2	CbGiG	0.03257855359275541
CHEMBL242529	EEF1A2	CbGiG	0.03257855359275541
CHEMBL501870	EEF1A2	CbGiG	0.03257855359275541
CHEMBL4207280	EEF1A2	CbGiG	0.03257855359275541
CHEMBL4207816	EEF1A2	CbGiG	0.03257855359275541
CHEMBL4288307	EEF1A2	CbGiG	0.03257855359275541
CHEMBL4280406	EEF1A2	CbGiG	0.03257855359275541
CHEMBL4283002	EEF1A2	CbGiG	0.03257855359275541
CHEMBL4293586	EEF1A2	CbGiG	0.03257855359275541
CHEMBL4288525	EEF1A2	CbGiG	0.03257855359275541
CHEMBL4277867	EEF1A2	CbGiG	0.03257855359275541
CHEMBL4285168	EEF1A2	CbGiG	0.03257855359275541
CHEMBL4293003	EEF1A2	CbGiG	0.03257855359275541
CHEMBL4276798	EEF1A2	CbGiG	0.03257855359275541
CHEMBL4284740	EEF1A2	CbGiG	0.03257855359275541
CHEMBL4291948	EEF1A2	CbGiG	0.03257855359275541
CHEMBL4281330	EEF1A2	CbGiG	0.03257855359275541
CHEMBL4293406	EEF1A2	CbGiG	0.03257855359275541
CHEMBL4282794	EEF1A2	CbGiG	0.03257855359275541
CHEMBL4514442	EEF1A2	CbGiG	0.03257855359275541
CHEMBL438605	EEF1A2	CbGiG	0.03257855359275541
CHEMBL4877620	EEF1A2	CbGiG	0.03257855359275541
CHEMBL4848310	EEF1A2	CbGiG	0.03257855359275541
CHEMBL4846644	EEF1A2	CbGiG	0.03257855359275541
CHEMBL4876187	EEF1A2	CbGiG	0.03257855359275541
CHEMBL5200595	EEF1A2	CbGiG	0.03257855359275541
CHEMBL520014	EEF1A2	CbGiG	0.03257855359275541
CHEMBL278315	EEF1A2	CbGiG	0.03257855359275541
CHEMBL5398773	EEF1A2	CbGiG	0.03257855359275541
CHEMBL5441131	EEF1A2	CbGiG	0.03257855359275541
CHEMBL5402290	EEF1A2	CbGiG	0.03257855359275541
CHEMBL2028663	EEF1A1	CbGpBP	0.004423526922264869
CHEMBL1229517	EEF1A1	CbGpBP	0.004423526922264869
CHEMBL558752	EEF1A1	CbGpBP	0.004423526922264869
CHEMBL2103840	EEF1A1	CbGpBP	0.004423526922264869
CHEMBL4294164	EEF1A1	CbGpBP	0.24244210955620293
CHEMBL5653589	EEF1A1	CbGpBP	0.2167698136717142
CHEMBL3752910	EEF1A1	CbGpBP	0.15689074547433476
CHEMBL1232461	EEF1A1	CbGpBP	0.21830500886898616
CHEMBL1221911	EEF1A1	CbGpBP	0.24749169699620133
CHEMBL123292	EEF1A1	CbGpBP	0.19198715952772188
CHEMBL2303630	EEF1A1	CbGpBP	0.24749169699620133
CHEMBL1802814	EEF1A1	CbGpBP	0.314507720951957
CHEMBL1802815	EEF1A1	CbGpBP	0.314507720951957
CHEMBL1802973	EEF1A1	CbGpBP	0.314507720951957
CHEMBL3799977	EEF1A1	CbGpBP	0.24749169699620133
CHEMBL4066032	EEF1A1	CbGpBP	0.24749169699620133
CHEMBL4095101	EEF1A1	CbGpBP	0.24749169699620133
CHEMBL4097524	EEF1A1	CbGpBP	0.24749169699620133
CHEMBL4070348	EEF1A1	CbGpBP	0.24749169699620133
CHEMBL4094319	EEF1A1	CbGpBP	0.24749169699620133
CHEMBL4072881	EEF1A1	CbGpBP	0.24749169699620133
CHEMBL4067648	EEF1A1	CbGpBP	0.24749169699620133
CHEMBL4088864	EEF1A1	CbGpBP	0.24749169699620133
CHEMBL4105227	EEF1A1	CbGpBP	0.24749169699620133
CHEMBL514569	EEF1A1	CbGpBP	0.24749169699620133
CHEMBL4129274	EEF1A1	CbGpBP	0.040658513648897804
CHEMBL50	EEF1A1	CbGpBP	0.005836878767445368
CHEMBL557848	EEF1A1	CbGpBP	0.005836878767445368
CHEMBL549777	EEF1A1	CbGpBP	0.005836878767445368
CHEMBL564153	EEF1A1	CbGpBP	0.005836878767445368
CHEMBL549776	EEF1A1	CbGpBP	0.005836878767445368
CHEMBL559728	EEF1A1	CbGpBP	0.005836878767445368
CHEMBL554519	EEF1A1	CbGpBP	0.005836878767445368
CHEMBL551320	EEF1A1	CbGpBP	0.005836878767445368
CHEMBL562911	EEF1A1	CbGpBP	0.005836878767445368
CHEMBL559530	EEF1A1	CbGpBP	0.005836878767445368
CHEMBL569598	EEF1A1	CbGpBP	0.005836878767445368
CHEMBL551057	EEF1A1	CbGpBP	0.005836878767445368
CHEMBL551056	EEF1A1	CbGpBP	0.005836878767445368
CHEMBL561378	EEF1A1	CbGpBP	0.005836878767445368
CHEMBL562322	EEF1A1	CbGpBP	0.005836878767445368
CHEMBL564420	EEF1A1	CbGpBP	0.005836878767445368
CHEMBL550653	EEF1A1	CbGpBP	0.005836878767445368
CHEMBL564701	EEF1A1	CbGpBP	0.005836878767445368
CHEMBL569836	EEF1A1	CbGpBP	0.005836878767445368
CHEMBL550509	EEF1A1	CbGpBP	0.005836878767445368
CHEMBL551996	EEF1A1	CbGpBP	0.005836878767445368
CHEMBL570768	EEF1A1	CbGpBP	0.005836878767445368
CHEMBL561059	EEF1A1	CbGpBP	0.005836878767445368
CHEMBL559343	EEF1A1	CbGpBP	0.005836878767445368
CHEMBL564532	EEF1A1	CbGpBP	0.005836878767445368
CHEMBL560380	EEF1A1	CbGpBP	0.005836878767445368
CHEMBL561724	EEF1A1	CbGpBP	0.005836878767445368
CHEMBL2021570	EEF1A1	CbGpBP	0.005836878767445368
CHEMBL2021569	EEF1A1	CbGpBP	0.005836878767445368
CHEMBL549495	EEF1A1	CbGpBP	0.005836878767445368
CHEMBL554525	EEF1A1	CbGpBP	0.005836878767445368
CHEMBL558309	EEF1A1	CbGpBP	0.005836878767445368
CHEMBL549427	EEF1A1	CbGpBP	0.005836878767445368
CHEMBL560657	EEF1A1	CbGpBP	0.005836878767445368
CHEMBL552321	EEF1A1	CbGpBP	0.005836878767445368
CHEMBL552320	EEF1A1	CbGpBP	0.005836878767445368
CHEMBL557917	EEF1A1	CbGpBP	0.005836878767445368
CHEMBL561119	EEF1A1	CbGpBP	0.005836878767445368
CHEMBL570771	EEF1A1	CbGpBP	0.005836878767445368
CHEMBL557507	EEF1A1	CbGpBP	0.005836878767445368
CHEMBL550790	EEF1A1	CbGpBP	0.005836878767445368
CHEMBL552259	EEF1A1	CbGpBP	0.005836878767445368
CHEMBL550179	EEF1A1	CbGpBP	0.005836878767445368
CHEMBL551918	EEF1A1	CbGpBP	0.005836878767445368
CHEMBL549837	EEF1A1	CbGpBP	0.005836878767445368
CHEMBL560858	EEF1A1	CbGpBP	0.005836878767445368
CHEMBL551995	EEF1A1	CbGpBP	0.005836878767445368
CHEMBL555689	EEF1A1	CbGpBP	0.005836878767445368
CHEMBL570772	EEF1A1	CbGpBP	0.005836878767445368
CHEMBL558247	EEF1A1	CbGpBP	0.005836878767445368
CHEMBL556491	EEF1A1	CbGpBP	0.005836878767445368
CHEMBL559594	EEF1A1	CbGpBP	0.005836878767445368
CHEMBL564799	EEF1A1	CbGpBP	0.005836878767445368
CHEMBL561125	EEF1A1	CbGpBP	0.005836878767445368
CHEMBL559595	EEF1A1	CbGpBP	0.005836878767445368
CHEMBL553924	EEF1A1	CbGpBP	0.005836878767445368
CHEMBL562794	EEF1A1	CbGpBP	0.005836878767445368
CHEMBL541255	EEF1A1	CbGpBP	0.005836878767445368
CHEMBL550516	EEF1A1	CbGpBP	0.005836878767445368
CHEMBL551602	EEF1A1	CbGpBP	0.005836878767445368
CHEMBL551807	EEF1A1	CbGpBP	0.005836878767445368
CHEMBL560663	EEF1A1	CbGpBP	0.005836878767445368
CHEMBL550249	EEF1A1	CbGpBP	0.005836878767445368
CHEMBL557716	EEF1A1	CbGpBP	0.005836878767445368
CHEMBL558033	EEF1A1	CbGpBP	0.005836878767445368
CHEMBL564316	EEF1A1	CbGpBP	0.005836878767445368
CHEMBL559039	EEF1A1	CbGpBP	0.005836878767445368
CHEMBL550251	EEF1A1	CbGpBP	0.005836878767445368
CHEMBL565134	EEF1A1	CbGpBP	0.005836878767445368
CHEMBL563049	EEF1A1	CbGpBP	0.005836878767445368
CHEMBL570073	EEF1A1	CbGpBP	0.005836878767445368
CHEMBL561266	EEF1A1	CbGpBP	0.005836878767445368
CHEMBL301982	EEF1A1	CbGpBP	0.005836878767445368
CHEMBL561265	EEF1A1	CbGpBP	0.005836878767445368
CHEMBL3286745	EEF1A1	CbGpBP	0.005836878767445368
CHEMBL1240927	EEF1A1	CbGpBP	0.005836878767445368
CHEMBL3609826	EEF1A1	CbGpBP	0.005836878767445368
CHEMBL3608911	EEF1A1	CbGpBP	0.005836878767445368
CHEMBL463763	EEF1A1	CbGpBP	0.005836878767445368
CHEMBL3937369	EEF1A1	CbGpBP	0.005836878767445368
CHEMBL3975567	EEF1A1	CbGpBP	0.005836878767445368
CHEMBL3946252	EEF1A1	CbGpBP	0.005836878767445368
CHEMBL3947240	EEF1A1	CbGpBP	0.005836878767445368
CHEMBL3919459	EEF1A1	CbGpBP	0.005836878767445368
CHEMBL3955977	EEF1A1	CbGpBP	0.005836878767445368
CHEMBL3928361	EEF1A1	CbGpBP	0.005836878767445368
CHEMBL3900925	EEF1A1	CbGpBP	0.005836878767445368
CHEMBL3972065	EEF1A1	CbGpBP	0.005836878767445368
CHEMBL3953713	EEF1A1	CbGpBP	0.005836878767445368
CHEMBL3901185	EEF1A1	CbGpBP	0.005836878767445368
CHEMBL3944589	EEF1A1	CbGpBP	0.005836878767445368
CHEMBL3916672	EEF1A1	CbGpBP	0.005836878767445368
CHEMBL3964729	EEF1A1	CbGpBP	0.005836878767445368
CHEMBL3911352	EEF1A1	CbGpBP	0.005836878767445368
CHEMBL3936187	EEF1A1	CbGpBP	0.005836878767445368
CHEMBL3957716	EEF1A1	CbGpBP	0.005836878767445368
CHEMBL3891011	EEF1A1	CbGpBP	0.005836878767445368
CHEMBL3969412	EEF1A1	CbGpBP	0.005836878767445368
CHEMBL3922414	EEF1A1	CbGpBP	0.005836878767445368
CHEMBL3973213	EEF1A1	CbGpBP	0.005836878767445368
CHEMBL3983798	EEF1A1	CbGpBP	0.005836878767445368
CHEMBL3919811	EEF1A1	CbGpBP	0.005836878767445368
CHEMBL3923966	EEF1A1	CbGpBP	0.005836878767445368
CHEMBL3905315	EEF1A1	CbGpBP	0.005836878767445368
CHEMBL3967087	EEF1A1	CbGpBP	0.005836878767445368
CHEMBL4070633	EEF1A1	CbGpBP	0.005836878767445368
CHEMBL4087666	EEF1A1	CbGpBP	0.005836878767445368
CHEMBL4082534	EEF1A1	CbGpBP	0.005836878767445368
CHEMBL4066791	EEF1A1	CbGpBP	0.005836878767445368
CHEMBL4077078	EEF1A1	CbGpBP	0.005836878767445368
CHEMBL4099031	EEF1A1	CbGpBP	0.005836878767445368
CHEMBL4063438	EEF1A1	CbGpBP	0.005836878767445368
CHEMBL4091297	EEF1A1	CbGpBP	0.005836878767445368
CHEMBL4081256	EEF1A1	CbGpBP	0.005836878767445368
CHEMBL4077611	EEF1A1	CbGpBP	0.005836878767445368
CHEMBL4063608	EEF1A1	CbGpBP	0.005836878767445368
CHEMBL4063330	EEF1A1	CbGpBP	0.005836878767445368
CHEMBL4069552	EEF1A1	CbGpBP	0.005836878767445368
CHEMBL4096048	EEF1A1	CbGpBP	0.005836878767445368
CHEMBL3125890	EEF1A1	CbGpBP	0.005836878767445368
CHEMBL2144069	EEF1A1	CbGpBP	0.005836878767445368
CHEMBL525191	EEF1A1	CbGpBP	0.005836878767445368
CHEMBL4070302	EEF1A1	CbGpBP	0.005836878767445368
CHEMBL4091953	EEF1A1	CbGpBP	0.005836878767445368
CHEMBL4102297	EEF1A1	CbGpBP	0.005836878767445368
CHEMBL186526	EEF1A1	CbGpBP	0.005836878767445368
CHEMBL4101619	EEF1A1	CbGpBP	0.005836878767445368
CHEMBL4083615	EEF1A1	CbGpBP	0.005836878767445368
CHEMBL4076337	EEF1A1	CbGpBP	0.005836878767445368
CHEMBL4066800	EEF1A1	CbGpBP	0.005836878767445368
CHEMBL4066949	EEF1A1	CbGpBP	0.005836878767445368
CHEMBL4071793	EEF1A1	CbGpBP	0.005836878767445368
CHEMBL4076144	EEF1A1	CbGpBP	0.005836878767445368
CHEMBL4072087	EEF1A1	CbGpBP	0.005836878767445368
CHEMBL4098083	EEF1A1	CbGpBP	0.005836878767445368
CHEMBL4090359	EEF1A1	CbGpBP	0.005836878767445368
CHEMBL4100535	EEF1A1	CbGpBP	0.005836878767445368
CHEMBL4094691	EEF1A1	CbGpBP	0.005836878767445368
CHEMBL188678	EEF1A1	CbGpBP	0.005836878767445368
CHEMBL242529	EEF1A1	CbGpBP	0.005836878767445368
CHEMBL501870	EEF1A1	CbGpBP	0.005836878767445368
CHEMBL4207280	EEF1A1	CbGpBP	0.005836878767445368
CHEMBL4207816	EEF1A1	CbGpBP	0.005836878767445368
CHEMBL4288307	EEF1A1	CbGpBP	0.005836878767445368
CHEMBL4280406	EEF1A1	CbGpBP	0.005836878767445368
CHEMBL4283002	EEF1A1	CbGpBP	0.005836878767445368
CHEMBL4293586	EEF1A1	CbGpBP	0.005836878767445368
CHEMBL4288525	EEF1A1	CbGpBP	0.005836878767445368
CHEMBL4277867	EEF1A1	CbGpBP	0.005836878767445368
CHEMBL4285168	EEF1A1	CbGpBP	0.005836878767445368
CHEMBL4293003	EEF1A1	CbGpBP	0.005836878767445368
CHEMBL4276798	EEF1A1	CbGpBP	0.005836878767445368
CHEMBL4284740	EEF1A1	CbGpBP	0.005836878767445368
CHEMBL4291948	EEF1A1	CbGpBP	0.005836878767445368
CHEMBL4281330	EEF1A1	CbGpBP	0.005836878767445368
CHEMBL4293406	EEF1A1	CbGpBP	0.005836878767445368
CHEMBL4282794	EEF1A1	CbGpBP	0.005836878767445368
CHEMBL4514442	EEF1A1	CbGpBP	0.005836878767445368
CHEMBL438605	EEF1A1	CbGpBP	0.005836878767445368
CHEMBL4877620	EEF1A1	CbGpBP	0.005836878767445368
CHEMBL4848310	EEF1A1	CbGpBP	0.005836878767445368
CHEMBL4846644	EEF1A1	CbGpBP	0.005836878767445368
CHEMBL4876187	EEF1A1	CbGpBP	0.005836878767445368
CHEMBL5200595	EEF1A1	CbGpBP	0.005836878767445368
CHEMBL520014	EEF1A1	CbGpBP	0.005836878767445368
CHEMBL278315	EEF1A1	CbGpBP	0.005836878767445368
CHEMBL5398773	EEF1A1	CbGpBP	0.005836878767445368
CHEMBL5441131	EEF1A1	CbGpBP	0.005836878767445368
CHEMBL5402290	EEF1A1	CbGpBP	0.005836878767445368
CHEMBL4294164	EEF1A2	CbGpBP	0.15149446822797508
CHEMBL5653589	EEF1A2	CbGpBP	0.29172625784139206
CHEMBL3752910	EEF1A2	CbGpBP	0.14994712201401167
CHEMBL1232461	EEF1A2	CbGpBP	0.11605344879849928
CHEMBL1221911	EEF1A2	CbGpBP	0.08981461972991898
CHEMBL123292	EEF1A2	CbGpBP	0.06806675351973493
CHEMBL2303630	EEF1A2	CbGpBP	0.08981461972991898
CHEMBL1802814	EEF1A2	CbGpBP	0.36095032723220183
CHEMBL1802815	EEF1A2	CbGpBP	0.36095032723220183
CHEMBL1802973	EEF1A2	CbGpBP	0.36095032723220183
CHEMBL3799977	EEF1A2	CbGpBP	0.08981461972991898
CHEMBL4066032	EEF1A2	CbGpBP	0.08981461972991898
CHEMBL4095101	EEF1A2	CbGpBP	0.08981461972991898
CHEMBL4097524	EEF1A2	CbGpBP	0.08981461972991898
CHEMBL4070348	EEF1A2	CbGpBP	0.08981461972991898
CHEMBL4094319	EEF1A2	CbGpBP	0.08981461972991898
CHEMBL4072881	EEF1A2	CbGpBP	0.08981461972991898
CHEMBL4067648	EEF1A2	CbGpBP	0.08981461972991898
CHEMBL4088864	EEF1A2	CbGpBP	0.08981461972991898
CHEMBL4105227	EEF1A2	CbGpBP	0.08981461972991898
CHEMBL514569	EEF1A2	CbGpBP	0.08981461972991898
CHEMBL4129274	EEF1A2	CbGpBP	0.04781762498950183
CHEMBL2110732	EEF1A1	CbGpMF	0.01624923409370839
CHEMBL3353410	EEF1A1	CbGpMF	0.01624923409370839
CHEMBL3545085	EEF1A1	CbGpMF	0.01624923409370839
CHEMBL571546	EEF1A1	CbGpMF	0.01624923409370839
CHEMBL494089	EEF1A1	CbGpMF	0.01624923409370839
CHEMBL572878	EEF1A1	CbGpMF	0.01624923409370839
CHEMBL1614713	EEF1A1	CbGpMF	0.01624923409370839
CHEMBL3301622	EEF1A1	CbGpMF	0.01624923409370839
CHEMBL1614725	EEF1A1	CbGpMF	0.01624923409370839
CHEMBL288441	EEF1A1	CbGpMF	0.01624923409370839
CHEMBL482767	EEF1A1	CbGpMF	0.01624923409370839
CHEMBL536151	EEF1A1	CbGpMF	0.01624923409370839
CHEMBL413	EEF1A1	CbGpMF	0.01624923409370839
CHEMBL270995	EEF1A1	CbGpMF	0.01624923409370839
CHEMBL482967	EEF1A1	CbGpMF	0.01624923409370839
CHEMBL592445	EEF1A1	CbGpMF	0.01624923409370839
CHEMBL1233528	EEF1A1	CbGpMF	0.01624923409370839
CHEMBL601719	EEF1A1	CbGpMF	0.01624923409370839
CHEMBL3334567	EEF1A1	CbGpMF	0.01624923409370839
CHEMBL507361	EEF1A1	CbGpMF	0.01624923409370839
CHEMBL3348923	EEF1A1	CbGpMF	0.01624923409370839
CHEMBL3545328	EEF1A1	CbGpMF	0.01624923409370839
CHEMBL1614707	EEF1A1	CbGpMF	0.01624923409370839
CHEMBL1236682	EEF1A1	CbGpMF	0.01624923409370839
CHEMBL3402762	EEF1A1	CbGpMF	0.01624923409370839
CHEMBL2408045	EEF1A1	CbGpMF	0.01624923409370839
CHEMBL300138	EEF1A1	CbGpMF	0.01624923409370839
CHEMBL576982	EEF1A1	CbGpMF	0.01624923409370839
CHEMBL3600873	EEF1A1	CbGpMF	0.01624923409370839
CHEMBL296468	EEF1A1	CbGpMF	0.01624923409370839
CHEMBL3688339	EEF1A1	CbGpMF	0.01624923409370839
CHEMBL3182621	EEF1A1	CbGpMF	0.01624923409370839
CHEMBL3989868	EEF1A1	CbGpMF	0.01624923409370839
CHEMBL1173655	EEF1A1	CbGpMF	0.01624923409370839
CHEMBL1289601	EEF1A1	CbGpMF	0.01624923409370839
CHEMBL587723	EEF1A1	CbGpMF	0.01624923409370839
CHEMBL255863	EEF1A1	CbGpMF	0.01624923409370839
CHEMBL3137336	EEF1A1	CbGpMF	0.01624923409370839
CHEMBL607707	EEF1A1	CbGpMF	0.01624923409370839
CHEMBL491473	EEF1A1	CbGpMF	0.01624923409370839
CHEMBL598797	EEF1A1	CbGpMF	0.01624923409370839
CHEMBL522892	EEF1A1	CbGpMF	0.01624923409370839
CHEMBL403989	EEF1A1	CbGpMF	0.01624923409370839
CHEMBL1908397	EEF1A1	CbGpMF	0.01624923409370839
CHEMBL259084	EEF1A1	CbGpMF	0.01624923409370839
CHEMBL2386889	EEF1A1	CbGpMF	0.01624923409370839
CHEMBL1230609	EEF1A1	CbGpMF	0.01624923409370839
CHEMBL1873475	EEF1A1	CbGpMF	0.01624923409370839
CHEMBL3218576	EEF1A1	CbGpMF	0.01624923409370839
CHEMBL2103875	EEF1A1	CbGpMF	0.01624923409370839
CHEMBL2028663	EEF1A1	CbGpMF	0.01646333836022158
CHEMBL3186534	EEF1A1	CbGpMF	0.01624923409370839
CHEMBL2165191	EEF1A1	CbGpMF	0.01624923409370839
CHEMBL3301607	EEF1A1	CbGpMF	0.01624923409370839
CHEMBL4289017	EEF1A1	CbGpMF	0.01624923409370839
CHEMBL1983268	EEF1A1	CbGpMF	0.01624923409370839
CHEMBL3545083	EEF1A1	CbGpMF	0.01624923409370839
CHEMBL1801204	EEF1A1	CbGpMF	0.01624923409370839
CHEMBL2079588	EEF1A1	CbGpMF	0.01624923409370839
CHEMBL575448	EEF1A1	CbGpMF	0.01624923409370839
CHEMBL1078178	EEF1A1	CbGpMF	0.01624923409370839
CHEMBL180022	EEF1A1	CbGpMF	0.01624923409370839
CHEMBL1201182	EEF1A1	CbGpMF	0.01624923409370839
CHEMBL1230165	EEF1A1	CbGpMF	0.01624923409370839
CHEMBL3128043	EEF1A1	CbGpMF	0.01624923409370839
CHEMBL1229517	EEF1A1	CbGpMF	0.01646333836022158
CHEMBL495727	EEF1A1	CbGpMF	0.01624923409370839
CHEMBL3545215	EEF1A1	CbGpMF	0.01624923409370839
CHEMBL1922094	EEF1A1	CbGpMF	0.01624923409370839
CHEMBL3991932	EEF1A1	CbGpMF	0.01624923409370839
CHEMBL3544960	EEF1A1	CbGpMF	0.01624923409370839
CHEMBL1946170	EEF1A1	CbGpMF	0.01624923409370839
CHEMBL3544932	EEF1A1	CbGpMF	0.01624923409370839
CHEMBL5416410	EEF1A1	CbGpMF	0.01624923409370839
CHEMBL1090479	EEF1A1	CbGpMF	0.01624923409370839
CHEMBL2103839	EEF1A1	CbGpMF	0.01624923409370839
CHEMBL3039513	EEF1A1	CbGpMF	0.01624923409370839
CHEMBL3545154	EEF1A1	CbGpMF	0.01624923409370839
CHEMBL3218575	EEF1A1	CbGpMF	0.01624923409370839
CHEMBL3545360	EEF1A1	CbGpMF	0.01624923409370839
CHEMBL1721885	EEF1A1	CbGpMF	0.01624923409370839
CHEMBL2105717	EEF1A1	CbGpMF	0.01624923409370839
CHEMBL1088752	EEF1A1	CbGpMF	0.01624923409370839
CHEMBL477772	EEF1A1	CbGpMF	0.01624923409370839
CHEMBL3184679	EEF1A1	CbGpMF	0.01624923409370839
CHEMBL3991934	EEF1A1	CbGpMF	0.01624923409370839
CHEMBL571948	EEF1A1	CbGpMF	0.01624923409370839
CHEMBL428690	EEF1A1	CbGpMF	0.01624923409370839
CHEMBL2105759	EEF1A1	CbGpMF	0.01624923409370839
CHEMBL1738757	EEF1A1	CbGpMF	0.01624923409370839
CHEMBL1614710	EEF1A1	CbGpMF	0.01624923409370839
CHEMBL2029988	EEF1A1	CbGpMF	0.01624923409370839
CHEMBL3991933	EEF1A1	CbGpMF	0.01624923409370839
CHEMBL551064	EEF1A1	CbGpMF	0.01624923409370839
CHEMBL1908391	EEF1A1	CbGpMF	0.01624923409370839
CHEMBL1615025	EEF1A1	CbGpMF	0.01624923409370839
CHEMBL941	EEF1A1	CbGpMF	0.01624923409370839
CHEMBL2105728	EEF1A1	CbGpMF	0.01624923409370839
CHEMBL2220486	EEF1A1	CbGpMF	0.01624923409370839
CHEMBL445813	EEF1A1	CbGpMF	0.01624923409370839
CHEMBL939	EEF1A1	CbGpMF	0.01624923409370839
CHEMBL283120	EEF1A1	CbGpMF	0.01624923409370839
CHEMBL3545157	EEF1A1	CbGpMF	0.01624923409370839
CHEMBL3590106	EEF1A1	CbGpMF	0.01624923409370839
CHEMBL3218578	EEF1A1	CbGpMF	0.01624923409370839
CHEMBL3301610	EEF1A1	CbGpMF	0.01624923409370839
CHEMBL253969	EEF1A1	CbGpMF	0.01624923409370839
CHEMBL415049	EEF1A1	CbGpMF	0.01624923409370839
CHEMBL1738797	EEF1A1	CbGpMF	0.01624923409370839
CHEMBL4084193	EEF1A1	CbGpMF	0.01624923409370839
CHEMBL3408248	EEF1A1	CbGpMF	0.01624923409370839
CHEMBL608533	EEF1A1	CbGpMF	0.01624923409370839
CHEMBL31965	EEF1A1	CbGpMF	0.01624923409370839
CHEMBL2107832	EEF1A1	CbGpMF	0.01624923409370839
CHEMBL14762	EEF1A1	CbGpMF	0.01624923409370839
CHEMBL2048872	EEF1A1	CbGpMF	0.01624923409370839
CHEMBL2325741	EEF1A1	CbGpMF	0.01624923409370839
CHEMBL2376648	EEF1A1	CbGpMF	0.01624923409370839
CHEMBL1084546	EEF1A1	CbGpMF	0.01624923409370839
CHEMBL3545076	EEF1A1	CbGpMF	0.01624923409370839
CHEMBL2103830	EEF1A1	CbGpMF	0.01624923409370839
CHEMBL2336325	EEF1A1	CbGpMF	0.01624923409370839
CHEMBL1091644	EEF1A1	CbGpMF	0.01624923409370839
CHEMBL2035187	EEF1A1	CbGpMF	0.01624923409370839
CHEMBL475251	EEF1A1	CbGpMF	0.01624923409370839
CHEMBL3188267	EEF1A1	CbGpMF	0.01624923409370839
CHEMBL553	EEF1A1	CbGpMF	0.01624923409370839
CHEMBL603469	EEF1A1	CbGpMF	0.01624923409370839
CHEMBL572881	EEF1A1	CbGpMF	0.01624923409370839
CHEMBL2103842	EEF1A1	CbGpMF	0.01624923409370839
CHEMBL3989914	EEF1A1	CbGpMF	0.01624923409370839
CHEMBL1236962	EEF1A1	CbGpMF	0.01624923409370839
CHEMBL1241855	EEF1A1	CbGpMF	0.01624923409370839
CHEMBL2103851	EEF1A1	CbGpMF	0.01624923409370839
CHEMBL372764	EEF1A1	CbGpMF	0.01624923409370839
CHEMBL462018	EEF1A1	CbGpMF	0.01624923409370839
CHEMBL377300	EEF1A1	CbGpMF	0.01624923409370839
CHEMBL483158	EEF1A1	CbGpMF	0.01624923409370839
CHEMBL1094408	EEF1A1	CbGpMF	0.01624923409370839
CHEMBL1289926	EEF1A1	CbGpMF	0.01624923409370839
CHEMBL215152	EEF1A1	CbGpMF	0.01624923409370839
CHEMBL281948	EEF1A1	CbGpMF	0.01624923409370839
CHEMBL3264002	EEF1A1	CbGpMF	0.01624923409370839
CHEMBL1908394	EEF1A1	CbGpMF	0.01624923409370839
CHEMBL24828	EEF1A1	CbGpMF	0.01624923409370839
CHEMBL1944698	EEF1A1	CbGpMF	0.01624923409370839
CHEMBL3544966	EEF1A1	CbGpMF	0.01624923409370839
CHEMBL3991929	EEF1A1	CbGpMF	0.01624923409370839
CHEMBL482968	EEF1A1	CbGpMF	0.01624923409370839
CHEMBL2138625	EEF1A1	CbGpMF	0.01624923409370839
CHEMBL564829	EEF1A1	CbGpMF	0.01624923409370839
CHEMBL405130	EEF1A1	CbGpMF	0.01624923409370839
CHEMBL2396661	EEF1A1	CbGpMF	0.01624923409370839
CHEMBL223360	EEF1A1	CbGpMF	0.01624923409370839
CHEMBL488436	EEF1A1	CbGpMF	0.01624923409370839
CHEMBL1645462	EEF1A1	CbGpMF	0.01624923409370839
CHEMBL460702	EEF1A1	CbGpMF	0.01624923409370839
CHEMBL496102	EEF1A1	CbGpMF	0.01624923409370839
CHEMBL3545110	EEF1A1	CbGpMF	0.01624923409370839
CHEMBL2030402	EEF1A1	CbGpMF	0.01624923409370839
CHEMBL558752	EEF1A1	CbGpMF	0.01646333836022158
CHEMBL3544964	EEF1A1	CbGpMF	0.01624923409370839
CHEMBL1079175	EEF1A1	CbGpMF	0.01624923409370839
CHEMBL2041933	EEF1A1	CbGpMF	0.01624923409370839
CHEMBL1879463	EEF1A1	CbGpMF	0.01624923409370839
CHEMBL3991931	EEF1A1	CbGpMF	0.01624923409370839
CHEMBL1088751	EEF1A1	CbGpMF	0.01624923409370839
CHEMBL3301612	EEF1A1	CbGpMF	0.01624923409370839
CHEMBL502835	EEF1A1	CbGpMF	0.01624923409370839
CHEMBL3039517	EEF1A1	CbGpMF	0.01624923409370839
CHEMBL2180604	EEF1A1	CbGpMF	0.01624923409370839
CHEMBL124660	EEF1A1	CbGpMF	0.01624923409370839
CHEMBL1236107	EEF1A1	CbGpMF	0.01624923409370839
CHEMBL400402	EEF1A1	CbGpMF	0.01624923409370839
CHEMBL2017974	EEF1A1	CbGpMF	0.01624923409370839
CHEMBL483321	EEF1A1	CbGpMF	0.01624923409370839
CHEMBL2216870	EEF1A1	CbGpMF	0.01624923409370839
CHEMBL1336	EEF1A1	CbGpMF	0.01624923409370839
CHEMBL3907479	EEF1A1	CbGpMF	0.01624923409370839
CHEMBL1976040	EEF1A1	CbGpMF	0.01624923409370839
CHEMBL3544983	EEF1A1	CbGpMF	0.01624923409370839
CHEMBL3699142	EEF1A1	CbGpMF	0.01624923409370839
CHEMBL3137331	EEF1A1	CbGpMF	0.01624923409370839
CHEMBL574737	EEF1A1	CbGpMF	0.01624923409370839
CHEMBL1614766	EEF1A1	CbGpMF	0.01624923409370839
CHEMBL1952329	EEF1A1	CbGpMF	0.01624923409370839
CHEMBL1908360	EEF1A1	CbGpMF	0.01624923409370839
CHEMBL101253	EEF1A1	CbGpMF	0.01624923409370839
CHEMBL2219422	EEF1A1	CbGpMF	0.01624923409370839
CHEMBL3120215	EEF1A1	CbGpMF	0.01624923409370839
CHEMBL3991935	EEF1A1	CbGpMF	0.01624923409370839
CHEMBL2103882	EEF1A1	CbGpMF	0.01624923409370839
CHEMBL206834	EEF1A1	CbGpMF	0.01624923409370839
CHEMBL3426621	EEF1A1	CbGpMF	0.01624923409370839
CHEMBL2403108	EEF1A1	CbGpMF	0.01624923409370839
CHEMBL1234354	EEF1A1	CbGpMF	0.01624923409370839
CHEMBL217092	EEF1A1	CbGpMF	0.01624923409370839
CHEMBL1090090	EEF1A1	CbGpMF	0.01624923409370839
CHEMBL3039525	EEF1A1	CbGpMF	0.01624923409370839
CHEMBL189963	EEF1A1	CbGpMF	0.01624923409370839
CHEMBL1233300	EEF1A1	CbGpMF	0.01624923409370839
CHEMBL402548	EEF1A1	CbGpMF	0.01624923409370839
CHEMBL3813873	EEF1A1	CbGpMF	0.01624923409370839
CHEMBL3545366	EEF1A1	CbGpMF	0.01624923409370839
CHEMBL3545307	EEF1A1	CbGpMF	0.01624923409370839
CHEMBL1171837	EEF1A1	CbGpMF	0.01624923409370839
CHEMBL3991927	EEF1A1	CbGpMF	0.01624923409370839
CHEMBL2087361	EEF1A1	CbGpMF	0.01624923409370839
CHEMBL274654	EEF1A1	CbGpMF	0.01624923409370839
CHEMBL565612	EEF1A1	CbGpMF	0.01624923409370839
CHEMBL3109738	EEF1A1	CbGpMF	0.01624923409370839
CHEMBL1950289	EEF1A1	CbGpMF	0.01624923409370839
CHEMBL1231124	EEF1A1	CbGpMF	0.01624923409370839
CHEMBL3188551	EEF1A1	CbGpMF	0.01624923409370839
CHEMBL3545396	EEF1A1	CbGpMF	0.01624923409370839
CHEMBL1667969	EEF1A1	CbGpMF	0.01624923409370839
CHEMBL38380	EEF1A1	CbGpMF	0.01624923409370839
CHEMBL514201	EEF1A1	CbGpMF	0.01624923409370839
CHEMBL1287853	EEF1A1	CbGpMF	0.01624923409370839
CHEMBL1289494	EEF1A1	CbGpMF	0.01624923409370839
CHEMBL521851	EEF1A1	CbGpMF	0.01624923409370839
CHEMBL2364611	EEF1A1	CbGpMF	0.01624923409370839
CHEMBL1230607	EEF1A1	CbGpMF	0.01624923409370839
CHEMBL2323775	EEF1A1	CbGpMF	0.01624923409370839
CHEMBL221959	EEF1A1	CbGpMF	0.01624923409370839
CHEMBL3545308	EEF1A1	CbGpMF	0.01624923409370839
CHEMBL2001019	EEF1A1	CbGpMF	0.01624923409370839
CHEMBL535	EEF1A1	CbGpMF	0.01624923409370839
CHEMBL91829	EEF1A1	CbGpMF	0.01624923409370839
CHEMBL513909	EEF1A1	CbGpMF	0.01624923409370839
CHEMBL3990456	EEF1A1	CbGpMF	0.01624923409370839
CHEMBL2133806	EEF1A1	CbGpMF	0.01624923409370839
CHEMBL1789941	EEF1A1	CbGpMF	0.01624923409370839
CHEMBL554	EEF1A1	CbGpMF	0.01624923409370839
CHEMBL3187723	EEF1A1	CbGpMF	0.01624923409370839
CHEMBL1614701	EEF1A1	CbGpMF	0.01624923409370839
CHEMBL1822792	EEF1A1	CbGpMF	0.01624923409370839
CHEMBL2146883	EEF1A1	CbGpMF	0.01624923409370839
CHEMBL2140408	EEF1A1	CbGpMF	0.01624923409370839
CHEMBL411907	EEF1A1	CbGpMF	0.01624923409370839
CHEMBL384304	EEF1A1	CbGpMF	0.01624923409370839
CHEMBL2103840	EEF1A1	CbGpMF	0.01646333836022158
CHEMBL230011	EEF1A1	CbGpMF	0.01624923409370839
CHEMBL4294164	EEF1A1	CbGpMF	0.22630808645122133
CHEMBL5653589	EEF1A1	CbGpMF	0.21418716902551616
CHEMBL3752910	EEF1A1	CbGpMF	0.14585320598561616
CHEMBL1232461	EEF1A1	CbGpMF	0.23289890636503935
CHEMBL1221911	EEF1A1	CbGpMF	0.2744881357935519
CHEMBL123292	EEF1A1	CbGpMF	0.21217182907217308
CHEMBL2303630	EEF1A1	CbGpMF	0.2744881357935519
CHEMBL1802814	EEF1A1	CbGpMF	0.3348042748852076
CHEMBL1802815	EEF1A1	CbGpMF	0.3348042748852076
CHEMBL1802973	EEF1A1	CbGpMF	0.3348042748852076
CHEMBL3799977	EEF1A1	CbGpMF	0.2744881357935519
CHEMBL4066032	EEF1A1	CbGpMF	0.2744881357935519
CHEMBL4095101	EEF1A1	CbGpMF	0.2744881357935519
CHEMBL4097524	EEF1A1	CbGpMF	0.2744881357935519
CHEMBL4070348	EEF1A1	CbGpMF	0.2744881357935519
CHEMBL4094319	EEF1A1	CbGpMF	0.2744881357935519
CHEMBL4072881	EEF1A1	CbGpMF	0.2744881357935519
CHEMBL4067648	EEF1A1	CbGpMF	0.2744881357935519
CHEMBL4088864	EEF1A1	CbGpMF	0.2744881357935519
CHEMBL4105227	EEF1A1	CbGpMF	0.2744881357935519
CHEMBL514569	EEF1A1	CbGpMF	0.2744881357935519
CHEMBL4129274	EEF1A1	CbGpMF	0.03457124297788826
CHEMBL50	EEF1A1	CbGpMF	0.005474271110334838
CHEMBL557848	EEF1A1	CbGpMF	0.005474271110334838
CHEMBL549777	EEF1A1	CbGpMF	0.005474271110334838
CHEMBL564153	EEF1A1	CbGpMF	0.005474271110334838
CHEMBL549776	EEF1A1	CbGpMF	0.005474271110334838
CHEMBL559728	EEF1A1	CbGpMF	0.005474271110334838
CHEMBL554519	EEF1A1	CbGpMF	0.005474271110334838
CHEMBL551320	EEF1A1	CbGpMF	0.005474271110334838
CHEMBL562911	EEF1A1	CbGpMF	0.005474271110334838
CHEMBL559530	EEF1A1	CbGpMF	0.005474271110334838
CHEMBL569598	EEF1A1	CbGpMF	0.005474271110334838
CHEMBL551057	EEF1A1	CbGpMF	0.005474271110334838
CHEMBL551056	EEF1A1	CbGpMF	0.005474271110334838
CHEMBL561378	EEF1A1	CbGpMF	0.005474271110334838
CHEMBL562322	EEF1A1	CbGpMF	0.005474271110334838
CHEMBL564420	EEF1A1	CbGpMF	0.005474271110334838
CHEMBL550653	EEF1A1	CbGpMF	0.005474271110334838
CHEMBL564701	EEF1A1	CbGpMF	0.005474271110334838
CHEMBL569836	EEF1A1	CbGpMF	0.005474271110334838
CHEMBL550509	EEF1A1	CbGpMF	0.005474271110334838
CHEMBL551996	EEF1A1	CbGpMF	0.005474271110334838
CHEMBL570768	EEF1A1	CbGpMF	0.005474271110334838
CHEMBL561059	EEF1A1	CbGpMF	0.005474271110334838
CHEMBL559343	EEF1A1	CbGpMF	0.005474271110334838
CHEMBL564532	EEF1A1	CbGpMF	0.005474271110334838
CHEMBL560380	EEF1A1	CbGpMF	0.005474271110334838
CHEMBL561724	EEF1A1	CbGpMF	0.005474271110334838
CHEMBL2021570	EEF1A1	CbGpMF	0.005474271110334838
CHEMBL2021569	EEF1A1	CbGpMF	0.005474271110334838
CHEMBL549495	EEF1A1	CbGpMF	0.005474271110334838
CHEMBL554525	EEF1A1	CbGpMF	0.005474271110334838
CHEMBL558309	EEF1A1	CbGpMF	0.005474271110334838
CHEMBL549427	EEF1A1	CbGpMF	0.005474271110334838
CHEMBL560657	EEF1A1	CbGpMF	0.005474271110334838
CHEMBL552321	EEF1A1	CbGpMF	0.005474271110334838
CHEMBL552320	EEF1A1	CbGpMF	0.005474271110334838
CHEMBL557917	EEF1A1	CbGpMF	0.005474271110334838
CHEMBL561119	EEF1A1	CbGpMF	0.005474271110334838
CHEMBL570771	EEF1A1	CbGpMF	0.005474271110334838
CHEMBL557507	EEF1A1	CbGpMF	0.005474271110334838
CHEMBL550790	EEF1A1	CbGpMF	0.005474271110334838
CHEMBL552259	EEF1A1	CbGpMF	0.005474271110334838
CHEMBL550179	EEF1A1	CbGpMF	0.005474271110334838
CHEMBL551918	EEF1A1	CbGpMF	0.005474271110334838
CHEMBL549837	EEF1A1	CbGpMF	0.005474271110334838
CHEMBL560858	EEF1A1	CbGpMF	0.005474271110334838
CHEMBL551995	EEF1A1	CbGpMF	0.005474271110334838
CHEMBL555689	EEF1A1	CbGpMF	0.005474271110334838
CHEMBL570772	EEF1A1	CbGpMF	0.005474271110334838
CHEMBL558247	EEF1A1	CbGpMF	0.005474271110334838
CHEMBL556491	EEF1A1	CbGpMF	0.005474271110334838
CHEMBL559594	EEF1A1	CbGpMF	0.005474271110334838
CHEMBL564799	EEF1A1	CbGpMF	0.005474271110334838
CHEMBL561125	EEF1A1	CbGpMF	0.005474271110334838
CHEMBL559595	EEF1A1	CbGpMF	0.005474271110334838
CHEMBL553924	EEF1A1	CbGpMF	0.005474271110334838
CHEMBL562794	EEF1A1	CbGpMF	0.005474271110334838
CHEMBL541255	EEF1A1	CbGpMF	0.005474271110334838
CHEMBL550516	EEF1A1	CbGpMF	0.005474271110334838
CHEMBL551602	EEF1A1	CbGpMF	0.005474271110334838
CHEMBL551807	EEF1A1	CbGpMF	0.005474271110334838
CHEMBL560663	EEF1A1	CbGpMF	0.005474271110334838
CHEMBL550249	EEF1A1	CbGpMF	0.005474271110334838
CHEMBL557716	EEF1A1	CbGpMF	0.005474271110334838
CHEMBL558033	EEF1A1	CbGpMF	0.005474271110334838
CHEMBL564316	EEF1A1	CbGpMF	0.005474271110334838
CHEMBL559039	EEF1A1	CbGpMF	0.005474271110334838
CHEMBL550251	EEF1A1	CbGpMF	0.005474271110334838
CHEMBL565134	EEF1A1	CbGpMF	0.005474271110334838
CHEMBL563049	EEF1A1	CbGpMF	0.005474271110334838
CHEMBL570073	EEF1A1	CbGpMF	0.005474271110334838
CHEMBL561266	EEF1A1	CbGpMF	0.005474271110334838
CHEMBL301982	EEF1A1	CbGpMF	0.005474271110334838
CHEMBL561265	EEF1A1	CbGpMF	0.005474271110334838
CHEMBL3286745	EEF1A1	CbGpMF	0.005474271110334838
CHEMBL1240927	EEF1A1	CbGpMF	0.005474271110334838
CHEMBL3609826	EEF1A1	CbGpMF	0.005474271110334838
CHEMBL3608911	EEF1A1	CbGpMF	0.005474271110334838
CHEMBL463763	EEF1A1	CbGpMF	0.005474271110334838
CHEMBL3937369	EEF1A1	CbGpMF	0.005474271110334838
CHEMBL3975567	EEF1A1	CbGpMF	0.005474271110334838
CHEMBL3946252	EEF1A1	CbGpMF	0.005474271110334838
CHEMBL3947240	EEF1A1	CbGpMF	0.005474271110334838
CHEMBL3919459	EEF1A1	CbGpMF	0.005474271110334838
CHEMBL3955977	EEF1A1	CbGpMF	0.005474271110334838
CHEMBL3928361	EEF1A1	CbGpMF	0.005474271110334838
CHEMBL3900925	EEF1A1	CbGpMF	0.005474271110334838
CHEMBL3972065	EEF1A1	CbGpMF	0.005474271110334838
CHEMBL3953713	EEF1A1	CbGpMF	0.005474271110334838
CHEMBL3901185	EEF1A1	CbGpMF	0.005474271110334838
CHEMBL3944589	EEF1A1	CbGpMF	0.005474271110334838
CHEMBL3916672	EEF1A1	CbGpMF	0.005474271110334838
CHEMBL3964729	EEF1A1	CbGpMF	0.005474271110334838
CHEMBL3911352	EEF1A1	CbGpMF	0.005474271110334838
CHEMBL3936187	EEF1A1	CbGpMF	0.005474271110334838
CHEMBL3957716	EEF1A1	CbGpMF	0.005474271110334838
CHEMBL3891011	EEF1A1	CbGpMF	0.005474271110334838
CHEMBL3969412	EEF1A1	CbGpMF	0.005474271110334838
CHEMBL3922414	EEF1A1	CbGpMF	0.005474271110334838
CHEMBL3973213	EEF1A1	CbGpMF	0.005474271110334838
CHEMBL3983798	EEF1A1	CbGpMF	0.005474271110334838
CHEMBL3919811	EEF1A1	CbGpMF	0.005474271110334838
CHEMBL3923966	EEF1A1	CbGpMF	0.005474271110334838
CHEMBL3905315	EEF1A1	CbGpMF	0.005474271110334838
CHEMBL3967087	EEF1A1	CbGpMF	0.005474271110334838
CHEMBL4070633	EEF1A1	CbGpMF	0.005474271110334838
CHEMBL4087666	EEF1A1	CbGpMF	0.005474271110334838
CHEMBL4082534	EEF1A1	CbGpMF	0.005474271110334838
CHEMBL4066791	EEF1A1	CbGpMF	0.005474271110334838
CHEMBL4077078	EEF1A1	CbGpMF	0.005474271110334838
CHEMBL4099031	EEF1A1	CbGpMF	0.005474271110334838
CHEMBL4063438	EEF1A1	CbGpMF	0.005474271110334838
CHEMBL4091297	EEF1A1	CbGpMF	0.005474271110334838
CHEMBL4081256	EEF1A1	CbGpMF	0.005474271110334838
CHEMBL4077611	EEF1A1	CbGpMF	0.005474271110334838
CHEMBL4063608	EEF1A1	CbGpMF	0.005474271110334838
CHEMBL4063330	EEF1A1	CbGpMF	0.005474271110334838
CHEMBL4069552	EEF1A1	CbGpMF	0.005474271110334838
CHEMBL4096048	EEF1A1	CbGpMF	0.005474271110334838
CHEMBL3125890	EEF1A1	CbGpMF	0.005474271110334838
CHEMBL2144069	EEF1A1	CbGpMF	0.005474271110334838
CHEMBL525191	EEF1A1	CbGpMF	0.005474271110334838
CHEMBL4070302	EEF1A1	CbGpMF	0.005474271110334838
CHEMBL4091953	EEF1A1	CbGpMF	0.005474271110334838
CHEMBL4102297	EEF1A1	CbGpMF	0.005474271110334838
CHEMBL186526	EEF1A1	CbGpMF	0.005474271110334838
CHEMBL4101619	EEF1A1	CbGpMF	0.005474271110334838
CHEMBL4083615	EEF1A1	CbGpMF	0.005474271110334838
CHEMBL4076337	EEF1A1	CbGpMF	0.005474271110334838
CHEMBL4066800	EEF1A1	CbGpMF	0.005474271110334838
CHEMBL4066949	EEF1A1	CbGpMF	0.005474271110334838
CHEMBL4071793	EEF1A1	CbGpMF	0.005474271110334838
CHEMBL4076144	EEF1A1	CbGpMF	0.005474271110334838
CHEMBL4072087	EEF1A1	CbGpMF	0.005474271110334838
CHEMBL4098083	EEF1A1	CbGpMF	0.005474271110334838
CHEMBL4090359	EEF1A1	CbGpMF	0.005474271110334838
CHEMBL4100535	EEF1A1	CbGpMF	0.005474271110334838
CHEMBL4094691	EEF1A1	CbGpMF	0.005474271110334838
CHEMBL188678	EEF1A1	CbGpMF	0.005474271110334838
CHEMBL242529	EEF1A1	CbGpMF	0.005474271110334838
CHEMBL501870	EEF1A1	CbGpMF	0.005474271110334838
CHEMBL4207280	EEF1A1	CbGpMF	0.005474271110334838
CHEMBL4207816	EEF1A1	CbGpMF	0.005474271110334838
CHEMBL4288307	EEF1A1	CbGpMF	0.005474271110334838
CHEMBL4280406	EEF1A1	CbGpMF	0.005474271110334838
CHEMBL4283002	EEF1A1	CbGpMF	0.005474271110334838
CHEMBL4293586	EEF1A1	CbGpMF	0.005474271110334838
CHEMBL4288525	EEF1A1	CbGpMF	0.005474271110334838
CHEMBL4277867	EEF1A1	CbGpMF	0.005474271110334838
CHEMBL4285168	EEF1A1	CbGpMF	0.005474271110334838
CHEMBL4293003	EEF1A1	CbGpMF	0.005474271110334838
CHEMBL4276798	EEF1A1	CbGpMF	0.005474271110334838
CHEMBL4284740	EEF1A1	CbGpMF	0.005474271110334838
CHEMBL4291948	EEF1A1	CbGpMF	0.005474271110334838
CHEMBL4281330	EEF1A1	CbGpMF	0.005474271110334838
CHEMBL4293406	EEF1A1	CbGpMF	0.005474271110334838
CHEMBL4282794	EEF1A1	CbGpMF	0.005474271110334838
CHEMBL4514442	EEF1A1	CbGpMF	0.005474271110334838
CHEMBL438605	EEF1A1	CbGpMF	0.005474271110334838
CHEMBL4877620	EEF1A1	CbGpMF	0.005474271110334838
CHEMBL4848310	EEF1A1	CbGpMF	0.005474271110334838
CHEMBL4846644	EEF1A1	CbGpMF	0.005474271110334838
CHEMBL4876187	EEF1A1	CbGpMF	0.005474271110334838
CHEMBL5200595	EEF1A1	CbGpMF	0.005474271110334838
CHEMBL520014	EEF1A1	CbGpMF	0.005474271110334838
CHEMBL278315	EEF1A1	CbGpMF	0.005474271110334838
CHEMBL5398773	EEF1A1	CbGpMF	0.005474271110334838
CHEMBL5441131	EEF1A1	CbGpMF	0.005474271110334838
CHEMBL5402290	EEF1A1	CbGpMF	0.005474271110334838
CHEMBL2110732	EEF1A2	CbGpMF	0.016047832011393967
CHEMBL3353410	EEF1A2	CbGpMF	0.016047832011393967
CHEMBL3545085	EEF1A2	CbGpMF	0.016047832011393967
CHEMBL571546	EEF1A2	CbGpMF	0.016047832011393967
CHEMBL494089	EEF1A2	CbGpMF	0.016047832011393967
CHEMBL572878	EEF1A2	CbGpMF	0.016047832011393967
CHEMBL1614713	EEF1A2	CbGpMF	0.016047832011393967
CHEMBL3301622	EEF1A2	CbGpMF	0.016047832011393967
CHEMBL1614725	EEF1A2	CbGpMF	0.016047832011393967
CHEMBL288441	EEF1A2	CbGpMF	0.016047832011393967
CHEMBL482767	EEF1A2	CbGpMF	0.016047832011393967
CHEMBL536151	EEF1A2	CbGpMF	0.016047832011393967
CHEMBL413	EEF1A2	CbGpMF	0.016047832011393967
CHEMBL270995	EEF1A2	CbGpMF	0.016047832011393967
CHEMBL482967	EEF1A2	CbGpMF	0.016047832011393967
CHEMBL592445	EEF1A2	CbGpMF	0.016047832011393967
CHEMBL1233528	EEF1A2	CbGpMF	0.016047832011393967
CHEMBL601719	EEF1A2	CbGpMF	0.016047832011393967
CHEMBL3334567	EEF1A2	CbGpMF	0.016047832011393967
CHEMBL507361	EEF1A2	CbGpMF	0.016047832011393967
CHEMBL3348923	EEF1A2	CbGpMF	0.016047832011393967
CHEMBL3545328	EEF1A2	CbGpMF	0.016047832011393967
CHEMBL1614707	EEF1A2	CbGpMF	0.016047832011393967
CHEMBL1236682	EEF1A2	CbGpMF	0.016047832011393967
CHEMBL3402762	EEF1A2	CbGpMF	0.016047832011393967
CHEMBL2408045	EEF1A2	CbGpMF	0.016047832011393967
CHEMBL300138	EEF1A2	CbGpMF	0.016047832011393967
CHEMBL576982	EEF1A2	CbGpMF	0.016047832011393967
CHEMBL3600873	EEF1A2	CbGpMF	0.016047832011393967
CHEMBL296468	EEF1A2	CbGpMF	0.016047832011393967
CHEMBL3688339	EEF1A2	CbGpMF	0.016047832011393967
CHEMBL3182621	EEF1A2	CbGpMF	0.016047832011393967
CHEMBL3989868	EEF1A2	CbGpMF	0.016047832011393967
CHEMBL1173655	EEF1A2	CbGpMF	0.016047832011393967
CHEMBL1289601	EEF1A2	CbGpMF	0.016047832011393967
CHEMBL587723	EEF1A2	CbGpMF	0.016047832011393967
CHEMBL255863	EEF1A2	CbGpMF	0.016047832011393967
CHEMBL3137336	EEF1A2	CbGpMF	0.016047832011393967
CHEMBL607707	EEF1A2	CbGpMF	0.016047832011393967
CHEMBL491473	EEF1A2	CbGpMF	0.016047832011393967
CHEMBL598797	EEF1A2	CbGpMF	0.016047832011393967
CHEMBL522892	EEF1A2	CbGpMF	0.016047832011393967
CHEMBL403989	EEF1A2	CbGpMF	0.016047832011393967
CHEMBL1908397	EEF1A2	CbGpMF	0.016047832011393967
CHEMBL259084	EEF1A2	CbGpMF	0.016047832011393967
CHEMBL2386889	EEF1A2	CbGpMF	0.016047832011393967
CHEMBL1230609	EEF1A2	CbGpMF	0.016047832011393967
CHEMBL1873475	EEF1A2	CbGpMF	0.016047832011393967
CHEMBL3218576	EEF1A2	CbGpMF	0.016047832011393967
CHEMBL2103875	EEF1A2	CbGpMF	0.016047832011393967
CHEMBL2028663	EEF1A2	CbGpMF	0.017041206986550442
CHEMBL3186534	EEF1A2	CbGpMF	0.016047832011393967
CHEMBL2165191	EEF1A2	CbGpMF	0.016047832011393967
CHEMBL3301607	EEF1A2	CbGpMF	0.016047832011393967
CHEMBL4289017	EEF1A2	CbGpMF	0.016047832011393967
CHEMBL1983268	EEF1A2	CbGpMF	0.016047832011393967
CHEMBL3545083	EEF1A2	CbGpMF	0.016047832011393967
CHEMBL1801204	EEF1A2	CbGpMF	0.016047832011393967
CHEMBL2079588	EEF1A2	CbGpMF	0.016047832011393967
CHEMBL575448	EEF1A2	CbGpMF	0.016047832011393967
CHEMBL1078178	EEF1A2	CbGpMF	0.016047832011393967
CHEMBL180022	EEF1A2	CbGpMF	0.016047832011393967
CHEMBL1201182	EEF1A2	CbGpMF	0.016047832011393967
CHEMBL1230165	EEF1A2	CbGpMF	0.016047832011393967
CHEMBL3128043	EEF1A2	CbGpMF	0.016047832011393967
CHEMBL1229517	EEF1A2	CbGpMF	0.017041206986550442
CHEMBL495727	EEF1A2	CbGpMF	0.016047832011393967
CHEMBL3545215	EEF1A2	CbGpMF	0.016047832011393967
CHEMBL1922094	EEF1A2	CbGpMF	0.016047832011393967
CHEMBL3991932	EEF1A2	CbGpMF	0.016047832011393967
CHEMBL3544960	EEF1A2	CbGpMF	0.016047832011393967
CHEMBL1946170	EEF1A2	CbGpMF	0.016047832011393967
CHEMBL3544932	EEF1A2	CbGpMF	0.016047832011393967
CHEMBL5416410	EEF1A2	CbGpMF	0.016047832011393967
CHEMBL1090479	EEF1A2	CbGpMF	0.016047832011393967
CHEMBL2103839	EEF1A2	CbGpMF	0.016047832011393967
CHEMBL3039513	EEF1A2	CbGpMF	0.016047832011393967
CHEMBL3545154	EEF1A2	CbGpMF	0.016047832011393967
CHEMBL3218575	EEF1A2	CbGpMF	0.016047832011393967
CHEMBL3545360	EEF1A2	CbGpMF	0.016047832011393967
CHEMBL1721885	EEF1A2	CbGpMF	0.016047832011393967
CHEMBL2105717	EEF1A2	CbGpMF	0.016047832011393967
CHEMBL1088752	EEF1A2	CbGpMF	0.016047832011393967
CHEMBL477772	EEF1A2	CbGpMF	0.016047832011393967
CHEMBL3184679	EEF1A2	CbGpMF	0.016047832011393967
CHEMBL3991934	EEF1A2	CbGpMF	0.016047832011393967
CHEMBL571948	EEF1A2	CbGpMF	0.016047832011393967
CHEMBL428690	EEF1A2	CbGpMF	0.016047832011393967
CHEMBL2105759	EEF1A2	CbGpMF	0.016047832011393967
CHEMBL1738757	EEF1A2	CbGpMF	0.016047832011393967
CHEMBL1614710	EEF1A2	CbGpMF	0.016047832011393967
CHEMBL2029988	EEF1A2	CbGpMF	0.016047832011393967
CHEMBL3991933	EEF1A2	CbGpMF	0.016047832011393967
CHEMBL551064	EEF1A2	CbGpMF	0.016047832011393967
CHEMBL1908391	EEF1A2	CbGpMF	0.016047832011393967
CHEMBL1615025	EEF1A2	CbGpMF	0.016047832011393967
CHEMBL941	EEF1A2	CbGpMF	0.016047832011393967
CHEMBL2105728	EEF1A2	CbGpMF	0.016047832011393967
CHEMBL2220486	EEF1A2	CbGpMF	0.016047832011393967
CHEMBL445813	EEF1A2	CbGpMF	0.016047832011393967
CHEMBL939	EEF1A2	CbGpMF	0.016047832011393967
CHEMBL283120	EEF1A2	CbGpMF	0.016047832011393967
CHEMBL3545157	EEF1A2	CbGpMF	0.016047832011393967
CHEMBL3590106	EEF1A2	CbGpMF	0.016047832011393967
CHEMBL3218578	EEF1A2	CbGpMF	0.016047832011393967
CHEMBL3301610	EEF1A2	CbGpMF	0.016047832011393967
CHEMBL253969	EEF1A2	CbGpMF	0.016047832011393967
CHEMBL415049	EEF1A2	CbGpMF	0.016047832011393967
CHEMBL1738797	EEF1A2	CbGpMF	0.016047832011393967
CHEMBL4084193	EEF1A2	CbGpMF	0.016047832011393967
CHEMBL3408248	EEF1A2	CbGpMF	0.016047832011393967
CHEMBL608533	EEF1A2	CbGpMF	0.016047832011393967
CHEMBL31965	EEF1A2	CbGpMF	0.016047832011393967
CHEMBL2107832	EEF1A2	CbGpMF	0.016047832011393967
CHEMBL14762	EEF1A2	CbGpMF	0.016047832011393967
CHEMBL2048872	EEF1A2	CbGpMF	0.016047832011393967
CHEMBL2325741	EEF1A2	CbGpMF	0.016047832011393967
CHEMBL2376648	EEF1A2	CbGpMF	0.016047832011393967
CHEMBL1084546	EEF1A2	CbGpMF	0.016047832011393967
CHEMBL3545076	EEF1A2	CbGpMF	0.016047832011393967
CHEMBL2103830	EEF1A2	CbGpMF	0.016047832011393967
CHEMBL2336325	EEF1A2	CbGpMF	0.016047832011393967
CHEMBL1091644	EEF1A2	CbGpMF	0.016047832011393967
CHEMBL2035187	EEF1A2	CbGpMF	0.016047832011393967
CHEMBL475251	EEF1A2	CbGpMF	0.016047832011393967
CHEMBL3188267	EEF1A2	CbGpMF	0.016047832011393967
CHEMBL553	EEF1A2	CbGpMF	0.016047832011393967
CHEMBL603469	EEF1A2	CbGpMF	0.016047832011393967
CHEMBL572881	EEF1A2	CbGpMF	0.016047832011393967
CHEMBL2103842	EEF1A2	CbGpMF	0.016047832011393967
CHEMBL3989914	EEF1A2	CbGpMF	0.016047832011393967
CHEMBL1236962	EEF1A2	CbGpMF	0.016047832011393967
CHEMBL1241855	EEF1A2	CbGpMF	0.016047832011393967
CHEMBL2103851	EEF1A2	CbGpMF	0.016047832011393967
CHEMBL372764	EEF1A2	CbGpMF	0.016047832011393967
CHEMBL462018	EEF1A2	CbGpMF	0.016047832011393967
CHEMBL377300	EEF1A2	CbGpMF	0.016047832011393967
CHEMBL483158	EEF1A2	CbGpMF	0.016047832011393967
CHEMBL1094408	EEF1A2	CbGpMF	0.016047832011393967
CHEMBL1289926	EEF1A2	CbGpMF	0.016047832011393967
CHEMBL215152	EEF1A2	CbGpMF	0.016047832011393967
CHEMBL281948	EEF1A2	CbGpMF	0.016047832011393967
CHEMBL3264002	EEF1A2	CbGpMF	0.016047832011393967
CHEMBL1908394	EEF1A2	CbGpMF	0.016047832011393967
CHEMBL24828	EEF1A2	CbGpMF	0.016047832011393967
CHEMBL1944698	EEF1A2	CbGpMF	0.016047832011393967
CHEMBL3544966	EEF1A2	CbGpMF	0.016047832011393967
CHEMBL3991929	EEF1A2	CbGpMF	0.016047832011393967
CHEMBL482968	EEF1A2	CbGpMF	0.016047832011393967
CHEMBL2138625	EEF1A2	CbGpMF	0.016047832011393967
CHEMBL564829	EEF1A2	CbGpMF	0.016047832011393967
CHEMBL405130	EEF1A2	CbGpMF	0.016047832011393967
CHEMBL2396661	EEF1A2	CbGpMF	0.016047832011393967
CHEMBL223360	EEF1A2	CbGpMF	0.016047832011393967
CHEMBL488436	EEF1A2	CbGpMF	0.016047832011393967
CHEMBL1645462	EEF1A2	CbGpMF	0.016047832011393967
CHEMBL460702	EEF1A2	CbGpMF	0.016047832011393967
CHEMBL496102	EEF1A2	CbGpMF	0.016047832011393967
CHEMBL3545110	EEF1A2	CbGpMF	0.016047832011393967
CHEMBL2030402	EEF1A2	CbGpMF	0.016047832011393967
CHEMBL558752	EEF1A2	CbGpMF	0.017041206986550442
CHEMBL3544964	EEF1A2	CbGpMF	0.016047832011393967
CHEMBL1079175	EEF1A2	CbGpMF	0.016047832011393967
CHEMBL2041933	EEF1A2	CbGpMF	0.016047832011393967
CHEMBL1879463	EEF1A2	CbGpMF	0.016047832011393967
CHEMBL3991931	EEF1A2	CbGpMF	0.016047832011393967
CHEMBL1088751	EEF1A2	CbGpMF	0.016047832011393967
CHEMBL3301612	EEF1A2	CbGpMF	0.016047832011393967
CHEMBL502835	EEF1A2	CbGpMF	0.016047832011393967
CHEMBL3039517	EEF1A2	CbGpMF	0.016047832011393967
CHEMBL2180604	EEF1A2	CbGpMF	0.016047832011393967
CHEMBL124660	EEF1A2	CbGpMF	0.016047832011393967
CHEMBL1236107	EEF1A2	CbGpMF	0.016047832011393967
CHEMBL400402	EEF1A2	CbGpMF	0.016047832011393967
CHEMBL2017974	EEF1A2	CbGpMF	0.016047832011393967
CHEMBL483321	EEF1A2	CbGpMF	0.016047832011393967
CHEMBL2216870	EEF1A2	CbGpMF	0.016047832011393967
CHEMBL1336	EEF1A2	CbGpMF	0.016047832011393967
CHEMBL3907479	EEF1A2	CbGpMF	0.016047832011393967
CHEMBL1976040	EEF1A2	CbGpMF	0.016047832011393967
CHEMBL3544983	EEF1A2	CbGpMF	0.016047832011393967
CHEMBL3699142	EEF1A2	CbGpMF	0.016047832011393967
CHEMBL3137331	EEF1A2	CbGpMF	0.016047832011393967
CHEMBL574737	EEF1A2	CbGpMF	0.016047832011393967
CHEMBL1614766	EEF1A2	CbGpMF	0.016047832011393967
CHEMBL1952329	EEF1A2	CbGpMF	0.016047832011393967
CHEMBL1908360	EEF1A2	CbGpMF	0.016047832011393967
CHEMBL101253	EEF1A2	CbGpMF	0.016047832011393967
CHEMBL2219422	EEF1A2	CbGpMF	0.016047832011393967
CHEMBL3120215	EEF1A2	CbGpMF	0.016047832011393967
CHEMBL3991935	EEF1A2	CbGpMF	0.016047832011393967
CHEMBL2103882	EEF1A2	CbGpMF	0.016047832011393967
CHEMBL206834	EEF1A2	CbGpMF	0.016047832011393967
CHEMBL3426621	EEF1A2	CbGpMF	0.016047832011393967
CHEMBL2403108	EEF1A2	CbGpMF	0.016047832011393967
CHEMBL1234354	EEF1A2	CbGpMF	0.016047832011393967
CHEMBL217092	EEF1A2	CbGpMF	0.016047832011393967
CHEMBL1090090	EEF1A2	CbGpMF	0.016047832011393967
CHEMBL3039525	EEF1A2	CbGpMF	0.016047832011393967
CHEMBL189963	EEF1A2	CbGpMF	0.016047832011393967
CHEMBL1233300	EEF1A2	CbGpMF	0.016047832011393967
CHEMBL402548	EEF1A2	CbGpMF	0.016047832011393967
CHEMBL3813873	EEF1A2	CbGpMF	0.016047832011393967
CHEMBL3545366	EEF1A2	CbGpMF	0.016047832011393967
CHEMBL3545307	EEF1A2	CbGpMF	0.016047832011393967
CHEMBL1171837	EEF1A2	CbGpMF	0.016047832011393967
CHEMBL3991927	EEF1A2	CbGpMF	0.016047832011393967
CHEMBL2087361	EEF1A2	CbGpMF	0.016047832011393967
CHEMBL274654	EEF1A2	CbGpMF	0.016047832011393967
CHEMBL565612	EEF1A2	CbGpMF	0.016047832011393967
CHEMBL3109738	EEF1A2	CbGpMF	0.016047832011393967
CHEMBL1950289	EEF1A2	CbGpMF	0.016047832011393967
CHEMBL1231124	EEF1A2	CbGpMF	0.016047832011393967
CHEMBL3188551	EEF1A2	CbGpMF	0.016047832011393967
CHEMBL3545396	EEF1A2	CbGpMF	0.016047832011393967
CHEMBL1667969	EEF1A2	CbGpMF	0.016047832011393967
CHEMBL38380	EEF1A2	CbGpMF	0.016047832011393967
CHEMBL514201	EEF1A2	CbGpMF	0.016047832011393967
CHEMBL1287853	EEF1A2	CbGpMF	0.016047832011393967
CHEMBL1289494	EEF1A2	CbGpMF	0.016047832011393967
CHEMBL521851	EEF1A2	CbGpMF	0.016047832011393967
CHEMBL2364611	EEF1A2	CbGpMF	0.016047832011393967
CHEMBL1230607	EEF1A2	CbGpMF	0.016047832011393967
CHEMBL2323775	EEF1A2	CbGpMF	0.016047832011393967
CHEMBL221959	EEF1A2	CbGpMF	0.016047832011393967
CHEMBL3545308	EEF1A2	CbGpMF	0.016047832011393967
CHEMBL2001019	EEF1A2	CbGpMF	0.016047832011393967
CHEMBL535	EEF1A2	CbGpMF	0.016047832011393967
CHEMBL91829	EEF1A2	CbGpMF	0.016047832011393967
CHEMBL513909	EEF1A2	CbGpMF	0.016047832011393967
CHEMBL3990456	EEF1A2	CbGpMF	0.016047832011393967
CHEMBL2133806	EEF1A2	CbGpMF	0.016047832011393967
CHEMBL1789941	EEF1A2	CbGpMF	0.016047832011393967
CHEMBL554	EEF1A2	CbGpMF	0.016047832011393967
CHEMBL3187723	EEF1A2	CbGpMF	0.016047832011393967
CHEMBL1614701	EEF1A2	CbGpMF	0.016047832011393967
CHEMBL1822792	EEF1A2	CbGpMF	0.016047832011393967
CHEMBL2146883	EEF1A2	CbGpMF	0.016047832011393967
CHEMBL2140408	EEF1A2	CbGpMF	0.016047832011393967
CHEMBL411907	EEF1A2	CbGpMF	0.016047832011393967
CHEMBL384304	EEF1A2	CbGpMF	0.016047832011393967
CHEMBL2103840	EEF1A2	CbGpMF	0.017041206986550442
CHEMBL230011	EEF1A2	CbGpMF	0.016047832011393967
CHEMBL4294164	EEF1A2	CbGpMF	0.17892356183656125
CHEMBL5653589	EEF1A2	CbGpMF	0.2481963765594586
CHEMBL3752910	EEF1A2	CbGpMF	0.08066736081342016
CHEMBL1232461	EEF1A2	CbGpMF	0.1427604260949906
CHEMBL1221911	EEF1A2	CbGpMF	0.08969935109175096
CHEMBL123292	EEF1A2	CbGpMF	0.07285862079592734
CHEMBL2303630	EEF1A2	CbGpMF	0.08969935109175096
CHEMBL1802814	EEF1A2	CbGpMF	0.3805186911448763
CHEMBL1802815	EEF1A2	CbGpMF	0.3805186911448763
CHEMBL1802973	EEF1A2	CbGpMF	0.3805186911448763
CHEMBL3799977	EEF1A2	CbGpMF	0.08969935109175096
CHEMBL4066032	EEF1A2	CbGpMF	0.08969935109175096
CHEMBL4095101	EEF1A2	CbGpMF	0.08969935109175096
CHEMBL4097524	EEF1A2	CbGpMF	0.08969935109175096
CHEMBL4070348	EEF1A2	CbGpMF	0.08969935109175096
CHEMBL4094319	EEF1A2	CbGpMF	0.08969935109175096
CHEMBL4072881	EEF1A2	CbGpMF	0.08969935109175096
CHEMBL4067648	EEF1A2	CbGpMF	0.08969935109175096
CHEMBL4088864	EEF1A2	CbGpMF	0.08969935109175096
CHEMBL4105227	EEF1A2	CbGpMF	0.08969935109175096
CHEMBL514569	EEF1A2	CbGpMF	0.08969935109175096
CHEMBL4129274	EEF1A2	CbGpMF	0.040658513648897804
CHEMBL50	EEF1A2	CbGpMF	0.006438175416477655
CHEMBL557848	EEF1A2	CbGpMF	0.006438175416477655
CHEMBL549777	EEF1A2	CbGpMF	0.006438175416477655
CHEMBL564153	EEF1A2	CbGpMF	0.006438175416477655
CHEMBL549776	EEF1A2	CbGpMF	0.006438175416477655
CHEMBL559728	EEF1A2	CbGpMF	0.006438175416477655
CHEMBL554519	EEF1A2	CbGpMF	0.006438175416477655
CHEMBL551320	EEF1A2	CbGpMF	0.006438175416477655
CHEMBL562911	EEF1A2	CbGpMF	0.006438175416477655
CHEMBL559530	EEF1A2	CbGpMF	0.006438175416477655
CHEMBL569598	EEF1A2	CbGpMF	0.006438175416477655
CHEMBL551057	EEF1A2	CbGpMF	0.006438175416477655
CHEMBL551056	EEF1A2	CbGpMF	0.006438175416477655
CHEMBL561378	EEF1A2	CbGpMF	0.006438175416477655
CHEMBL562322	EEF1A2	CbGpMF	0.006438175416477655
CHEMBL564420	EEF1A2	CbGpMF	0.006438175416477655
CHEMBL550653	EEF1A2	CbGpMF	0.006438175416477655
CHEMBL564701	EEF1A2	CbGpMF	0.006438175416477655
CHEMBL569836	EEF1A2	CbGpMF	0.006438175416477655
CHEMBL550509	EEF1A2	CbGpMF	0.006438175416477655
CHEMBL551996	EEF1A2	CbGpMF	0.006438175416477655
CHEMBL570768	EEF1A2	CbGpMF	0.006438175416477655
CHEMBL561059	EEF1A2	CbGpMF	0.006438175416477655
CHEMBL559343	EEF1A2	CbGpMF	0.006438175416477655
CHEMBL564532	EEF1A2	CbGpMF	0.006438175416477655
CHEMBL560380	EEF1A2	CbGpMF	0.006438175416477655
CHEMBL561724	EEF1A2	CbGpMF	0.006438175416477655
CHEMBL2021570	EEF1A2	CbGpMF	0.006438175416477655
CHEMBL2021569	EEF1A2	CbGpMF	0.006438175416477655
CHEMBL549495	EEF1A2	CbGpMF	0.006438175416477655
CHEMBL554525	EEF1A2	CbGpMF	0.006438175416477655
CHEMBL558309	EEF1A2	CbGpMF	0.006438175416477655
CHEMBL549427	EEF1A2	CbGpMF	0.006438175416477655
CHEMBL560657	EEF1A2	CbGpMF	0.006438175416477655
CHEMBL552321	EEF1A2	CbGpMF	0.006438175416477655
CHEMBL552320	EEF1A2	CbGpMF	0.006438175416477655
CHEMBL557917	EEF1A2	CbGpMF	0.006438175416477655
CHEMBL561119	EEF1A2	CbGpMF	0.006438175416477655
CHEMBL570771	EEF1A2	CbGpMF	0.006438175416477655
CHEMBL557507	EEF1A2	CbGpMF	0.006438175416477655
CHEMBL550790	EEF1A2	CbGpMF	0.006438175416477655
CHEMBL552259	EEF1A2	CbGpMF	0.006438175416477655
CHEMBL550179	EEF1A2	CbGpMF	0.006438175416477655
CHEMBL551918	EEF1A2	CbGpMF	0.006438175416477655
CHEMBL549837	EEF1A2	CbGpMF	0.006438175416477655
CHEMBL560858	EEF1A2	CbGpMF	0.006438175416477655
CHEMBL551995	EEF1A2	CbGpMF	0.006438175416477655
CHEMBL555689	EEF1A2	CbGpMF	0.006438175416477655
CHEMBL570772	EEF1A2	CbGpMF	0.006438175416477655
CHEMBL558247	EEF1A2	CbGpMF	0.006438175416477655
CHEMBL556491	EEF1A2	CbGpMF	0.006438175416477655
CHEMBL559594	EEF1A2	CbGpMF	0.006438175416477655
CHEMBL564799	EEF1A2	CbGpMF	0.006438175416477655
CHEMBL561125	EEF1A2	CbGpMF	0.006438175416477655
CHEMBL559595	EEF1A2	CbGpMF	0.006438175416477655
CHEMBL553924	EEF1A2	CbGpMF	0.006438175416477655
CHEMBL562794	EEF1A2	CbGpMF	0.006438175416477655
CHEMBL541255	EEF1A2	CbGpMF	0.006438175416477655
CHEMBL550516	EEF1A2	CbGpMF	0.006438175416477655
CHEMBL551602	EEF1A2	CbGpMF	0.006438175416477655
CHEMBL551807	EEF1A2	CbGpMF	0.006438175416477655
CHEMBL560663	EEF1A2	CbGpMF	0.006438175416477655
CHEMBL550249	EEF1A2	CbGpMF	0.006438175416477655
CHEMBL557716	EEF1A2	CbGpMF	0.006438175416477655
CHEMBL558033	EEF1A2	CbGpMF	0.006438175416477655
CHEMBL564316	EEF1A2	CbGpMF	0.006438175416477655
CHEMBL559039	EEF1A2	CbGpMF	0.006438175416477655
CHEMBL550251	EEF1A2	CbGpMF	0.006438175416477655
CHEMBL565134	EEF1A2	CbGpMF	0.006438175416477655
CHEMBL563049	EEF1A2	CbGpMF	0.006438175416477655
CHEMBL570073	EEF1A2	CbGpMF	0.006438175416477655
CHEMBL561266	EEF1A2	CbGpMF	0.006438175416477655
CHEMBL301982	EEF1A2	CbGpMF	0.006438175416477655
CHEMBL561265	EEF1A2	CbGpMF	0.006438175416477655
CHEMBL3286745	EEF1A2	CbGpMF	0.006438175416477655
CHEMBL1240927	EEF1A2	CbGpMF	0.006438175416477655
CHEMBL3609826	EEF1A2	CbGpMF	0.006438175416477655
CHEMBL3608911	EEF1A2	CbGpMF	0.006438175416477655
CHEMBL463763	EEF1A2	CbGpMF	0.006438175416477655
CHEMBL3937369	EEF1A2	CbGpMF	0.006438175416477655
CHEMBL3975567	EEF1A2	CbGpMF	0.006438175416477655
CHEMBL3946252	EEF1A2	CbGpMF	0.006438175416477655
CHEMBL3947240	EEF1A2	CbGpMF	0.006438175416477655
CHEMBL3919459	EEF1A2	CbGpMF	0.006438175416477655
CHEMBL3955977	EEF1A2	CbGpMF	0.006438175416477655
CHEMBL3928361	EEF1A2	CbGpMF	0.006438175416477655
CHEMBL3900925	EEF1A2	CbGpMF	0.006438175416477655
CHEMBL3972065	EEF1A2	CbGpMF	0.006438175416477655
CHEMBL3953713	EEF1A2	CbGpMF	0.006438175416477655
CHEMBL3901185	EEF1A2	CbGpMF	0.006438175416477655
CHEMBL3944589	EEF1A2	CbGpMF	0.006438175416477655
CHEMBL3916672	EEF1A2	CbGpMF	0.006438175416477655
CHEMBL3964729	EEF1A2	CbGpMF	0.006438175416477655
CHEMBL3911352	EEF1A2	CbGpMF	0.006438175416477655
CHEMBL3936187	EEF1A2	CbGpMF	0.006438175416477655
CHEMBL3957716	EEF1A2	CbGpMF	0.006438175416477655
CHEMBL3891011	EEF1A2	CbGpMF	0.006438175416477655
CHEMBL3969412	EEF1A2	CbGpMF	0.006438175416477655
CHEMBL3922414	EEF1A2	CbGpMF	0.006438175416477655
CHEMBL3973213	EEF1A2	CbGpMF	0.006438175416477655
CHEMBL3983798	EEF1A2	CbGpMF	0.006438175416477655
CHEMBL3919811	EEF1A2	CbGpMF	0.006438175416477655
CHEMBL3923966	EEF1A2	CbGpMF	0.006438175416477655
CHEMBL3905315	EEF1A2	CbGpMF	0.006438175416477655
CHEMBL3967087	EEF1A2	CbGpMF	0.006438175416477655
CHEMBL4070633	EEF1A2	CbGpMF	0.006438175416477655
CHEMBL4087666	EEF1A2	CbGpMF	0.006438175416477655
CHEMBL4082534	EEF1A2	CbGpMF	0.006438175416477655
CHEMBL4066791	EEF1A2	CbGpMF	0.006438175416477655
CHEMBL4077078	EEF1A2	CbGpMF	0.006438175416477655
CHEMBL4099031	EEF1A2	CbGpMF	0.006438175416477655
CHEMBL4063438	EEF1A2	CbGpMF	0.006438175416477655
CHEMBL4091297	EEF1A2	CbGpMF	0.006438175416477655
CHEMBL4081256	EEF1A2	CbGpMF	0.006438175416477655
CHEMBL4077611	EEF1A2	CbGpMF	0.006438175416477655
CHEMBL4063608	EEF1A2	CbGpMF	0.006438175416477655
CHEMBL4063330	EEF1A2	CbGpMF	0.006438175416477655
CHEMBL4069552	EEF1A2	CbGpMF	0.006438175416477655
CHEMBL4096048	EEF1A2	CbGpMF	0.006438175416477655
CHEMBL3125890	EEF1A2	CbGpMF	0.006438175416477655
CHEMBL2144069	EEF1A2	CbGpMF	0.006438175416477655
CHEMBL525191	EEF1A2	CbGpMF	0.006438175416477655
CHEMBL4070302	EEF1A2	CbGpMF	0.006438175416477655
CHEMBL4091953	EEF1A2	CbGpMF	0.006438175416477655
CHEMBL4102297	EEF1A2	CbGpMF	0.006438175416477655
CHEMBL186526	EEF1A2	CbGpMF	0.006438175416477655
CHEMBL4101619	EEF1A2	CbGpMF	0.006438175416477655
CHEMBL4083615	EEF1A2	CbGpMF	0.006438175416477655
CHEMBL4076337	EEF1A2	CbGpMF	0.006438175416477655
CHEMBL4066800	EEF1A2	CbGpMF	0.006438175416477655
CHEMBL4066949	EEF1A2	CbGpMF	0.006438175416477655
CHEMBL4071793	EEF1A2	CbGpMF	0.006438175416477655
CHEMBL4076144	EEF1A2	CbGpMF	0.006438175416477655
CHEMBL4072087	EEF1A2	CbGpMF	0.006438175416477655
CHEMBL4098083	EEF1A2	CbGpMF	0.006438175416477655
CHEMBL4090359	EEF1A2	CbGpMF	0.006438175416477655
CHEMBL4100535	EEF1A2	CbGpMF	0.006438175416477655
CHEMBL4094691	EEF1A2	CbGpMF	0.006438175416477655
CHEMBL188678	EEF1A2	CbGpMF	0.006438175416477655
CHEMBL242529	EEF1A2	CbGpMF	0.006438175416477655
CHEMBL501870	EEF1A2	CbGpMF	0.006438175416477655
CHEMBL4207280	EEF1A2	CbGpMF	0.006438175416477655
CHEMBL4207816	EEF1A2	CbGpMF	0.006438175416477655
CHEMBL4288307	EEF1A2	CbGpMF	0.006438175416477655
CHEMBL4280406	EEF1A2	CbGpMF	0.006438175416477655
CHEMBL4283002	EEF1A2	CbGpMF	0.006438175416477655
CHEMBL4293586	EEF1A2	CbGpMF	0.006438175416477655
CHEMBL4288525	EEF1A2	CbGpMF	0.006438175416477655
CHEMBL4277867	EEF1A2	CbGpMF	0.006438175416477655
CHEMBL4285168	EEF1A2	CbGpMF	0.006438175416477655
CHEMBL4293003	EEF1A2	CbGpMF	0.006438175416477655
CHEMBL4276798	EEF1A2	CbGpMF	0.006438175416477655
CHEMBL4284740	EEF1A2	CbGpMF	0.006438175416477655
CHEMBL4291948	EEF1A2	CbGpMF	0.006438175416477655
CHEMBL4281330	EEF1A2	CbGpMF	0.006438175416477655
CHEMBL4293406	EEF1A2	CbGpMF	0.006438175416477655
CHEMBL4282794	EEF1A2	CbGpMF	0.006438175416477655
CHEMBL4514442	EEF1A2	CbGpMF	0.006438175416477655
CHEMBL438605	EEF1A2	CbGpMF	0.006438175416477655
CHEMBL4877620	EEF1A2	CbGpMF	0.006438175416477655
CHEMBL4848310	EEF1A2	CbGpMF	0.006438175416477655
CHEMBL4846644	EEF1A2	CbGpMF	0.006438175416477655
CHEMBL4876187	EEF1A2	CbGpMF	0.006438175416477655
CHEMBL5200595	EEF1A2	CbGpMF	0.006438175416477655
CHEMBL520014	EEF1A2	CbGpMF	0.006438175416477655
CHEMBL278315	EEF1A2	CbGpMF	0.006438175416477655
CHEMBL5398773	EEF1A2	CbGpMF	0.006438175416477655
CHEMBL5441131	EEF1A2	CbGpMF	0.006438175416477655
CHEMBL5402290	EEF1A2	CbGpMF	0.006438175416477655
CHEMBL2110732	EEF1A1	CbGpCC	0.010306834172798469
CHEMBL3353410	EEF1A1	CbGpCC	0.010306834172798469
CHEMBL3545085	EEF1A1	CbGpCC	0.010306834172798469
CHEMBL571546	EEF1A1	CbGpCC	0.010306834172798469
CHEMBL494089	EEF1A1	CbGpCC	0.010306834172798469
CHEMBL572878	EEF1A1	CbGpCC	0.010306834172798469
CHEMBL1614713	EEF1A1	CbGpCC	0.010306834172798469
CHEMBL3301622	EEF1A1	CbGpCC	0.010306834172798469
CHEMBL1614725	EEF1A1	CbGpCC	0.010306834172798469
CHEMBL288441	EEF1A1	CbGpCC	0.010306834172798469
CHEMBL482767	EEF1A1	CbGpCC	0.010306834172798469
CHEMBL536151	EEF1A1	CbGpCC	0.010306834172798469
CHEMBL413	EEF1A1	CbGpCC	0.010306834172798469
CHEMBL270995	EEF1A1	CbGpCC	0.010306834172798469
CHEMBL482967	EEF1A1	CbGpCC	0.010306834172798469
CHEMBL592445	EEF1A1	CbGpCC	0.010306834172798469
CHEMBL1233528	EEF1A1	CbGpCC	0.010306834172798469
CHEMBL601719	EEF1A1	CbGpCC	0.010306834172798469
CHEMBL3334567	EEF1A1	CbGpCC	0.010306834172798469
CHEMBL507361	EEF1A1	CbGpCC	0.010306834172798469
CHEMBL3348923	EEF1A1	CbGpCC	0.010306834172798469
CHEMBL3545328	EEF1A1	CbGpCC	0.010306834172798469
CHEMBL1614707	EEF1A1	CbGpCC	0.010306834172798469
CHEMBL1236682	EEF1A1	CbGpCC	0.010306834172798469
CHEMBL3402762	EEF1A1	CbGpCC	0.010306834172798469
CHEMBL2408045	EEF1A1	CbGpCC	0.010306834172798469
CHEMBL300138	EEF1A1	CbGpCC	0.010306834172798469
CHEMBL576982	EEF1A1	CbGpCC	0.010306834172798469
CHEMBL3600873	EEF1A1	CbGpCC	0.010306834172798469
CHEMBL296468	EEF1A1	CbGpCC	0.010306834172798469
CHEMBL3688339	EEF1A1	CbGpCC	0.010306834172798469
CHEMBL3182621	EEF1A1	CbGpCC	0.010306834172798469
CHEMBL3989868	EEF1A1	CbGpCC	0.010306834172798469
CHEMBL1173655	EEF1A1	CbGpCC	0.010306834172798469
CHEMBL1289601	EEF1A1	CbGpCC	0.010306834172798469
CHEMBL587723	EEF1A1	CbGpCC	0.010306834172798469
CHEMBL255863	EEF1A1	CbGpCC	0.010306834172798469
CHEMBL3137336	EEF1A1	CbGpCC	0.010306834172798469
CHEMBL607707	EEF1A1	CbGpCC	0.010306834172798469
CHEMBL491473	EEF1A1	CbGpCC	0.010306834172798469
CHEMBL598797	EEF1A1	CbGpCC	0.010306834172798469
CHEMBL522892	EEF1A1	CbGpCC	0.010306834172798469
CHEMBL403989	EEF1A1	CbGpCC	0.010306834172798469
CHEMBL1908397	EEF1A1	CbGpCC	0.010306834172798469
CHEMBL259084	EEF1A1	CbGpCC	0.010306834172798469
CHEMBL2386889	EEF1A1	CbGpCC	0.010306834172798469
CHEMBL1230609	EEF1A1	CbGpCC	0.010306834172798469
CHEMBL1873475	EEF1A1	CbGpCC	0.010306834172798469
CHEMBL3218576	EEF1A1	CbGpCC	0.010306834172798469
CHEMBL2103875	EEF1A1	CbGpCC	0.010306834172798469
CHEMBL2028663	EEF1A1	CbGpCC	0.011605493688252755
CHEMBL3186534	EEF1A1	CbGpCC	0.010306834172798469
CHEMBL2165191	EEF1A1	CbGpCC	0.010306834172798469
CHEMBL3301607	EEF1A1	CbGpCC	0.010306834172798469
CHEMBL4289017	EEF1A1	CbGpCC	0.010306834172798469
CHEMBL1983268	EEF1A1	CbGpCC	0.010306834172798469
CHEMBL3545083	EEF1A1	CbGpCC	0.010306834172798469
CHEMBL1801204	EEF1A1	CbGpCC	0.010306834172798469
CHEMBL2079588	EEF1A1	CbGpCC	0.010306834172798469
CHEMBL575448	EEF1A1	CbGpCC	0.010306834172798469
CHEMBL1078178	EEF1A1	CbGpCC	0.010306834172798469
CHEMBL180022	EEF1A1	CbGpCC	0.010306834172798469
CHEMBL1201182	EEF1A1	CbGpCC	0.010306834172798469
CHEMBL1230165	EEF1A1	CbGpCC	0.010306834172798469
CHEMBL3128043	EEF1A1	CbGpCC	0.010306834172798469
CHEMBL1229517	EEF1A1	CbGpCC	0.011605493688252755
CHEMBL495727	EEF1A1	CbGpCC	0.010306834172798469
CHEMBL3545215	EEF1A1	CbGpCC	0.010306834172798469
CHEMBL1922094	EEF1A1	CbGpCC	0.010306834172798469
CHEMBL3991932	EEF1A1	CbGpCC	0.010306834172798469
CHEMBL3544960	EEF1A1	CbGpCC	0.010306834172798469
CHEMBL1946170	EEF1A1	CbGpCC	0.010306834172798469
CHEMBL3544932	EEF1A1	CbGpCC	0.010306834172798469
CHEMBL5416410	EEF1A1	CbGpCC	0.010306834172798469
CHEMBL1090479	EEF1A1	CbGpCC	0.010306834172798469
CHEMBL2103839	EEF1A1	CbGpCC	0.010306834172798469
CHEMBL3039513	EEF1A1	CbGpCC	0.010306834172798469
CHEMBL3545154	EEF1A1	CbGpCC	0.010306834172798469
CHEMBL3218575	EEF1A1	CbGpCC	0.010306834172798469
CHEMBL3545360	EEF1A1	CbGpCC	0.010306834172798469
CHEMBL1721885	EEF1A1	CbGpCC	0.010306834172798469
CHEMBL2105717	EEF1A1	CbGpCC	0.010306834172798469
CHEMBL1088752	EEF1A1	CbGpCC	0.010306834172798469
CHEMBL477772	EEF1A1	CbGpCC	0.010306834172798469
CHEMBL3184679	EEF1A1	CbGpCC	0.010306834172798469
CHEMBL3991934	EEF1A1	CbGpCC	0.010306834172798469
CHEMBL571948	EEF1A1	CbGpCC	0.010306834172798469
CHEMBL428690	EEF1A1	CbGpCC	0.010306834172798469
CHEMBL2105759	EEF1A1	CbGpCC	0.010306834172798469
CHEMBL1738757	EEF1A1	CbGpCC	0.010306834172798469
CHEMBL1614710	EEF1A1	CbGpCC	0.010306834172798469
CHEMBL2029988	EEF1A1	CbGpCC	0.010306834172798469
CHEMBL3991933	EEF1A1	CbGpCC	0.010306834172798469
CHEMBL551064	EEF1A1	CbGpCC	0.010306834172798469
CHEMBL1908391	EEF1A1	CbGpCC	0.010306834172798469
CHEMBL1615025	EEF1A1	CbGpCC	0.010306834172798469
CHEMBL941	EEF1A1	CbGpCC	0.010306834172798469
CHEMBL2105728	EEF1A1	CbGpCC	0.010306834172798469
CHEMBL2220486	EEF1A1	CbGpCC	0.010306834172798469
CHEMBL445813	EEF1A1	CbGpCC	0.010306834172798469
CHEMBL939	EEF1A1	CbGpCC	0.010306834172798469
CHEMBL283120	EEF1A1	CbGpCC	0.010306834172798469
CHEMBL3545157	EEF1A1	CbGpCC	0.010306834172798469
CHEMBL3590106	EEF1A1	CbGpCC	0.010306834172798469
CHEMBL3218578	EEF1A1	CbGpCC	0.010306834172798469
CHEMBL3301610	EEF1A1	CbGpCC	0.010306834172798469
CHEMBL253969	EEF1A1	CbGpCC	0.010306834172798469
CHEMBL415049	EEF1A1	CbGpCC	0.010306834172798469
CHEMBL1738797	EEF1A1	CbGpCC	0.010306834172798469
CHEMBL4084193	EEF1A1	CbGpCC	0.010306834172798469
CHEMBL3408248	EEF1A1	CbGpCC	0.010306834172798469
CHEMBL608533	EEF1A1	CbGpCC	0.010306834172798469
CHEMBL31965	EEF1A1	CbGpCC	0.010306834172798469
CHEMBL2107832	EEF1A1	CbGpCC	0.010306834172798469
CHEMBL14762	EEF1A1	CbGpCC	0.010306834172798469
CHEMBL2048872	EEF1A1	CbGpCC	0.010306834172798469
CHEMBL2325741	EEF1A1	CbGpCC	0.010306834172798469
CHEMBL2376648	EEF1A1	CbGpCC	0.010306834172798469
CHEMBL1084546	EEF1A1	CbGpCC	0.010306834172798469
CHEMBL3545076	EEF1A1	CbGpCC	0.010306834172798469
CHEMBL2103830	EEF1A1	CbGpCC	0.010306834172798469
CHEMBL2336325	EEF1A1	CbGpCC	0.010306834172798469
CHEMBL1091644	EEF1A1	CbGpCC	0.010306834172798469
CHEMBL2035187	EEF1A1	CbGpCC	0.010306834172798469
CHEMBL475251	EEF1A1	CbGpCC	0.010306834172798469
CHEMBL3188267	EEF1A1	CbGpCC	0.010306834172798469
CHEMBL553	EEF1A1	CbGpCC	0.010306834172798469
CHEMBL603469	EEF1A1	CbGpCC	0.010306834172798469
CHEMBL572881	EEF1A1	CbGpCC	0.010306834172798469
CHEMBL2103842	EEF1A1	CbGpCC	0.010306834172798469
CHEMBL3989914	EEF1A1	CbGpCC	0.010306834172798469
CHEMBL1236962	EEF1A1	CbGpCC	0.010306834172798469
CHEMBL1241855	EEF1A1	CbGpCC	0.010306834172798469
CHEMBL2103851	EEF1A1	CbGpCC	0.010306834172798469
CHEMBL372764	EEF1A1	CbGpCC	0.010306834172798469
CHEMBL462018	EEF1A1	CbGpCC	0.010306834172798469
CHEMBL377300	EEF1A1	CbGpCC	0.010306834172798469
CHEMBL483158	EEF1A1	CbGpCC	0.010306834172798469
CHEMBL1094408	EEF1A1	CbGpCC	0.010306834172798469
CHEMBL1289926	EEF1A1	CbGpCC	0.010306834172798469
CHEMBL215152	EEF1A1	CbGpCC	0.010306834172798469
CHEMBL281948	EEF1A1	CbGpCC	0.010306834172798469
CHEMBL3264002	EEF1A1	CbGpCC	0.010306834172798469
CHEMBL1908394	EEF1A1	CbGpCC	0.010306834172798469
CHEMBL24828	EEF1A1	CbGpCC	0.010306834172798469
CHEMBL1944698	EEF1A1	CbGpCC	0.010306834172798469
CHEMBL3544966	EEF1A1	CbGpCC	0.010306834172798469
CHEMBL3991929	EEF1A1	CbGpCC	0.010306834172798469
CHEMBL482968	EEF1A1	CbGpCC	0.010306834172798469
CHEMBL2138625	EEF1A1	CbGpCC	0.010306834172798469
CHEMBL564829	EEF1A1	CbGpCC	0.010306834172798469
CHEMBL405130	EEF1A1	CbGpCC	0.010306834172798469
CHEMBL2396661	EEF1A1	CbGpCC	0.010306834172798469
CHEMBL223360	EEF1A1	CbGpCC	0.010306834172798469
CHEMBL488436	EEF1A1	CbGpCC	0.010306834172798469
CHEMBL1645462	EEF1A1	CbGpCC	0.010306834172798469
CHEMBL460702	EEF1A1	CbGpCC	0.010306834172798469
CHEMBL496102	EEF1A1	CbGpCC	0.010306834172798469
CHEMBL3545110	EEF1A1	CbGpCC	0.010306834172798469
CHEMBL2030402	EEF1A1	CbGpCC	0.010306834172798469
CHEMBL558752	EEF1A1	CbGpCC	0.011605493688252755
CHEMBL3544964	EEF1A1	CbGpCC	0.010306834172798469
CHEMBL1079175	EEF1A1	CbGpCC	0.010306834172798469
CHEMBL2041933	EEF1A1	CbGpCC	0.010306834172798469
CHEMBL1879463	EEF1A1	CbGpCC	0.010306834172798469
CHEMBL3991931	EEF1A1	CbGpCC	0.010306834172798469
CHEMBL1088751	EEF1A1	CbGpCC	0.010306834172798469
CHEMBL3301612	EEF1A1	CbGpCC	0.010306834172798469
CHEMBL502835	EEF1A1	CbGpCC	0.010306834172798469
CHEMBL3039517	EEF1A1	CbGpCC	0.010306834172798469
CHEMBL2180604	EEF1A1	CbGpCC	0.010306834172798469
CHEMBL124660	EEF1A1	CbGpCC	0.010306834172798469
CHEMBL1236107	EEF1A1	CbGpCC	0.010306834172798469
CHEMBL400402	EEF1A1	CbGpCC	0.010306834172798469
CHEMBL2017974	EEF1A1	CbGpCC	0.010306834172798469
CHEMBL483321	EEF1A1	CbGpCC	0.010306834172798469
CHEMBL2216870	EEF1A1	CbGpCC	0.010306834172798469
CHEMBL1336	EEF1A1	CbGpCC	0.010306834172798469
CHEMBL3907479	EEF1A1	CbGpCC	0.010306834172798469
CHEMBL1976040	EEF1A1	CbGpCC	0.010306834172798469
CHEMBL3544983	EEF1A1	CbGpCC	0.010306834172798469
CHEMBL3699142	EEF1A1	CbGpCC	0.010306834172798469
CHEMBL3137331	EEF1A1	CbGpCC	0.010306834172798469
CHEMBL574737	EEF1A1	CbGpCC	0.010306834172798469
CHEMBL1614766	EEF1A1	CbGpCC	0.010306834172798469
CHEMBL1952329	EEF1A1	CbGpCC	0.010306834172798469
CHEMBL1908360	EEF1A1	CbGpCC	0.010306834172798469
CHEMBL101253	EEF1A1	CbGpCC	0.010306834172798469
CHEMBL2219422	EEF1A1	CbGpCC	0.010306834172798469
CHEMBL3120215	EEF1A1	CbGpCC	0.010306834172798469
CHEMBL3991935	EEF1A1	CbGpCC	0.010306834172798469
CHEMBL2103882	EEF1A1	CbGpCC	0.010306834172798469
CHEMBL206834	EEF1A1	CbGpCC	0.010306834172798469
CHEMBL3426621	EEF1A1	CbGpCC	0.010306834172798469
CHEMBL2403108	EEF1A1	CbGpCC	0.010306834172798469
CHEMBL1234354	EEF1A1	CbGpCC	0.010306834172798469
CHEMBL217092	EEF1A1	CbGpCC	0.010306834172798469
CHEMBL1090090	EEF1A1	CbGpCC	0.010306834172798469
CHEMBL3039525	EEF1A1	CbGpCC	0.010306834172798469
CHEMBL189963	EEF1A1	CbGpCC	0.010306834172798469
CHEMBL1233300	EEF1A1	CbGpCC	0.010306834172798469
CHEMBL402548	EEF1A1	CbGpCC	0.010306834172798469
CHEMBL3813873	EEF1A1	CbGpCC	0.010306834172798469
CHEMBL3545366	EEF1A1	CbGpCC	0.010306834172798469
CHEMBL3545307	EEF1A1	CbGpCC	0.010306834172798469
CHEMBL1171837	EEF1A1	CbGpCC	0.010306834172798469
CHEMBL3991927	EEF1A1	CbGpCC	0.010306834172798469
CHEMBL2087361	EEF1A1	CbGpCC	0.010306834172798469
CHEMBL274654	EEF1A1	CbGpCC	0.010306834172798469
CHEMBL565612	EEF1A1	CbGpCC	0.010306834172798469
CHEMBL3109738	EEF1A1	CbGpCC	0.010306834172798469
CHEMBL1950289	EEF1A1	CbGpCC	0.010306834172798469
CHEMBL1231124	EEF1A1	CbGpCC	0.010306834172798469
CHEMBL3188551	EEF1A1	CbGpCC	0.010306834172798469
CHEMBL3545396	EEF1A1	CbGpCC	0.010306834172798469
CHEMBL1667969	EEF1A1	CbGpCC	0.010306834172798469
CHEMBL38380	EEF1A1	CbGpCC	0.010306834172798469
CHEMBL514201	EEF1A1	CbGpCC	0.010306834172798469
CHEMBL1287853	EEF1A1	CbGpCC	0.010306834172798469
CHEMBL1289494	EEF1A1	CbGpCC	0.010306834172798469
CHEMBL521851	EEF1A1	CbGpCC	0.010306834172798469
CHEMBL2364611	EEF1A1	CbGpCC	0.010306834172798469
CHEMBL1230607	EEF1A1	CbGpCC	0.010306834172798469
CHEMBL2323775	EEF1A1	CbGpCC	0.010306834172798469
CHEMBL221959	EEF1A1	CbGpCC	0.010306834172798469
CHEMBL3545308	EEF1A1	CbGpCC	0.010306834172798469
CHEMBL2001019	EEF1A1	CbGpCC	0.010306834172798469
CHEMBL535	EEF1A1	CbGpCC	0.010306834172798469
CHEMBL91829	EEF1A1	CbGpCC	0.010306834172798469
CHEMBL513909	EEF1A1	CbGpCC	0.010306834172798469
CHEMBL3990456	EEF1A1	CbGpCC	0.010306834172798469
CHEMBL2133806	EEF1A1	CbGpCC	0.010306834172798469
CHEMBL1789941	EEF1A1	CbGpCC	0.010306834172798469
CHEMBL554	EEF1A1	CbGpCC	0.010306834172798469
CHEMBL3187723	EEF1A1	CbGpCC	0.010306834172798469
CHEMBL1614701	EEF1A1	CbGpCC	0.010306834172798469
CHEMBL1822792	EEF1A1	CbGpCC	0.010306834172798469
CHEMBL2146883	EEF1A1	CbGpCC	0.010306834172798469
CHEMBL2140408	EEF1A1	CbGpCC	0.010306834172798469
CHEMBL411907	EEF1A1	CbGpCC	0.010306834172798469
CHEMBL384304	EEF1A1	CbGpCC	0.010306834172798469
CHEMBL2103840	EEF1A1	CbGpCC	0.011605493688252755
CHEMBL230011	EEF1A1	CbGpCC	0.010306834172798469
CHEMBL4294164	EEF1A1	CbGpCC	0.2641645830405843
CHEMBL5653589	EEF1A1	CbGpCC	0.3872710627011325
CHEMBL3752910	EEF1A1	CbGpCC	0.3371371471533283
CHEMBL1232461	EEF1A1	CbGpCC	0.3306091054433862
CHEMBL1221911	EEF1A1	CbGpCC	0.27907279567094506
CHEMBL123292	EEF1A1	CbGpCC	0.21529200386667108
CHEMBL2303630	EEF1A1	CbGpCC	0.27907279567094506
CHEMBL1802814	EEF1A1	CbGpCC	0.28650259938550504
CHEMBL1802815	EEF1A1	CbGpCC	0.28650259938550504
CHEMBL1802973	EEF1A1	CbGpCC	0.28650259938550504
CHEMBL3799977	EEF1A1	CbGpCC	0.27907279567094506
CHEMBL4066032	EEF1A1	CbGpCC	0.27907279567094506
CHEMBL4095101	EEF1A1	CbGpCC	0.27907279567094506
CHEMBL4097524	EEF1A1	CbGpCC	0.27907279567094506
CHEMBL4070348	EEF1A1	CbGpCC	0.27907279567094506
CHEMBL4094319	EEF1A1	CbGpCC	0.27907279567094506
CHEMBL4072881	EEF1A1	CbGpCC	0.27907279567094506
CHEMBL4067648	EEF1A1	CbGpCC	0.27907279567094506
CHEMBL4088864	EEF1A1	CbGpCC	0.27907279567094506
CHEMBL4105227	EEF1A1	CbGpCC	0.27907279567094506
CHEMBL514569	EEF1A1	CbGpCC	0.27907279567094506
CHEMBL4062193	EEF1A1	CbGpCC	0.03325717201746119
CHEMBL4101680	EEF1A1	CbGpCC	0.03325717201746119
CHEMBL4093377	EEF1A1	CbGpCC	0.03325717201746119
CHEMBL4129274	EEF1A1	CbGpCC	0.07441273959957437
CHEMBL50	EEF1A1	CbGpCC	0.005006706557275935
CHEMBL557848	EEF1A1	CbGpCC	0.005006706557275935
CHEMBL549777	EEF1A1	CbGpCC	0.005006706557275935
CHEMBL564153	EEF1A1	CbGpCC	0.005006706557275935
CHEMBL549776	EEF1A1	CbGpCC	0.005006706557275935
CHEMBL559728	EEF1A1	CbGpCC	0.005006706557275935
CHEMBL554519	EEF1A1	CbGpCC	0.005006706557275935
CHEMBL551320	EEF1A1	CbGpCC	0.005006706557275935
CHEMBL562911	EEF1A1	CbGpCC	0.005006706557275935
CHEMBL559530	EEF1A1	CbGpCC	0.005006706557275935
CHEMBL569598	EEF1A1	CbGpCC	0.005006706557275935
CHEMBL551057	EEF1A1	CbGpCC	0.005006706557275935
CHEMBL551056	EEF1A1	CbGpCC	0.005006706557275935
CHEMBL561378	EEF1A1	CbGpCC	0.005006706557275935
CHEMBL562322	EEF1A1	CbGpCC	0.005006706557275935
CHEMBL564420	EEF1A1	CbGpCC	0.005006706557275935
CHEMBL550653	EEF1A1	CbGpCC	0.005006706557275935
CHEMBL564701	EEF1A1	CbGpCC	0.005006706557275935
CHEMBL569836	EEF1A1	CbGpCC	0.005006706557275935
CHEMBL550509	EEF1A1	CbGpCC	0.005006706557275935
CHEMBL551996	EEF1A1	CbGpCC	0.005006706557275935
CHEMBL570768	EEF1A1	CbGpCC	0.005006706557275935
CHEMBL561059	EEF1A1	CbGpCC	0.005006706557275935
CHEMBL559343	EEF1A1	CbGpCC	0.005006706557275935
CHEMBL564532	EEF1A1	CbGpCC	0.005006706557275935
CHEMBL560380	EEF1A1	CbGpCC	0.005006706557275935
CHEMBL561724	EEF1A1	CbGpCC	0.005006706557275935
CHEMBL2021570	EEF1A1	CbGpCC	0.005006706557275935
CHEMBL2021569	EEF1A1	CbGpCC	0.005006706557275935
CHEMBL549495	EEF1A1	CbGpCC	0.005006706557275935
CHEMBL554525	EEF1A1	CbGpCC	0.005006706557275935
CHEMBL558309	EEF1A1	CbGpCC	0.005006706557275935
CHEMBL549427	EEF1A1	CbGpCC	0.005006706557275935
CHEMBL560657	EEF1A1	CbGpCC	0.005006706557275935
CHEMBL552321	EEF1A1	CbGpCC	0.005006706557275935
CHEMBL552320	EEF1A1	CbGpCC	0.005006706557275935
CHEMBL557917	EEF1A1	CbGpCC	0.005006706557275935
CHEMBL561119	EEF1A1	CbGpCC	0.005006706557275935
CHEMBL570771	EEF1A1	CbGpCC	0.005006706557275935
CHEMBL557507	EEF1A1	CbGpCC	0.005006706557275935
CHEMBL550790	EEF1A1	CbGpCC	0.005006706557275935
CHEMBL552259	EEF1A1	CbGpCC	0.005006706557275935
CHEMBL550179	EEF1A1	CbGpCC	0.005006706557275935
CHEMBL551918	EEF1A1	CbGpCC	0.005006706557275935
CHEMBL549837	EEF1A1	CbGpCC	0.005006706557275935
CHEMBL560858	EEF1A1	CbGpCC	0.005006706557275935
CHEMBL551995	EEF1A1	CbGpCC	0.005006706557275935
CHEMBL555689	EEF1A1	CbGpCC	0.005006706557275935
CHEMBL570772	EEF1A1	CbGpCC	0.005006706557275935
CHEMBL558247	EEF1A1	CbGpCC	0.005006706557275935
CHEMBL556491	EEF1A1	CbGpCC	0.005006706557275935
CHEMBL559594	EEF1A1	CbGpCC	0.005006706557275935
CHEMBL564799	EEF1A1	CbGpCC	0.005006706557275935
CHEMBL561125	EEF1A1	CbGpCC	0.005006706557275935
CHEMBL559595	EEF1A1	CbGpCC	0.005006706557275935
CHEMBL553924	EEF1A1	CbGpCC	0.005006706557275935
CHEMBL562794	EEF1A1	CbGpCC	0.005006706557275935
CHEMBL541255	EEF1A1	CbGpCC	0.005006706557275935
CHEMBL550516	EEF1A1	CbGpCC	0.005006706557275935
CHEMBL551602	EEF1A1	CbGpCC	0.005006706557275935
CHEMBL551807	EEF1A1	CbGpCC	0.005006706557275935
CHEMBL560663	EEF1A1	CbGpCC	0.005006706557275935
CHEMBL550249	EEF1A1	CbGpCC	0.005006706557275935
CHEMBL557716	EEF1A1	CbGpCC	0.005006706557275935
CHEMBL558033	EEF1A1	CbGpCC	0.005006706557275935
CHEMBL564316	EEF1A1	CbGpCC	0.005006706557275935
CHEMBL559039	EEF1A1	CbGpCC	0.005006706557275935
CHEMBL550251	EEF1A1	CbGpCC	0.005006706557275935
CHEMBL565134	EEF1A1	CbGpCC	0.005006706557275935
CHEMBL563049	EEF1A1	CbGpCC	0.005006706557275935
CHEMBL570073	EEF1A1	CbGpCC	0.005006706557275935
CHEMBL561266	EEF1A1	CbGpCC	0.005006706557275935
CHEMBL301982	EEF1A1	CbGpCC	0.005006706557275935
CHEMBL561265	EEF1A1	CbGpCC	0.005006706557275935
CHEMBL3286745	EEF1A1	CbGpCC	0.005006706557275935
CHEMBL1240927	EEF1A1	CbGpCC	0.005006706557275935
CHEMBL3609826	EEF1A1	CbGpCC	0.005006706557275935
CHEMBL3608911	EEF1A1	CbGpCC	0.005006706557275935
CHEMBL463763	EEF1A1	CbGpCC	0.005006706557275935
CHEMBL3937369	EEF1A1	CbGpCC	0.005006706557275935
CHEMBL3975567	EEF1A1	CbGpCC	0.005006706557275935
CHEMBL3946252	EEF1A1	CbGpCC	0.005006706557275935
CHEMBL3947240	EEF1A1	CbGpCC	0.005006706557275935
CHEMBL3919459	EEF1A1	CbGpCC	0.005006706557275935
CHEMBL3955977	EEF1A1	CbGpCC	0.005006706557275935
CHEMBL3928361	EEF1A1	CbGpCC	0.005006706557275935
CHEMBL3900925	EEF1A1	CbGpCC	0.005006706557275935
CHEMBL3972065	EEF1A1	CbGpCC	0.005006706557275935
CHEMBL3953713	EEF1A1	CbGpCC	0.005006706557275935
CHEMBL3901185	EEF1A1	CbGpCC	0.005006706557275935
CHEMBL3944589	EEF1A1	CbGpCC	0.005006706557275935
CHEMBL3916672	EEF1A1	CbGpCC	0.005006706557275935
CHEMBL3964729	EEF1A1	CbGpCC	0.005006706557275935
CHEMBL3911352	EEF1A1	CbGpCC	0.005006706557275935
CHEMBL3936187	EEF1A1	CbGpCC	0.005006706557275935
CHEMBL3957716	EEF1A1	CbGpCC	0.005006706557275935
CHEMBL3891011	EEF1A1	CbGpCC	0.005006706557275935
CHEMBL3969412	EEF1A1	CbGpCC	0.005006706557275935
CHEMBL3922414	EEF1A1	CbGpCC	0.005006706557275935
CHEMBL3973213	EEF1A1	CbGpCC	0.005006706557275935
CHEMBL3983798	EEF1A1	CbGpCC	0.005006706557275935
CHEMBL3919811	EEF1A1	CbGpCC	0.005006706557275935
CHEMBL3923966	EEF1A1	CbGpCC	0.005006706557275935
CHEMBL3905315	EEF1A1	CbGpCC	0.005006706557275935
CHEMBL3967087	EEF1A1	CbGpCC	0.005006706557275935
CHEMBL4070633	EEF1A1	CbGpCC	0.005006706557275935
CHEMBL4087666	EEF1A1	CbGpCC	0.005006706557275935
CHEMBL4082534	EEF1A1	CbGpCC	0.005006706557275935
CHEMBL4066791	EEF1A1	CbGpCC	0.005006706557275935
CHEMBL4077078	EEF1A1	CbGpCC	0.005006706557275935
CHEMBL4099031	EEF1A1	CbGpCC	0.005006706557275935
CHEMBL4063438	EEF1A1	CbGpCC	0.005006706557275935
CHEMBL4091297	EEF1A1	CbGpCC	0.005006706557275935
CHEMBL4081256	EEF1A1	CbGpCC	0.005006706557275935
CHEMBL4077611	EEF1A1	CbGpCC	0.005006706557275935
CHEMBL4063608	EEF1A1	CbGpCC	0.005006706557275935
CHEMBL4063330	EEF1A1	CbGpCC	0.005006706557275935
CHEMBL4069552	EEF1A1	CbGpCC	0.005006706557275935
CHEMBL4096048	EEF1A1	CbGpCC	0.005006706557275935
CHEMBL3125890	EEF1A1	CbGpCC	0.005006706557275935
CHEMBL2144069	EEF1A1	CbGpCC	0.005006706557275935
CHEMBL525191	EEF1A1	CbGpCC	0.005006706557275935
CHEMBL4070302	EEF1A1	CbGpCC	0.005006706557275935
CHEMBL4091953	EEF1A1	CbGpCC	0.005006706557275935
CHEMBL4102297	EEF1A1	CbGpCC	0.005006706557275935
CHEMBL186526	EEF1A1	CbGpCC	0.005006706557275935
CHEMBL4101619	EEF1A1	CbGpCC	0.005006706557275935
CHEMBL4083615	EEF1A1	CbGpCC	0.005006706557275935
CHEMBL4076337	EEF1A1	CbGpCC	0.005006706557275935
CHEMBL4066800	EEF1A1	CbGpCC	0.005006706557275935
CHEMBL4066949	EEF1A1	CbGpCC	0.005006706557275935
CHEMBL4071793	EEF1A1	CbGpCC	0.005006706557275935
CHEMBL4076144	EEF1A1	CbGpCC	0.005006706557275935
CHEMBL4072087	EEF1A1	CbGpCC	0.005006706557275935
CHEMBL4098083	EEF1A1	CbGpCC	0.005006706557275935
CHEMBL4090359	EEF1A1	CbGpCC	0.005006706557275935
CHEMBL4100535	EEF1A1	CbGpCC	0.005006706557275935
CHEMBL4094691	EEF1A1	CbGpCC	0.005006706557275935
CHEMBL188678	EEF1A1	CbGpCC	0.005006706557275935
CHEMBL242529	EEF1A1	CbGpCC	0.005006706557275935
CHEMBL501870	EEF1A1	CbGpCC	0.005006706557275935
CHEMBL4207280	EEF1A1	CbGpCC	0.005006706557275935
CHEMBL4207816	EEF1A1	CbGpCC	0.005006706557275935
CHEMBL4288307	EEF1A1	CbGpCC	0.005006706557275935
CHEMBL4280406	EEF1A1	CbGpCC	0.005006706557275935
CHEMBL4283002	EEF1A1	CbGpCC	0.005006706557275935
CHEMBL4293586	EEF1A1	CbGpCC	0.005006706557275935
CHEMBL4288525	EEF1A1	CbGpCC	0.005006706557275935
CHEMBL4277867	EEF1A1	CbGpCC	0.005006706557275935
CHEMBL4285168	EEF1A1	CbGpCC	0.005006706557275935
CHEMBL4293003	EEF1A1	CbGpCC	0.005006706557275935
CHEMBL4276798	EEF1A1	CbGpCC	0.005006706557275935
CHEMBL4284740	EEF1A1	CbGpCC	0.005006706557275935
CHEMBL4291948	EEF1A1	CbGpCC	0.005006706557275935
CHEMBL4281330	EEF1A1	CbGpCC	0.005006706557275935
CHEMBL4293406	EEF1A1	CbGpCC	0.005006706557275935
CHEMBL4282794	EEF1A1	CbGpCC	0.005006706557275935
CHEMBL4514442	EEF1A1	CbGpCC	0.005006706557275935
CHEMBL438605	EEF1A1	CbGpCC	0.005006706557275935
CHEMBL4877620	EEF1A1	CbGpCC	0.005006706557275935
CHEMBL4848310	EEF1A1	CbGpCC	0.005006706557275935
CHEMBL4846644	EEF1A1	CbGpCC	0.005006706557275935
CHEMBL4876187	EEF1A1	CbGpCC	0.005006706557275935
CHEMBL5200595	EEF1A1	CbGpCC	0.005006706557275935
CHEMBL520014	EEF1A1	CbGpCC	0.005006706557275935
CHEMBL278315	EEF1A1	CbGpCC	0.005006706557275935
CHEMBL5398773	EEF1A1	CbGpCC	0.005006706557275935
CHEMBL5441131	EEF1A1	CbGpCC	0.005006706557275935
CHEMBL5402290	EEF1A1	CbGpCC	0.005006706557275935
CHEMBL2110732	EEF1A2	CbGpCC	0.0020462503624026807
CHEMBL3353410	EEF1A2	CbGpCC	0.0020462503624026807
CHEMBL3545085	EEF1A2	CbGpCC	0.0020462503624026807
CHEMBL571546	EEF1A2	CbGpCC	0.0020462503624026807
CHEMBL494089	EEF1A2	CbGpCC	0.0020462503624026807
CHEMBL572878	EEF1A2	CbGpCC	0.0020462503624026807
CHEMBL1614713	EEF1A2	CbGpCC	0.0020462503624026807
CHEMBL3301622	EEF1A2	CbGpCC	0.0020462503624026807
CHEMBL1614725	EEF1A2	CbGpCC	0.0020462503624026807
CHEMBL288441	EEF1A2	CbGpCC	0.0020462503624026807
CHEMBL482767	EEF1A2	CbGpCC	0.0020462503624026807
CHEMBL536151	EEF1A2	CbGpCC	0.0020462503624026807
CHEMBL413	EEF1A2	CbGpCC	0.0020462503624026807
CHEMBL270995	EEF1A2	CbGpCC	0.0020462503624026807
CHEMBL482967	EEF1A2	CbGpCC	0.0020462503624026807
CHEMBL592445	EEF1A2	CbGpCC	0.0020462503624026807
CHEMBL1233528	EEF1A2	CbGpCC	0.0020462503624026807
CHEMBL601719	EEF1A2	CbGpCC	0.0020462503624026807
CHEMBL3334567	EEF1A2	CbGpCC	0.0020462503624026807
CHEMBL507361	EEF1A2	CbGpCC	0.0020462503624026807
CHEMBL3348923	EEF1A2	CbGpCC	0.0020462503624026807
CHEMBL3545328	EEF1A2	CbGpCC	0.0020462503624026807
CHEMBL1614707	EEF1A2	CbGpCC	0.0020462503624026807
CHEMBL1236682	EEF1A2	CbGpCC	0.0020462503624026807
CHEMBL3402762	EEF1A2	CbGpCC	0.0020462503624026807
CHEMBL2408045	EEF1A2	CbGpCC	0.0020462503624026807
CHEMBL300138	EEF1A2	CbGpCC	0.0020462503624026807
CHEMBL576982	EEF1A2	CbGpCC	0.0020462503624026807
CHEMBL3600873	EEF1A2	CbGpCC	0.0020462503624026807
CHEMBL296468	EEF1A2	CbGpCC	0.0020462503624026807
CHEMBL3688339	EEF1A2	CbGpCC	0.0020462503624026807
CHEMBL3182621	EEF1A2	CbGpCC	0.0020462503624026807
CHEMBL3989868	EEF1A2	CbGpCC	0.0020462503624026807
CHEMBL1173655	EEF1A2	CbGpCC	0.0020462503624026807
CHEMBL1289601	EEF1A2	CbGpCC	0.0020462503624026807
CHEMBL587723	EEF1A2	CbGpCC	0.0020462503624026807
CHEMBL255863	EEF1A2	CbGpCC	0.0020462503624026807
CHEMBL3137336	EEF1A2	CbGpCC	0.0020462503624026807
CHEMBL607707	EEF1A2	CbGpCC	0.0020462503624026807
CHEMBL491473	EEF1A2	CbGpCC	0.0020462503624026807
CHEMBL598797	EEF1A2	CbGpCC	0.0020462503624026807
CHEMBL522892	EEF1A2	CbGpCC	0.0020462503624026807
CHEMBL403989	EEF1A2	CbGpCC	0.0020462503624026807
CHEMBL1908397	EEF1A2	CbGpCC	0.0020462503624026807
CHEMBL259084	EEF1A2	CbGpCC	0.0020462503624026807
CHEMBL2386889	EEF1A2	CbGpCC	0.0020462503624026807
CHEMBL1230609	EEF1A2	CbGpCC	0.0020462503624026807
CHEMBL1873475	EEF1A2	CbGpCC	0.0020462503624026807
CHEMBL3218576	EEF1A2	CbGpCC	0.0020462503624026807
CHEMBL2103875	EEF1A2	CbGpCC	0.0020462503624026807
CHEMBL2028663	EEF1A2	CbGpCC	0.0035666078822928
CHEMBL3186534	EEF1A2	CbGpCC	0.0020462503624026807
CHEMBL2165191	EEF1A2	CbGpCC	0.0020462503624026807
CHEMBL3301607	EEF1A2	CbGpCC	0.0020462503624026807
CHEMBL4289017	EEF1A2	CbGpCC	0.0020462503624026807
CHEMBL1983268	EEF1A2	CbGpCC	0.0020462503624026807
CHEMBL3545083	EEF1A2	CbGpCC	0.0020462503624026807
CHEMBL1801204	EEF1A2	CbGpCC	0.0020462503624026807
CHEMBL2079588	EEF1A2	CbGpCC	0.0020462503624026807
CHEMBL575448	EEF1A2	CbGpCC	0.0020462503624026807
CHEMBL1078178	EEF1A2	CbGpCC	0.0020462503624026807
CHEMBL180022	EEF1A2	CbGpCC	0.0020462503624026807
CHEMBL1201182	EEF1A2	CbGpCC	0.0020462503624026807
CHEMBL1230165	EEF1A2	CbGpCC	0.0020462503624026807
CHEMBL3128043	EEF1A2	CbGpCC	0.0020462503624026807
CHEMBL1229517	EEF1A2	CbGpCC	0.0035666078822928
CHEMBL495727	EEF1A2	CbGpCC	0.0020462503624026807
CHEMBL3545215	EEF1A2	CbGpCC	0.0020462503624026807
CHEMBL1922094	EEF1A2	CbGpCC	0.0020462503624026807
CHEMBL3991932	EEF1A2	CbGpCC	0.0020462503624026807
CHEMBL3544960	EEF1A2	CbGpCC	0.0020462503624026807
CHEMBL1946170	EEF1A2	CbGpCC	0.0020462503624026807
CHEMBL3544932	EEF1A2	CbGpCC	0.0020462503624026807
CHEMBL5416410	EEF1A2	CbGpCC	0.0020462503624026807
CHEMBL1090479	EEF1A2	CbGpCC	0.0020462503624026807
CHEMBL2103839	EEF1A2	CbGpCC	0.0020462503624026807
CHEMBL3039513	EEF1A2	CbGpCC	0.0020462503624026807
CHEMBL3545154	EEF1A2	CbGpCC	0.0020462503624026807
CHEMBL3218575	EEF1A2	CbGpCC	0.0020462503624026807
CHEMBL3545360	EEF1A2	CbGpCC	0.0020462503624026807
CHEMBL1721885	EEF1A2	CbGpCC	0.0020462503624026807
CHEMBL2105717	EEF1A2	CbGpCC	0.0020462503624026807
CHEMBL1088752	EEF1A2	CbGpCC	0.0020462503624026807
CHEMBL477772	EEF1A2	CbGpCC	0.0020462503624026807
CHEMBL3184679	EEF1A2	CbGpCC	0.0020462503624026807
CHEMBL3991934	EEF1A2	CbGpCC	0.0020462503624026807
CHEMBL571948	EEF1A2	CbGpCC	0.0020462503624026807
CHEMBL428690	EEF1A2	CbGpCC	0.0020462503624026807
CHEMBL2105759	EEF1A2	CbGpCC	0.0020462503624026807
CHEMBL1738757	EEF1A2	CbGpCC	0.0020462503624026807
CHEMBL1614710	EEF1A2	CbGpCC	0.0020462503624026807
CHEMBL2029988	EEF1A2	CbGpCC	0.0020462503624026807
CHEMBL3991933	EEF1A2	CbGpCC	0.0020462503624026807
CHEMBL551064	EEF1A2	CbGpCC	0.0020462503624026807
CHEMBL1908391	EEF1A2	CbGpCC	0.0020462503624026807
CHEMBL1615025	EEF1A2	CbGpCC	0.0020462503624026807
CHEMBL941	EEF1A2	CbGpCC	0.0020462503624026807
CHEMBL2105728	EEF1A2	CbGpCC	0.0020462503624026807
CHEMBL2220486	EEF1A2	CbGpCC	0.0020462503624026807
CHEMBL445813	EEF1A2	CbGpCC	0.0020462503624026807
CHEMBL939	EEF1A2	CbGpCC	0.0020462503624026807
CHEMBL283120	EEF1A2	CbGpCC	0.0020462503624026807
CHEMBL3545157	EEF1A2	CbGpCC	0.0020462503624026807
CHEMBL3590106	EEF1A2	CbGpCC	0.0020462503624026807
CHEMBL3218578	EEF1A2	CbGpCC	0.0020462503624026807
CHEMBL3301610	EEF1A2	CbGpCC	0.0020462503624026807
CHEMBL253969	EEF1A2	CbGpCC	0.0020462503624026807
CHEMBL415049	EEF1A2	CbGpCC	0.0020462503624026807
CHEMBL1738797	EEF1A2	CbGpCC	0.0020462503624026807
CHEMBL4084193	EEF1A2	CbGpCC	0.0020462503624026807
CHEMBL3408248	EEF1A2	CbGpCC	0.0020462503624026807
CHEMBL608533	EEF1A2	CbGpCC	0.0020462503624026807
CHEMBL31965	EEF1A2	CbGpCC	0.0020462503624026807
CHEMBL2107832	EEF1A2	CbGpCC	0.0020462503624026807
CHEMBL14762	EEF1A2	CbGpCC	0.0020462503624026807
CHEMBL2048872	EEF1A2	CbGpCC	0.0020462503624026807
CHEMBL2325741	EEF1A2	CbGpCC	0.0020462503624026807
CHEMBL2376648	EEF1A2	CbGpCC	0.0020462503624026807
CHEMBL1084546	EEF1A2	CbGpCC	0.0020462503624026807
CHEMBL3545076	EEF1A2	CbGpCC	0.0020462503624026807
CHEMBL2103830	EEF1A2	CbGpCC	0.0020462503624026807
CHEMBL2336325	EEF1A2	CbGpCC	0.0020462503624026807
CHEMBL1091644	EEF1A2	CbGpCC	0.0020462503624026807
CHEMBL2035187	EEF1A2	CbGpCC	0.0020462503624026807
CHEMBL475251	EEF1A2	CbGpCC	0.0020462503624026807
CHEMBL3188267	EEF1A2	CbGpCC	0.0020462503624026807
CHEMBL553	EEF1A2	CbGpCC	0.0020462503624026807
CHEMBL603469	EEF1A2	CbGpCC	0.0020462503624026807
CHEMBL572881	EEF1A2	CbGpCC	0.0020462503624026807
CHEMBL2103842	EEF1A2	CbGpCC	0.0020462503624026807
CHEMBL3989914	EEF1A2	CbGpCC	0.0020462503624026807
CHEMBL1236962	EEF1A2	CbGpCC	0.0020462503624026807
CHEMBL1241855	EEF1A2	CbGpCC	0.0020462503624026807
CHEMBL2103851	EEF1A2	CbGpCC	0.0020462503624026807
CHEMBL372764	EEF1A2	CbGpCC	0.0020462503624026807
CHEMBL462018	EEF1A2	CbGpCC	0.0020462503624026807
CHEMBL377300	EEF1A2	CbGpCC	0.0020462503624026807
CHEMBL483158	EEF1A2	CbGpCC	0.0020462503624026807
CHEMBL1094408	EEF1A2	CbGpCC	0.0020462503624026807
CHEMBL1289926	EEF1A2	CbGpCC	0.0020462503624026807
CHEMBL215152	EEF1A2	CbGpCC	0.0020462503624026807
CHEMBL281948	EEF1A2	CbGpCC	0.0020462503624026807
CHEMBL3264002	EEF1A2	CbGpCC	0.0020462503624026807
CHEMBL1908394	EEF1A2	CbGpCC	0.0020462503624026807
CHEMBL24828	EEF1A2	CbGpCC	0.0020462503624026807
CHEMBL1944698	EEF1A2	CbGpCC	0.0020462503624026807
CHEMBL3544966	EEF1A2	CbGpCC	0.0020462503624026807
CHEMBL3991929	EEF1A2	CbGpCC	0.0020462503624026807
CHEMBL482968	EEF1A2	CbGpCC	0.0020462503624026807
CHEMBL2138625	EEF1A2	CbGpCC	0.0020462503624026807
CHEMBL564829	EEF1A2	CbGpCC	0.0020462503624026807
CHEMBL405130	EEF1A2	CbGpCC	0.0020462503624026807
CHEMBL2396661	EEF1A2	CbGpCC	0.0020462503624026807
CHEMBL223360	EEF1A2	CbGpCC	0.0020462503624026807
CHEMBL488436	EEF1A2	CbGpCC	0.0020462503624026807
CHEMBL1645462	EEF1A2	CbGpCC	0.0020462503624026807
CHEMBL460702	EEF1A2	CbGpCC	0.0020462503624026807
CHEMBL496102	EEF1A2	CbGpCC	0.0020462503624026807
CHEMBL3545110	EEF1A2	CbGpCC	0.0020462503624026807
CHEMBL2030402	EEF1A2	CbGpCC	0.0020462503624026807
CHEMBL558752	EEF1A2	CbGpCC	0.0035666078822928
CHEMBL3544964	EEF1A2	CbGpCC	0.0020462503624026807
CHEMBL1079175	EEF1A2	CbGpCC	0.0020462503624026807
CHEMBL2041933	EEF1A2	CbGpCC	0.0020462503624026807
CHEMBL1879463	EEF1A2	CbGpCC	0.0020462503624026807
CHEMBL3991931	EEF1A2	CbGpCC	0.0020462503624026807
CHEMBL1088751	EEF1A2	CbGpCC	0.0020462503624026807
CHEMBL3301612	EEF1A2	CbGpCC	0.0020462503624026807
CHEMBL502835	EEF1A2	CbGpCC	0.0020462503624026807
CHEMBL3039517	EEF1A2	CbGpCC	0.0020462503624026807
CHEMBL2180604	EEF1A2	CbGpCC	0.0020462503624026807
CHEMBL124660	EEF1A2	CbGpCC	0.0020462503624026807
CHEMBL1236107	EEF1A2	CbGpCC	0.0020462503624026807
CHEMBL400402	EEF1A2	CbGpCC	0.0020462503624026807
CHEMBL2017974	EEF1A2	CbGpCC	0.0020462503624026807
CHEMBL483321	EEF1A2	CbGpCC	0.0020462503624026807
CHEMBL2216870	EEF1A2	CbGpCC	0.0020462503624026807
CHEMBL1336	EEF1A2	CbGpCC	0.0020462503624026807
CHEMBL3907479	EEF1A2	CbGpCC	0.0020462503624026807
CHEMBL1976040	EEF1A2	CbGpCC	0.0020462503624026807
CHEMBL3544983	EEF1A2	CbGpCC	0.0020462503624026807
CHEMBL3699142	EEF1A2	CbGpCC	0.0020462503624026807
CHEMBL3137331	EEF1A2	CbGpCC	0.0020462503624026807
CHEMBL574737	EEF1A2	CbGpCC	0.0020462503624026807
CHEMBL1614766	EEF1A2	CbGpCC	0.0020462503624026807
CHEMBL1952329	EEF1A2	CbGpCC	0.0020462503624026807
CHEMBL1908360	EEF1A2	CbGpCC	0.0020462503624026807
CHEMBL101253	EEF1A2	CbGpCC	0.0020462503624026807
CHEMBL2219422	EEF1A2	CbGpCC	0.0020462503624026807
CHEMBL3120215	EEF1A2	CbGpCC	0.0020462503624026807
CHEMBL3991935	EEF1A2	CbGpCC	0.0020462503624026807
CHEMBL2103882	EEF1A2	CbGpCC	0.0020462503624026807
CHEMBL206834	EEF1A2	CbGpCC	0.0020462503624026807
CHEMBL3426621	EEF1A2	CbGpCC	0.0020462503624026807
CHEMBL2403108	EEF1A2	CbGpCC	0.0020462503624026807
CHEMBL1234354	EEF1A2	CbGpCC	0.0020462503624026807
CHEMBL217092	EEF1A2	CbGpCC	0.0020462503624026807
CHEMBL1090090	EEF1A2	CbGpCC	0.0020462503624026807
CHEMBL3039525	EEF1A2	CbGpCC	0.0020462503624026807
CHEMBL189963	EEF1A2	CbGpCC	0.0020462503624026807
CHEMBL1233300	EEF1A2	CbGpCC	0.0020462503624026807
CHEMBL402548	EEF1A2	CbGpCC	0.0020462503624026807
CHEMBL3813873	EEF1A2	CbGpCC	0.0020462503624026807
CHEMBL3545366	EEF1A2	CbGpCC	0.0020462503624026807
CHEMBL3545307	EEF1A2	CbGpCC	0.0020462503624026807
CHEMBL1171837	EEF1A2	CbGpCC	0.0020462503624026807
CHEMBL3991927	EEF1A2	CbGpCC	0.0020462503624026807
CHEMBL2087361	EEF1A2	CbGpCC	0.0020462503624026807
CHEMBL274654	EEF1A2	CbGpCC	0.0020462503624026807
CHEMBL565612	EEF1A2	CbGpCC	0.0020462503624026807
CHEMBL3109738	EEF1A2	CbGpCC	0.0020462503624026807
CHEMBL1950289	EEF1A2	CbGpCC	0.0020462503624026807
CHEMBL1231124	EEF1A2	CbGpCC	0.0020462503624026807
CHEMBL3188551	EEF1A2	CbGpCC	0.0020462503624026807
CHEMBL3545396	EEF1A2	CbGpCC	0.0020462503624026807
CHEMBL1667969	EEF1A2	CbGpCC	0.0020462503624026807
CHEMBL38380	EEF1A2	CbGpCC	0.0020462503624026807
CHEMBL514201	EEF1A2	CbGpCC	0.0020462503624026807
CHEMBL1287853	EEF1A2	CbGpCC	0.0020462503624026807
CHEMBL1289494	EEF1A2	CbGpCC	0.0020462503624026807
CHEMBL521851	EEF1A2	CbGpCC	0.0020462503624026807
CHEMBL2364611	EEF1A2	CbGpCC	0.0020462503624026807
CHEMBL1230607	EEF1A2	CbGpCC	0.0020462503624026807
CHEMBL2323775	EEF1A2	CbGpCC	0.0020462503624026807
CHEMBL221959	EEF1A2	CbGpCC	0.0020462503624026807
CHEMBL3545308	EEF1A2	CbGpCC	0.0020462503624026807
CHEMBL2001019	EEF1A2	CbGpCC	0.0020462503624026807
CHEMBL535	EEF1A2	CbGpCC	0.0020462503624026807
CHEMBL91829	EEF1A2	CbGpCC	0.0020462503624026807
CHEMBL513909	EEF1A2	CbGpCC	0.0020462503624026807
CHEMBL3990456	EEF1A2	CbGpCC	0.0020462503624026807
CHEMBL2133806	EEF1A2	CbGpCC	0.0020462503624026807
CHEMBL1789941	EEF1A2	CbGpCC	0.0020462503624026807
CHEMBL554	EEF1A2	CbGpCC	0.0020462503624026807
CHEMBL3187723	EEF1A2	CbGpCC	0.0020462503624026807
CHEMBL1614701	EEF1A2	CbGpCC	0.0020462503624026807
CHEMBL1822792	EEF1A2	CbGpCC	0.0020462503624026807
CHEMBL2146883	EEF1A2	CbGpCC	0.0020462503624026807
CHEMBL2140408	EEF1A2	CbGpCC	0.0020462503624026807
CHEMBL411907	EEF1A2	CbGpCC	0.0020462503624026807
CHEMBL384304	EEF1A2	CbGpCC	0.0020462503624026807
CHEMBL2103840	EEF1A2	CbGpCC	0.0035666078822928
CHEMBL230011	EEF1A2	CbGpCC	0.0020462503624026807
CHEMBL4294164	EEF1A2	CbGpCC	0.13197373039566918
CHEMBL5653589	EEF1A2	CbGpCC	0.2934560765090936
CHEMBL3752910	EEF1A2	CbGpCC	0.08301855721671558
CHEMBL1232461	EEF1A2	CbGpCC	0.08096837550519186
CHEMBL1221911	EEF1A2	CbGpCC	0.053067006949210384
CHEMBL123292	EEF1A2	CbGpCC	0.042233110879552276
CHEMBL2303630	EEF1A2	CbGpCC	0.053067006949210384
CHEMBL1802814	EEF1A2	CbGpCC	0.40281403018933953
CHEMBL1802815	EEF1A2	CbGpCC	0.40281403018933953
CHEMBL1802973	EEF1A2	CbGpCC	0.40281403018933953
CHEMBL3799977	EEF1A2	CbGpCC	0.053067006949210384
CHEMBL4066032	EEF1A2	CbGpCC	0.053067006949210384
CHEMBL4095101	EEF1A2	CbGpCC	0.053067006949210384
CHEMBL4097524	EEF1A2	CbGpCC	0.053067006949210384
CHEMBL4070348	EEF1A2	CbGpCC	0.053067006949210384
CHEMBL4094319	EEF1A2	CbGpCC	0.053067006949210384
CHEMBL4072881	EEF1A2	CbGpCC	0.053067006949210384
CHEMBL4067648	EEF1A2	CbGpCC	0.053067006949210384
CHEMBL4088864	EEF1A2	CbGpCC	0.053067006949210384
CHEMBL4105227	EEF1A2	CbGpCC	0.053067006949210384
CHEMBL514569	EEF1A2	CbGpCC	0.053067006949210384
CHEMBL4129274	EEF1A2	CbGpCC	0.01258783348393202
CHEMBL50	EEF1A2	CbGpCC	0.0026599169529076287
CHEMBL557848	EEF1A2	CbGpCC	0.0026599169529076287
CHEMBL549777	EEF1A2	CbGpCC	0.0026599169529076287
CHEMBL564153	EEF1A2	CbGpCC	0.0026599169529076287
CHEMBL549776	EEF1A2	CbGpCC	0.0026599169529076287
CHEMBL559728	EEF1A2	CbGpCC	0.0026599169529076287
CHEMBL554519	EEF1A2	CbGpCC	0.0026599169529076287
CHEMBL551320	EEF1A2	CbGpCC	0.0026599169529076287
CHEMBL562911	EEF1A2	CbGpCC	0.0026599169529076287
CHEMBL559530	EEF1A2	CbGpCC	0.0026599169529076287
CHEMBL569598	EEF1A2	CbGpCC	0.0026599169529076287
CHEMBL551057	EEF1A2	CbGpCC	0.0026599169529076287
CHEMBL551056	EEF1A2	CbGpCC	0.0026599169529076287
CHEMBL561378	EEF1A2	CbGpCC	0.0026599169529076287
CHEMBL562322	EEF1A2	CbGpCC	0.0026599169529076287
CHEMBL564420	EEF1A2	CbGpCC	0.0026599169529076287
CHEMBL550653	EEF1A2	CbGpCC	0.0026599169529076287
CHEMBL564701	EEF1A2	CbGpCC	0.0026599169529076287
CHEMBL569836	EEF1A2	CbGpCC	0.0026599169529076287
CHEMBL550509	EEF1A2	CbGpCC	0.0026599169529076287
CHEMBL551996	EEF1A2	CbGpCC	0.0026599169529076287
CHEMBL570768	EEF1A2	CbGpCC	0.0026599169529076287
CHEMBL561059	EEF1A2	CbGpCC	0.0026599169529076287
CHEMBL559343	EEF1A2	CbGpCC	0.0026599169529076287
CHEMBL564532	EEF1A2	CbGpCC	0.0026599169529076287
CHEMBL560380	EEF1A2	CbGpCC	0.0026599169529076287
CHEMBL561724	EEF1A2	CbGpCC	0.0026599169529076287
CHEMBL2021570	EEF1A2	CbGpCC	0.0026599169529076287
CHEMBL2021569	EEF1A2	CbGpCC	0.0026599169529076287
CHEMBL549495	EEF1A2	CbGpCC	0.0026599169529076287
CHEMBL554525	EEF1A2	CbGpCC	0.0026599169529076287
CHEMBL558309	EEF1A2	CbGpCC	0.0026599169529076287
CHEMBL549427	EEF1A2	CbGpCC	0.0026599169529076287
CHEMBL560657	EEF1A2	CbGpCC	0.0026599169529076287
CHEMBL552321	EEF1A2	CbGpCC	0.0026599169529076287
CHEMBL552320	EEF1A2	CbGpCC	0.0026599169529076287
CHEMBL557917	EEF1A2	CbGpCC	0.0026599169529076287
CHEMBL561119	EEF1A2	CbGpCC	0.0026599169529076287
CHEMBL570771	EEF1A2	CbGpCC	0.0026599169529076287
CHEMBL557507	EEF1A2	CbGpCC	0.0026599169529076287
CHEMBL550790	EEF1A2	CbGpCC	0.0026599169529076287
CHEMBL552259	EEF1A2	CbGpCC	0.0026599169529076287
CHEMBL550179	EEF1A2	CbGpCC	0.0026599169529076287
CHEMBL551918	EEF1A2	CbGpCC	0.0026599169529076287
CHEMBL549837	EEF1A2	CbGpCC	0.0026599169529076287
CHEMBL560858	EEF1A2	CbGpCC	0.0026599169529076287
CHEMBL551995	EEF1A2	CbGpCC	0.0026599169529076287
CHEMBL555689	EEF1A2	CbGpCC	0.0026599169529076287
CHEMBL570772	EEF1A2	CbGpCC	0.0026599169529076287
CHEMBL558247	EEF1A2	CbGpCC	0.0026599169529076287
CHEMBL556491	EEF1A2	CbGpCC	0.0026599169529076287
CHEMBL559594	EEF1A2	CbGpCC	0.0026599169529076287
CHEMBL564799	EEF1A2	CbGpCC	0.0026599169529076287
CHEMBL561125	EEF1A2	CbGpCC	0.0026599169529076287
CHEMBL559595	EEF1A2	CbGpCC	0.0026599169529076287
CHEMBL553924	EEF1A2	CbGpCC	0.0026599169529076287
CHEMBL562794	EEF1A2	CbGpCC	0.0026599169529076287
CHEMBL541255	EEF1A2	CbGpCC	0.0026599169529076287
CHEMBL550516	EEF1A2	CbGpCC	0.0026599169529076287
CHEMBL551602	EEF1A2	CbGpCC	0.0026599169529076287
CHEMBL551807	EEF1A2	CbGpCC	0.0026599169529076287
CHEMBL560663	EEF1A2	CbGpCC	0.0026599169529076287
CHEMBL550249	EEF1A2	CbGpCC	0.0026599169529076287
CHEMBL557716	EEF1A2	CbGpCC	0.0026599169529076287
CHEMBL558033	EEF1A2	CbGpCC	0.0026599169529076287
CHEMBL564316	EEF1A2	CbGpCC	0.0026599169529076287
CHEMBL559039	EEF1A2	CbGpCC	0.0026599169529076287
CHEMBL550251	EEF1A2	CbGpCC	0.0026599169529076287
CHEMBL565134	EEF1A2	CbGpCC	0.0026599169529076287
CHEMBL563049	EEF1A2	CbGpCC	0.0026599169529076287
CHEMBL570073	EEF1A2	CbGpCC	0.0026599169529076287
CHEMBL561266	EEF1A2	CbGpCC	0.0026599169529076287
CHEMBL301982	EEF1A2	CbGpCC	0.0026599169529076287
CHEMBL561265	EEF1A2	CbGpCC	0.0026599169529076287
CHEMBL3286745	EEF1A2	CbGpCC	0.0026599169529076287
CHEMBL1240927	EEF1A2	CbGpCC	0.0026599169529076287
CHEMBL3609826	EEF1A2	CbGpCC	0.0026599169529076287
CHEMBL3608911	EEF1A2	CbGpCC	0.0026599169529076287
CHEMBL463763	EEF1A2	CbGpCC	0.0026599169529076287
CHEMBL3937369	EEF1A2	CbGpCC	0.0026599169529076287
CHEMBL3975567	EEF1A2	CbGpCC	0.0026599169529076287
CHEMBL3946252	EEF1A2	CbGpCC	0.0026599169529076287
CHEMBL3947240	EEF1A2	CbGpCC	0.0026599169529076287
CHEMBL3919459	EEF1A2	CbGpCC	0.0026599169529076287
CHEMBL3955977	EEF1A2	CbGpCC	0.0026599169529076287
CHEMBL3928361	EEF1A2	CbGpCC	0.0026599169529076287
CHEMBL3900925	EEF1A2	CbGpCC	0.0026599169529076287
CHEMBL3972065	EEF1A2	CbGpCC	0.0026599169529076287
CHEMBL3953713	EEF1A2	CbGpCC	0.0026599169529076287
CHEMBL3901185	EEF1A2	CbGpCC	0.0026599169529076287
CHEMBL3944589	EEF1A2	CbGpCC	0.0026599169529076287
CHEMBL3916672	EEF1A2	CbGpCC	0.0026599169529076287
CHEMBL3964729	EEF1A2	CbGpCC	0.0026599169529076287
CHEMBL3911352	EEF1A2	CbGpCC	0.0026599169529076287
CHEMBL3936187	EEF1A2	CbGpCC	0.0026599169529076287
CHEMBL3957716	EEF1A2	CbGpCC	0.0026599169529076287
CHEMBL3891011	EEF1A2	CbGpCC	0.0026599169529076287
CHEMBL3969412	EEF1A2	CbGpCC	0.0026599169529076287
CHEMBL3922414	EEF1A2	CbGpCC	0.0026599169529076287
CHEMBL3973213	EEF1A2	CbGpCC	0.0026599169529076287
CHEMBL3983798	EEF1A2	CbGpCC	0.0026599169529076287
CHEMBL3919811	EEF1A2	CbGpCC	0.0026599169529076287
CHEMBL3923966	EEF1A2	CbGpCC	0.0026599169529076287
CHEMBL3905315	EEF1A2	CbGpCC	0.0026599169529076287
CHEMBL3967087	EEF1A2	CbGpCC	0.0026599169529076287
CHEMBL4070633	EEF1A2	CbGpCC	0.0026599169529076287
CHEMBL4087666	EEF1A2	CbGpCC	0.0026599169529076287
CHEMBL4082534	EEF1A2	CbGpCC	0.0026599169529076287
CHEMBL4066791	EEF1A2	CbGpCC	0.0026599169529076287
CHEMBL4077078	EEF1A2	CbGpCC	0.0026599169529076287
CHEMBL4099031	EEF1A2	CbGpCC	0.0026599169529076287
CHEMBL4063438	EEF1A2	CbGpCC	0.0026599169529076287
CHEMBL4091297	EEF1A2	CbGpCC	0.0026599169529076287
CHEMBL4081256	EEF1A2	CbGpCC	0.0026599169529076287
CHEMBL4077611	EEF1A2	CbGpCC	0.0026599169529076287
CHEMBL4063608	EEF1A2	CbGpCC	0.0026599169529076287
CHEMBL4063330	EEF1A2	CbGpCC	0.0026599169529076287
CHEMBL4069552	EEF1A2	CbGpCC	0.0026599169529076287
CHEMBL4096048	EEF1A2	CbGpCC	0.0026599169529076287
CHEMBL3125890	EEF1A2	CbGpCC	0.0026599169529076287
CHEMBL2144069	EEF1A2	CbGpCC	0.0026599169529076287
CHEMBL525191	EEF1A2	CbGpCC	0.0026599169529076287
CHEMBL4070302	EEF1A2	CbGpCC	0.0026599169529076287
CHEMBL4091953	EEF1A2	CbGpCC	0.0026599169529076287
CHEMBL4102297	EEF1A2	CbGpCC	0.0026599169529076287
CHEMBL186526	EEF1A2	CbGpCC	0.0026599169529076287
CHEMBL4101619	EEF1A2	CbGpCC	0.0026599169529076287
CHEMBL4083615	EEF1A2	CbGpCC	0.0026599169529076287
CHEMBL4076337	EEF1A2	CbGpCC	0.0026599169529076287
CHEMBL4066800	EEF1A2	CbGpCC	0.0026599169529076287
CHEMBL4066949	EEF1A2	CbGpCC	0.0026599169529076287
CHEMBL4071793	EEF1A2	CbGpCC	0.0026599169529076287
CHEMBL4076144	EEF1A2	CbGpCC	0.0026599169529076287
CHEMBL4072087	EEF1A2	CbGpCC	0.0026599169529076287
CHEMBL4098083	EEF1A2	CbGpCC	0.0026599169529076287
CHEMBL4090359	EEF1A2	CbGpCC	0.0026599169529076287
CHEMBL4100535	EEF1A2	CbGpCC	0.0026599169529076287
CHEMBL4094691	EEF1A2	CbGpCC	0.0026599169529076287
CHEMBL188678	EEF1A2	CbGpCC	0.0026599169529076287
CHEMBL242529	EEF1A2	CbGpCC	0.0026599169529076287
CHEMBL501870	EEF1A2	CbGpCC	0.0026599169529076287
CHEMBL4207280	EEF1A2	CbGpCC	0.0026599169529076287
CHEMBL4207816	EEF1A2	CbGpCC	0.0026599169529076287
CHEMBL4288307	EEF1A2	CbGpCC	0.0026599169529076287
CHEMBL4280406	EEF1A2	CbGpCC	0.0026599169529076287
CHEMBL4283002	EEF1A2	CbGpCC	0.0026599169529076287
CHEMBL4293586	EEF1A2	CbGpCC	0.0026599169529076287
CHEMBL4288525	EEF1A2	CbGpCC	0.0026599169529076287
CHEMBL4277867	EEF1A2	CbGpCC	0.0026599169529076287
CHEMBL4285168	EEF1A2	CbGpCC	0.0026599169529076287
CHEMBL4293003	EEF1A2	CbGpCC	0.0026599169529076287
CHEMBL4276798	EEF1A2	CbGpCC	0.0026599169529076287
CHEMBL4284740	EEF1A2	CbGpCC	0.0026599169529076287
CHEMBL4291948	EEF1A2	CbGpCC	0.0026599169529076287
CHEMBL4281330	EEF1A2	CbGpCC	0.0026599169529076287
CHEMBL4293406	EEF1A2	CbGpCC	0.0026599169529076287
CHEMBL4282794	EEF1A2	CbGpCC	0.0026599169529076287
CHEMBL4514442	EEF1A2	CbGpCC	0.0026599169529076287
CHEMBL438605	EEF1A2	CbGpCC	0.0026599169529076287
CHEMBL4877620	EEF1A2	CbGpCC	0.0026599169529076287
CHEMBL4848310	EEF1A2	CbGpCC	0.0026599169529076287
CHEMBL4846644	EEF1A2	CbGpCC	0.0026599169529076287
CHEMBL4876187	EEF1A2	CbGpCC	0.0026599169529076287
CHEMBL5200595	EEF1A2	CbGpCC	0.0026599169529076287
CHEMBL520014	EEF1A2	CbGpCC	0.0026599169529076287
CHEMBL278315	EEF1A2	CbGpCC	0.0026599169529076287
CHEMBL5398773	EEF1A2	CbGpCC	0.0026599169529076287
CHEMBL5441131	EEF1A2	CbGpCC	0.0026599169529076287
CHEMBL5402290	EEF1A2	CbGpCC	0.0026599169529076287
CHEMBL2028663	EEF1A1	CbGpPW	0.012394944592290952
CHEMBL1229517	EEF1A1	CbGpPW	0.012394944592290952
CHEMBL558752	EEF1A1	CbGpPW	0.012394944592290952
CHEMBL2103840	EEF1A1	CbGpPW	0.012394944592290952
CHEMBL4294164	EEF1A1	CbGpPW	0.2496793525728438
CHEMBL5653589	EEF1A1	CbGpPW	0.19041074163911784
CHEMBL3752910	EEF1A1	CbGpPW	0.1655686871722773
CHEMBL1232461	EEF1A1	CbGpPW	0.23354133185089113
CHEMBL1221911	EEF1A1	CbGpPW	0.25606809711847395
CHEMBL123292	EEF1A1	CbGpPW	0.20645827307092315
CHEMBL2303630	EEF1A1	CbGpPW	0.25606809711847395
CHEMBL1802814	EEF1A1	CbGpPW	0.2492137435965214
CHEMBL1802815	EEF1A1	CbGpPW	0.2492137435965214
CHEMBL1802973	EEF1A1	CbGpPW	0.2492137435965214
CHEMBL3799977	EEF1A1	CbGpPW	0.25606809711847395
CHEMBL4066032	EEF1A1	CbGpPW	0.25606809711847395
CHEMBL4095101	EEF1A1	CbGpPW	0.25606809711847395
CHEMBL4097524	EEF1A1	CbGpPW	0.25606809711847395
CHEMBL4070348	EEF1A1	CbGpPW	0.25606809711847395
CHEMBL4094319	EEF1A1	CbGpPW	0.25606809711847395
CHEMBL4072881	EEF1A1	CbGpPW	0.25606809711847395
CHEMBL4067648	EEF1A1	CbGpPW	0.25606809711847395
CHEMBL4088864	EEF1A1	CbGpPW	0.25606809711847395
CHEMBL4105227	EEF1A1	CbGpPW	0.25606809711847395
CHEMBL514569	EEF1A1	CbGpPW	0.25606809711847395
CHEMBL4129274	EEF1A1	CbGpPW	0.03822722583683051
CHEMBL50	EEF1A1	CbGpPW	0.016355227443119617
CHEMBL557848	EEF1A1	CbGpPW	0.016355227443119617
CHEMBL549777	EEF1A1	CbGpPW	0.016355227443119617
CHEMBL564153	EEF1A1	CbGpPW	0.016355227443119617
CHEMBL549776	EEF1A1	CbGpPW	0.016355227443119617
CHEMBL559728	EEF1A1	CbGpPW	0.016355227443119617
CHEMBL554519	EEF1A1	CbGpPW	0.016355227443119617
CHEMBL551320	EEF1A1	CbGpPW	0.016355227443119617
CHEMBL562911	EEF1A1	CbGpPW	0.016355227443119617
CHEMBL559530	EEF1A1	CbGpPW	0.016355227443119617
CHEMBL569598	EEF1A1	CbGpPW	0.016355227443119617
CHEMBL551057	EEF1A1	CbGpPW	0.016355227443119617
CHEMBL551056	EEF1A1	CbGpPW	0.016355227443119617
CHEMBL561378	EEF1A1	CbGpPW	0.016355227443119617
CHEMBL562322	EEF1A1	CbGpPW	0.016355227443119617
CHEMBL564420	EEF1A1	CbGpPW	0.016355227443119617
CHEMBL550653	EEF1A1	CbGpPW	0.016355227443119617
CHEMBL564701	EEF1A1	CbGpPW	0.016355227443119617
CHEMBL569836	EEF1A1	CbGpPW	0.016355227443119617
CHEMBL550509	EEF1A1	CbGpPW	0.016355227443119617
CHEMBL551996	EEF1A1	CbGpPW	0.016355227443119617
CHEMBL570768	EEF1A1	CbGpPW	0.016355227443119617
CHEMBL561059	EEF1A1	CbGpPW	0.016355227443119617
CHEMBL559343	EEF1A1	CbGpPW	0.016355227443119617
CHEMBL564532	EEF1A1	CbGpPW	0.016355227443119617
CHEMBL560380	EEF1A1	CbGpPW	0.016355227443119617
CHEMBL561724	EEF1A1	CbGpPW	0.016355227443119617
CHEMBL2021570	EEF1A1	CbGpPW	0.016355227443119617
CHEMBL2021569	EEF1A1	CbGpPW	0.016355227443119617
CHEMBL549495	EEF1A1	CbGpPW	0.016355227443119617
CHEMBL554525	EEF1A1	CbGpPW	0.016355227443119617
CHEMBL558309	EEF1A1	CbGpPW	0.016355227443119617
CHEMBL549427	EEF1A1	CbGpPW	0.016355227443119617
CHEMBL560657	EEF1A1	CbGpPW	0.016355227443119617
CHEMBL552321	EEF1A1	CbGpPW	0.016355227443119617
CHEMBL552320	EEF1A1	CbGpPW	0.016355227443119617
CHEMBL557917	EEF1A1	CbGpPW	0.016355227443119617
CHEMBL561119	EEF1A1	CbGpPW	0.016355227443119617
CHEMBL570771	EEF1A1	CbGpPW	0.016355227443119617
CHEMBL557507	EEF1A1	CbGpPW	0.016355227443119617
CHEMBL550790	EEF1A1	CbGpPW	0.016355227443119617
CHEMBL552259	EEF1A1	CbGpPW	0.016355227443119617
CHEMBL550179	EEF1A1	CbGpPW	0.016355227443119617
CHEMBL551918	EEF1A1	CbGpPW	0.016355227443119617
CHEMBL549837	EEF1A1	CbGpPW	0.016355227443119617
CHEMBL560858	EEF1A1	CbGpPW	0.016355227443119617
CHEMBL551995	EEF1A1	CbGpPW	0.016355227443119617
CHEMBL555689	EEF1A1	CbGpPW	0.016355227443119617
CHEMBL570772	EEF1A1	CbGpPW	0.016355227443119617
CHEMBL558247	EEF1A1	CbGpPW	0.016355227443119617
CHEMBL556491	EEF1A1	CbGpPW	0.016355227443119617
CHEMBL559594	EEF1A1	CbGpPW	0.016355227443119617
CHEMBL564799	EEF1A1	CbGpPW	0.016355227443119617
CHEMBL561125	EEF1A1	CbGpPW	0.016355227443119617
CHEMBL559595	EEF1A1	CbGpPW	0.016355227443119617
CHEMBL553924	EEF1A1	CbGpPW	0.016355227443119617
CHEMBL562794	EEF1A1	CbGpPW	0.016355227443119617
CHEMBL541255	EEF1A1	CbGpPW	0.016355227443119617
CHEMBL550516	EEF1A1	CbGpPW	0.016355227443119617
CHEMBL551602	EEF1A1	CbGpPW	0.016355227443119617
CHEMBL551807	EEF1A1	CbGpPW	0.016355227443119617
CHEMBL560663	EEF1A1	CbGpPW	0.016355227443119617
CHEMBL550249	EEF1A1	CbGpPW	0.016355227443119617
CHEMBL557716	EEF1A1	CbGpPW	0.016355227443119617
CHEMBL558033	EEF1A1	CbGpPW	0.016355227443119617
CHEMBL564316	EEF1A1	CbGpPW	0.016355227443119617
CHEMBL559039	EEF1A1	CbGpPW	0.016355227443119617
CHEMBL550251	EEF1A1	CbGpPW	0.016355227443119617
CHEMBL565134	EEF1A1	CbGpPW	0.016355227443119617
CHEMBL563049	EEF1A1	CbGpPW	0.016355227443119617
CHEMBL570073	EEF1A1	CbGpPW	0.016355227443119617
CHEMBL561266	EEF1A1	CbGpPW	0.016355227443119617
CHEMBL301982	EEF1A1	CbGpPW	0.016355227443119617
CHEMBL561265	EEF1A1	CbGpPW	0.016355227443119617
CHEMBL3286745	EEF1A1	CbGpPW	0.016355227443119617
CHEMBL1240927	EEF1A1	CbGpPW	0.016355227443119617
CHEMBL3609826	EEF1A1	CbGpPW	0.016355227443119617
CHEMBL3608911	EEF1A1	CbGpPW	0.016355227443119617
CHEMBL463763	EEF1A1	CbGpPW	0.016355227443119617
CHEMBL3937369	EEF1A1	CbGpPW	0.016355227443119617
CHEMBL3975567	EEF1A1	CbGpPW	0.016355227443119617
CHEMBL3946252	EEF1A1	CbGpPW	0.016355227443119617
CHEMBL3947240	EEF1A1	CbGpPW	0.016355227443119617
CHEMBL3919459	EEF1A1	CbGpPW	0.016355227443119617
CHEMBL3955977	EEF1A1	CbGpPW	0.016355227443119617
CHEMBL3928361	EEF1A1	CbGpPW	0.016355227443119617
CHEMBL3900925	EEF1A1	CbGpPW	0.016355227443119617
CHEMBL3972065	EEF1A1	CbGpPW	0.016355227443119617
CHEMBL3953713	EEF1A1	CbGpPW	0.016355227443119617
CHEMBL3901185	EEF1A1	CbGpPW	0.016355227443119617
CHEMBL3944589	EEF1A1	CbGpPW	0.016355227443119617
CHEMBL3916672	EEF1A1	CbGpPW	0.016355227443119617
CHEMBL3964729	EEF1A1	CbGpPW	0.016355227443119617
CHEMBL3911352	EEF1A1	CbGpPW	0.016355227443119617
CHEMBL3936187	EEF1A1	CbGpPW	0.016355227443119617
CHEMBL3957716	EEF1A1	CbGpPW	0.016355227443119617
CHEMBL3891011	EEF1A1	CbGpPW	0.016355227443119617
CHEMBL3969412	EEF1A1	CbGpPW	0.016355227443119617
CHEMBL3922414	EEF1A1	CbGpPW	0.016355227443119617
CHEMBL3973213	EEF1A1	CbGpPW	0.016355227443119617
CHEMBL3983798	EEF1A1	CbGpPW	0.016355227443119617
CHEMBL3919811	EEF1A1	CbGpPW	0.016355227443119617
CHEMBL3923966	EEF1A1	CbGpPW	0.016355227443119617
CHEMBL3905315	EEF1A1	CbGpPW	0.016355227443119617
CHEMBL3967087	EEF1A1	CbGpPW	0.016355227443119617
CHEMBL4070633	EEF1A1	CbGpPW	0.016355227443119617
CHEMBL4087666	EEF1A1	CbGpPW	0.016355227443119617
CHEMBL4082534	EEF1A1	CbGpPW	0.016355227443119617
CHEMBL4066791	EEF1A1	CbGpPW	0.016355227443119617
CHEMBL4077078	EEF1A1	CbGpPW	0.016355227443119617
CHEMBL4099031	EEF1A1	CbGpPW	0.016355227443119617
CHEMBL4063438	EEF1A1	CbGpPW	0.016355227443119617
CHEMBL4091297	EEF1A1	CbGpPW	0.016355227443119617
CHEMBL4081256	EEF1A1	CbGpPW	0.016355227443119617
CHEMBL4077611	EEF1A1	CbGpPW	0.016355227443119617
CHEMBL4063608	EEF1A1	CbGpPW	0.016355227443119617
CHEMBL4063330	EEF1A1	CbGpPW	0.016355227443119617
CHEMBL4069552	EEF1A1	CbGpPW	0.016355227443119617
CHEMBL4096048	EEF1A1	CbGpPW	0.016355227443119617
CHEMBL3125890	EEF1A1	CbGpPW	0.016355227443119617
CHEMBL2144069	EEF1A1	CbGpPW	0.016355227443119617
CHEMBL525191	EEF1A1	CbGpPW	0.016355227443119617
CHEMBL4070302	EEF1A1	CbGpPW	0.016355227443119617
CHEMBL4091953	EEF1A1	CbGpPW	0.016355227443119617
CHEMBL4102297	EEF1A1	CbGpPW	0.016355227443119617
CHEMBL186526	EEF1A1	CbGpPW	0.016355227443119617
CHEMBL4101619	EEF1A1	CbGpPW	0.016355227443119617
CHEMBL4083615	EEF1A1	CbGpPW	0.016355227443119617
CHEMBL4076337	EEF1A1	CbGpPW	0.016355227443119617
CHEMBL4066800	EEF1A1	CbGpPW	0.016355227443119617
CHEMBL4066949	EEF1A1	CbGpPW	0.016355227443119617
CHEMBL4071793	EEF1A1	CbGpPW	0.016355227443119617
CHEMBL4076144	EEF1A1	CbGpPW	0.016355227443119617
CHEMBL4072087	EEF1A1	CbGpPW	0.016355227443119617
CHEMBL4098083	EEF1A1	CbGpPW	0.016355227443119617
CHEMBL4090359	EEF1A1	CbGpPW	0.016355227443119617
CHEMBL4100535	EEF1A1	CbGpPW	0.016355227443119617
CHEMBL4094691	EEF1A1	CbGpPW	0.016355227443119617
CHEMBL188678	EEF1A1	CbGpPW	0.016355227443119617
CHEMBL242529	EEF1A1	CbGpPW	0.016355227443119617
CHEMBL501870	EEF1A1	CbGpPW	0.016355227443119617
CHEMBL4207280	EEF1A1	CbGpPW	0.016355227443119617
CHEMBL4207816	EEF1A1	CbGpPW	0.016355227443119617
CHEMBL4288307	EEF1A1	CbGpPW	0.016355227443119617
CHEMBL4280406	EEF1A1	CbGpPW	0.016355227443119617
CHEMBL4283002	EEF1A1	CbGpPW	0.016355227443119617
CHEMBL4293586	EEF1A1	CbGpPW	0.016355227443119617
CHEMBL4288525	EEF1A1	CbGpPW	0.016355227443119617
CHEMBL4277867	EEF1A1	CbGpPW	0.016355227443119617
CHEMBL4285168	EEF1A1	CbGpPW	0.016355227443119617
CHEMBL4293003	EEF1A1	CbGpPW	0.016355227443119617
CHEMBL4276798	EEF1A1	CbGpPW	0.016355227443119617
CHEMBL4284740	EEF1A1	CbGpPW	0.016355227443119617
CHEMBL4291948	EEF1A1	CbGpPW	0.016355227443119617
CHEMBL4281330	EEF1A1	CbGpPW	0.016355227443119617
CHEMBL4293406	EEF1A1	CbGpPW	0.016355227443119617
CHEMBL4282794	EEF1A1	CbGpPW	0.016355227443119617
CHEMBL4514442	EEF1A1	CbGpPW	0.016355227443119617
CHEMBL438605	EEF1A1	CbGpPW	0.016355227443119617
CHEMBL4877620	EEF1A1	CbGpPW	0.016355227443119617
CHEMBL4848310	EEF1A1	CbGpPW	0.016355227443119617
CHEMBL4846644	EEF1A1	CbGpPW	0.016355227443119617
CHEMBL4876187	EEF1A1	CbGpPW	0.016355227443119617
CHEMBL5200595	EEF1A1	CbGpPW	0.016355227443119617
CHEMBL520014	EEF1A1	CbGpPW	0.016355227443119617
CHEMBL278315	EEF1A1	CbGpPW	0.016355227443119617
CHEMBL5398773	EEF1A1	CbGpPW	0.016355227443119617
CHEMBL5441131	EEF1A1	CbGpPW	0.016355227443119617
CHEMBL5402290	EEF1A1	CbGpPW	0.016355227443119617
CHEMBL4294164	EEF1A2	CbGpPW	0.27131660904908067
CHEMBL5653589	EEF1A2	CbGpPW	0.22795768482304535
CHEMBL3752910	EEF1A2	CbGpPW	0.10683021740575041
CHEMBL1232461	EEF1A2	CbGpPW	0.15010457935730565
CHEMBL1221911	EEF1A2	CbGpPW	0.03901964736034091
CHEMBL123292	EEF1A2	CbGpPW	0.02957136296173122
CHEMBL2303630	EEF1A2	CbGpPW	0.03901964736034091
CHEMBL1802814	EEF1A2	CbGpPW	0.14968380635987433
CHEMBL1802815	EEF1A2	CbGpPW	0.14968380635987433
CHEMBL1802973	EEF1A2	CbGpPW	0.14968380635987433
CHEMBL3799977	EEF1A2	CbGpPW	0.03901964736034091
CHEMBL4066032	EEF1A2	CbGpPW	0.03901964736034091
CHEMBL4095101	EEF1A2	CbGpPW	0.03901964736034091
CHEMBL4097524	EEF1A2	CbGpPW	0.03901964736034091
CHEMBL4070348	EEF1A2	CbGpPW	0.03901964736034091
CHEMBL4094319	EEF1A2	CbGpPW	0.03901964736034091
CHEMBL4072881	EEF1A2	CbGpPW	0.03901964736034091
CHEMBL4067648	EEF1A2	CbGpPW	0.03901964736034091
CHEMBL4088864	EEF1A2	CbGpPW	0.03901964736034091
CHEMBL4105227	EEF1A2	CbGpPW	0.03901964736034091
CHEMBL514569	EEF1A2	CbGpPW	0.03901964736034091
CHEMBL4129274	EEF1A2	CbGpPW	0.0832553207401873
