rank_network,rank_chemistry,compound_id,pref_name,best_metapath,best_target_gene,dwpc_at_best,p_cell_min,p_minp,q_bh,p_bonferroni,p_westfall_young,significant_bh,significant_bonferroni,significant_wy,edge_layers,n_seed_targets,pchembl_max,pchembl_EEF1A1,pchembl_EEF1A2,paralogue_log_selectivity,evidence_types,chembl_targets,stitch_score_max,stitch_experimental_max,stitch_database_max,stitch_textmining_max_discarded,stitch_targets,binds_eef1a_directly,substrate_relation_only,seed_targets,evidence_grade,assay_protein,n_supporting_assays,max_seed_proteins_in_one_document,example_assay_description,tractable_small_molecule,nucleotide_cofactor,structural_exclusion_reason,n_heavy_atoms,n_rings,sa_score,max_phase,alogp,mw,n_vendors,example_vendors,canonical_smiles,inchikey,pubchem_cid,structure_source
1,,CHEMBL113178,selenomethionine,CsGiG,EEF1A2,0.1558929466046397,9.999000099990002e-05,9.999000099990002e-05,0.0111488851114888,0.0445955404459554,9.999000099990002e-05,True,True,True,STITCH,5,,,,,,,755.0,755.0,0.0,0.0,EEF1A2|EEF1G|ETF1|HSF1|ST6GALNAC1,True,False,EEF1A2|EEF1G|ETF1|HSF1|ST6GALNAC1,stitch_only,,,,,False,False,contains metal/metalloid; acyclic; MW 196 < 250; 9 heavy atoms < 18,9,0,3.73,,,196.108,0,,C[Se]CCC(C(=O)O)N,,,ChEMBL
1,,CHEMBL1214873,CMP-NeuAc,CsGiG,EEF1A2,0.1525607889467058,9.999000099990002e-05,9.999000099990002e-05,0.0111488851114888,0.0445955404459554,9.999000099990002e-05,True,True,True,STITCH,1,,,,,,,900.0,0.0,900.0,139.0,ST6GALNAC1,False,True,ST6GALNAC1,stitch_only,,,,,True,True,,41,3,5.11,,,614.4540000000003,0,,CC(=O)NC1C(CC(OC1C(C(CO)O)O)(C(=O)O)OP(=O)(O)OCC2C(C(C(O2)N3C=CC(=NC3=O)N)O)O)O,,,ChEMBL
1,1.0,CHEMBL5653589,,CbGpPW,EEF1A2,0.2561702168637927,9.999000099990002e-05,9.999000099990002e-05,0.0111488851114888,0.0445955404459554,9.999000099990002e-05,True,True,True,ChEMBL,8,9.31,,6.38,,Kd,EEF1A2|EEF1B2|EEF1D|EEF1G|RAN|RPL18A|RPS2|RPS3,,,,,,True,False,EEF1A2|EEF1B2|EEF1D|EEF1G|RAN|RPL18A|RPS2|RPS3,multiplexed_pulldown,EEF1B2,1.0,13.0,Binding affinity to human EEF1B2 incubated for 45 mins by Kinobead based pull down assay,True,False,,37,5,2.65,,5.75,503.48800000000017,29,10X CHEM; A2B Chem; AA BLOCKS; AChemBlock; AKos Consulting & Solutions,Cc1ccc(C(=O)Nc2cccc(C(F)(F)F)c2)cc1Nc1nc(-c2cccnc2)nc2nn(C)cc12,MWKSRKSEWLRPBL-UHFFFAOYSA-N,117602383.0,ChEMBL
1,,CHEMBL692,glycerol,CsGiG,EEF1A2,0.1743517509540071,9.999000099990002e-05,9.999000099990002e-05,0.0111488851114888,0.0445955404459554,9.999000099990002e-05,True,True,True,STITCH,5,,,,,,,941.0,704.0,800.0,185.0,EEF1G|HSF1|PAPSS1|PAPSS2|ST6GALNAC1,False,False,EEF1G|HSF1|PAPSS1|PAPSS2|ST6GALNAC1,stitch_only,,,,,False,False,acyclic; MW 92 < 250; 6 heavy atoms < 18,6,0,2.43,,,92.09399999999998,0,,C(C(CO)O)O,,,ChEMBL
5,,CHEMBL1236347,Tn antigen,CsGiG,EEF1A2,0.1525607889467058,0.0001999800019998,0.0003999600039996,0.0278722127787221,0.1783821617838216,0.1114888511148885,True,False,False,STITCH,1,,,,,,,900.0,0.0,900.0,269.0,ST6GALNAC1,False,True,ST6GALNAC1,stitch_only,,,,,True,False,,21,1,3.88,,,308.287,0,,CC(=O)NC1C(C(C(OC1OCC(C(=O)O)N)CO)O)O,,,ChEMBL
6,,CHEMBL1159819,chloride,CsGiG,EEF1A2,0.1355358062579397,0.0001999800019998,0.0004999500049995,0.0278722127787221,0.222977702229777,0.1114888511148885,True,False,False,STITCH,7,,,,,,,939.0,939.0,0.0,254.0,EEF1G|PAPSS1|PAPSS2|RPL3|RPL4|RPL7|ST6GALNAC1,False,False,EEF1G|PAPSS1|PAPSS2|RPL3|RPL4|RPL7|ST6GALNAC1,stitch_only,,,,,False,False,inorganic (no carbon); acyclic; MW 35 < 250; 1 heavy atoms < 18,1,0,8.48,,,35.453,0,,[Cl-],,,ChEMBL
6,,CHEMBL1200456,sulphate,CsGiG,EEF1A2,0.1155794387967333,0.0001999800019998,0.0004999500049995,0.0278722127787221,0.222977702229777,0.1114888511148885,True,False,False,STITCH,5,,,,,,,986.0,865.0,900.0,389.0,EEF1A2|EEF1G|ETF1|PAPSS1|PAPSS2,True,False,EEF1A2|EEF1G|ETF1|PAPSS1|PAPSS2,stitch_only,,,,,False,False,inorganic (no carbon); acyclic; MW 96 < 250; 5 heavy atoms < 18,5,0,3.8,,,96.06299999999999,0,,[O-]S(=O)(=O)[O-],,,ChEMBL
6,,PUBCHEM:84265,GalNAc alpha,CsGiG,EEF1A2,0.1525607889467058,0.0002999700029997,0.0004999500049995,0.0278722127787221,0.222977702229777,0.1970802919708029,True,False,False,STITCH,1,,,,,,,557.0,557.0,0.0,328.0,ST6GALNAC1,False,True,ST6GALNAC1,stitch_only,,,,,False,False,MW 221 < 250; 15 heavy atoms < 18,15,1,3.63,,,221.20899999999997,38,001Chemical; 10X CHEM; A2B Chem; AA BLOCKS; AChemBlock,CC(=O)NC1C(C(C(OC1O)CO)O)O,,84265.0,
9,,PUBCHEM:16760241,Tn antigen,CsGiG,EEF1A2,0.1525607889467058,0.0002999700029997,0.0005999400059994,0.0297303602973036,0.2675732426757324,0.1970802919708029,True,False,False,STITCH,1,,,,,,,900.0,0.0,900.0,268.0,ST6GALNAC1,False,True,ST6GALNAC1,stitch_only,,,,,True,False,,21,1,4.77,,,308.287,0,,CC(=O)NC1C(C(C(OC1OCC(C(=O)[O-])[NH3+])CO)O)O,,16760241.0,
10,,PUBCHEM:448209,CMP-sialic acid,CsGiG,EEF1A2,0.1525607889467058,0.0002999700029997,0.0006999300069993,0.0308738356933537,0.3121687831216878,0.1970802919708029,True,False,False,STITCH,1,,,,,,,900.0,0.0,900.0,113.0,ST6GALNAC1,False,True,ST6GALNAC1,stitch_only,,,,,True,True,,41,3,5.11,,,614.4540000000003,35,10X CHEM; A2B Chem; AA BLOCKS; AChemBlock; AbMole Bioscience,CC(=O)NC1C(CC(OC1C(C(CO)O)O)(C(=O)O)OP(=O)(O)OCC2C(C(C(O2)N3C=CC(=NC3=O)N)O)O)O,,448209.0,
11,,CHEMBL1200547,chloride,CsGiG,EEF1A2,0.1355358062579397,0.0002999700029997,0.0008999100089991,0.0308738356933537,0.4013598640135986,0.1970802919708029,True,False,False,STITCH,7,,,,,,,939.0,939.0,0.0,254.0,EEF1G|PAPSS1|PAPSS2|RPL3|RPL4|RPL7|ST6GALNAC1,False,False,EEF1G|PAPSS1|PAPSS2|RPL3|RPL4|RPL7|ST6GALNAC1,stitch_only,,,,,False,False,inorganic (no carbon); acyclic; MW 35 < 250; 1 heavy atoms < 18,1,0,8.48,,,35.453,0,,[Cl-],,,ChEMBL
12,45.0,CHEMBL1232461,MOLIBRESIB,CbGpPW,EEF1A2,0.2014238313290769,0.0001999800019998,0.000999900009999,0.0308738356933537,0.445955404459554,0.1114888511148885,True,False,False,ChEMBL,3,5.46,,,,IC50,EEF1D|EEF1G|RPS3A,,,,,,False,False,EEF1D|EEF1G|RPS3A,multiplexed_pulldown,EEF1D,6.0,6.0,Inhibition of EEF1D (unknown origin) assessed as fold change at 10 uM incubated for 1 hr by colloidal coomassie staining based LC-MS/MS analysis,True,False,,30,4,3.0,2.0,3.66,423.90400000000017,73,001Chemical; 10X CHEM; 1st Scientific; A2B Chem; AA BLOCKS,CCNC(=O)C[C@@H]1N=C(c2ccc(Cl)cc2)c2cc(OC)ccc2-n2c(C)nnc21,AAAQFGUYHFJNHI-SFHVURJKSA-N,46943432.0,ChEMBL
13,,PUBCHEM:444104,glutathione sulfonic acid,CsGpPW,EEF1A2,0.0440893368118838,0.0005999400059994,0.0012998700129987,0.0308738356933537,0.5797420257974202,0.4031596840315968,True,False,False,STITCH,1,,,,,,,514.0,514.0,0.0,0.0,EEF1G,False,True,EEF1G,stitch_only,,,,,False,False,acyclic,23,0,3.14,,,355.32500000000005,34,001Chemical; 10X CHEM; A2B Chem; AA BLOCKS; AKos Consulting & Solutions,C(CC(=O)NC(CS(=O)(=O)O)C(=O)NCC(=O)O)C(C(=O)O)N,,444104.0,
14,,CHEMBL1160571,pyrophosphate,CsGiG,EEF1A2,0.0852885491135841,0.0004999500049995,0.0013998600139986,0.0308738356933537,0.6243375662433757,0.3405659434056594,True,False,False,STITCH,2,,,,,,,964.0,644.0,900.0,210.0,PAPSS1|PAPSS2,False,True,PAPSS1|PAPSS2,stitch_only,,,,,False,False,inorganic (no carbon); acyclic; MW 178 < 250; 9 heavy atoms < 18,9,0,3.05,,,177.973,0,,OP(=O)(O)OP(=O)(O)O,,,ChEMBL
15,,PUBCHEM:64730,glucans,CsGpPW,EEF1A2,0.0440893368118838,0.0006999300069993,0.0014998500149985,0.0308738356933537,0.668933106689331,0.4534546545345465,True,False,False,STITCH,1,,,,,,,561.0,561.0,0.0,145.0,EEF1G,False,True,EEF1G,stitch_only,,,,,False,False,acyclic,25,0,4.0,,,372.2790000000001,11,Aladdin Scientific; Alfa Chemistry; Alfa Chemistry; BOC Sciences; BOC Sciences,C(C(C(C(C(C=O)O)O)O)O)O.C(C(=O)O)C(CC(=O)O)(C(=O)O)O,,64730.0,
16,,CHEMBL119596,EGEE,CsGpPW,EEF1A2,0.0440893368118838,0.0005999400059994,0.0015998400159984,0.0308738356933537,0.7135286471352865,0.4031596840315968,True,False,False,STITCH,1,,,,,,,477.0,477.0,0.0,0.0,EEF1G,False,True,EEF1G,stitch_only,,,,,False,False,acyclic; MW 90 < 250; 6 heavy atoms < 18,6,0,1.94,,,90.122,0,,CCOCCO,,,ChEMBL
16,,CHEMBL1206211,glucans,CsGpPW,EEF1A2,0.0440893368118838,0.0007999200079992,0.0015998400159984,0.0308738356933537,0.7135286471352865,0.504049595040496,True,False,False,STITCH,1,,,,,,,561.0,561.0,0.0,115.0,EEF1G,False,True,EEF1G,stitch_only,,,,,False,False,acyclic; MW 240 < 250; 16 heavy atoms < 18,16,0,3.74,,,240.208,0,,CC(=O)O.C(C(C(C(C(C=O)O)O)O)O)O,,,ChEMBL
16,,CHEMBL177327,AC1N9J6O,CsGpPW,EEF1A2,0.0440893368118838,0.0007999200079992,0.0015998400159984,0.0308738356933537,0.7135286471352865,0.504049595040496,True,False,False,STITCH,1,,,,,,,561.0,561.0,0.0,0.0,EEF1G,False,True,EEF1G,stitch_only,,,,,False,False,acyclic,28,0,3.55,,,423.40000000000015,0,,C(CC(=O)NC(CSC(CC(=O)O)C(=O)O)C(=O)NCC(=O)O)C(C(=O)O)N,,,ChEMBL
16,,PUBCHEM:49866839,L-cysteine sulfoxide,CsGpPW,EEF1A2,0.0440893368118838,0.0006999300069993,0.0015998400159984,0.0308738356933537,0.7135286471352865,0.4534546545345465,True,False,False,STITCH,1,,,,,,,477.0,477.0,0.0,0.0,EEF1G,False,True,EEF1G,stitch_only,,,,,False,False,acyclic; MW 137 < 250; 8 heavy atoms < 18,8,0,4.81,,,137.16,0,,C(C(C(=O)O)N)S=O,,49866839.0,
20,,PUBCHEM:3486,glutathione sulfonic acid,CsGpPW,EEF1A2,0.0440893368118838,0.0007999200079992,0.0016998300169983,0.0308738356933537,0.7581241875812419,0.504049595040496,True,False,False,STITCH,1,,,,,,,514.0,514.0,0.0,0.0,EEF1G,False,True,EEF1G,stitch_only,,,,,False,False,acyclic,23,0,3.14,,,355.32500000000005,11,Ambinter; Biosynth; Chem-Impex; Mcule; MolCore,C(CC(=O)NC(CS(=O)(=O)O)C(=O)NCC(=O)O)C(C(=O)O)N,,3486.0,
20,,PUBCHEM:5288232,AC1NRB2Z,CsGpPW,EEF1A2,0.0440893368118838,0.0007999200079992,0.0016998300169983,0.0308738356933537,0.7581241875812419,0.504049595040496,True,False,False,STITCH,1,,,,,,,573.0,573.0,0.0,0.0,EEF1G,False,True,EEF1G,stitch_only,,,,,True,False,,21,1,2.79,,,314.382,0,,CC(C)N(C1=CC=C(C=C1)F)C(=O)CSCC(C(=O)O)N,,5288232.0,
22,,CHEMBL1229766,pentaethylene glycol,CsGpPW,EEF1A2,0.0440893368118838,0.0008999100089991,0.0018998100189981,0.0308738356933537,0.8473152684731527,0.5508449155084492,True,False,False,STITCH,1,,,,,,,573.0,573.0,0.0,0.0,EEF1G,False,True,EEF1G,stitch_only,,,,,False,False,acyclic; MW 238 < 250; 16 heavy atoms < 18,16,0,2.06,,,238.27999999999994,0,,C(COCCOCCOCCOCCO)O,,,ChEMBL
22,,CHEMBL318812,AGN-PC-0IX121,CsGpPW,EEF1A2,0.0440893368118838,0.0006999300069993,0.0018998100189981,0.0308738356933537,0.8473152684731527,0.4534546545345465,True,False,False,STITCH,1,,,,,,,561.0,561.0,0.0,0.0,EEF1G,False,True,EEF1G,stitch_only,,,,,True,False,,26,4,4.07,,,351.446,0,,CN1CC2CC1CC(C2)OC(=O)C(C3=CC=CC=C3)(C4=CC=CC=C4)O,,,ChEMBL
24,,CHEMBL1356,benzoic acid,CsGpPW,EEF1A2,0.0440893368118838,0.0008999100089991,0.001999800019998,0.0308738356933537,0.891910808919108,0.5508449155084492,True,False,False,STITCH,1,,,,,,,561.0,561.0,0.0,112.0,EEF1G,False,True,EEF1G,stitch_only,,,,,False,False,MW 121 < 250; 9 heavy atoms < 18,9,1,2.22,,,121.11499999999997,0,,C1=CC=C(C=C1)C(=O)[O-],,,ChEMBL
24,,PUBCHEM:19002523,S-lactoylcysteine,CsGpPW,EEF1A2,0.0440893368118838,0.0008999100089991,0.001999800019998,0.0308738356933537,0.891910808919108,0.5508449155084492,True,False,False,STITCH,1,,,,,,,535.0,535.0,0.0,0.0,EEF1G,False,True,EEF1G,stitch_only,,,,,False,False,acyclic; MW 193 < 250; 12 heavy atoms < 18,12,0,3.66,,,193.224,0,,CC(C(=O)SCC(C(=O)O)N)O,,19002523.0,
26,,CHEMBL1235254,tetraethylene glycol,CsGpPW,EEF1A2,0.0440893368118838,0.0008999100089991,0.0020997900209979,0.0308738356933537,0.9365063493650636,0.5508449155084492,True,False,False,STITCH,1,,,,,,,561.0,561.0,0.0,0.0,EEF1G,False,True,EEF1G,stitch_only,,,,,False,False,acyclic; MW 194 < 250; 13 heavy atoms < 18,13,0,2.14,,,194.22699999999998,0,,C(COCCOCCOCCO)O,,,ChEMBL
26,,CHEMBL321214,CHEMBL321214,CsGpPW,EEF1A2,0.0440893368118838,0.0008999100089991,0.0020997900209979,0.0308738356933537,0.9365063493650636,0.5508449155084492,True,False,False,STITCH,1,,,,,,,561.0,561.0,0.0,0.0,EEF1G,False,True,EEF1G,stitch_only,,,,,True,False,,26,4,4.07,,,351.446,0,,CN1CC2CC1CC(C2)OC(=O)C(C3=CC=CC=C3)(C4=CC=CC=C4)O,,,ChEMBL
26,,PUBCHEM:6857725,AC1OAH4S,CsGpPW,EEF1A2,0.0440893368118838,0.000999900009999,0.0020997900209979,0.0308738356933537,0.9365063493650636,0.5908409159084091,True,False,False,STITCH,1,,,,,,,561.0,561.0,0.0,0.0,EEF1G,False,True,EEF1G,stitch_only,,,,,False,False,acyclic,28,0,3.55,,,423.40000000000015,0,,C(CC(=O)NC(CSC(CC(=O)O)C(=O)O)C(=O)NCC(=O)O)C(C(=O)O)N,,6857725.0,
29,,CHEMBL1255943,glutamic acid,CsGpPW,EEF1A2,0.0440893368118838,0.000999900009999,0.0021997800219978,0.0308738356933537,0.981101889811019,0.5908409159084091,True,False,False,STITCH,1,,,,,,,573.0,573.0,0.0,235.0,EEF1G,False,True,EEF1G,stitch_only,,,,,False,False,acyclic; MW 147 < 250; 10 heavy atoms < 18,10,0,2.32,,,147.13,0,,C(CC(=O)O)C(C(=O)O)N,,,ChEMBL
29,,CHEMBL1372,GSSG,CsGpPW,EEF1A2,0.0440893368118838,0.000999900009999,0.0021997800219978,0.0308738356933537,0.981101889811019,0.5908409159084091,True,False,False,STITCH,1,,,,,,,535.0,535.0,0.0,154.0,EEF1G,False,True,EEF1G,stitch_only,,,,,False,False,acyclic,40,0,3.97,,,612.6400000000003,0,,C(CC(=O)NC(CSSCC(C(=O)NCC(=O)O)NC(=O)CCC(C(=O)O)N)C(=O)NCC(=O)O)C(C(=O)O)N,,,ChEMBL
29,,PUBCHEM:5133,S-(p-nitrobenzyl)glutathione,CsGpPW,EEF1A2,0.0440893368118838,0.0008999100089991,0.0021997800219978,0.0308738356933537,0.981101889811019,0.5508449155084492,True,False,False,STITCH,1,,,,,,,514.0,514.0,0.0,216.0,EEF1G,False,True,EEF1G,stitch_only,,,,,True,False,,30,1,3.14,,,442.4500000000002,4,"Ambinter; Debye Scientific Co., Ltd; MolCore; Sigma-Aldrich",C1=CC(=CC=C1CSCC(C(=O)NCC(=O)O)NC(=O)CCC(C(=O)O)N)[N+](=O)[O-],,5133.0,
32,,CHEMBL1236315,tartrate,CsGiG,EEF1A2,0.0852885491135841,0.0006999300069993,0.0022997700229977,0.0308738356933537,1.0,0.4534546545345465,True,False,False,STITCH,2,,,,,,,704.0,704.0,0.0,0.0,PAPSS1|PAPSS2,False,True,PAPSS1|PAPSS2,stitch_only,,,,,False,False,acyclic; MW 148 < 250; 10 heavy atoms < 18,10,0,4.95,,,148.07,0,,C(C(C(=O)[O-])O)(C(=O)[O-])O,,,ChEMBL
33,,CHEMBL100476,reduced glutathione,CsGpPW,EEF1A2,0.0440893368118838,0.0008999100089991,0.0024997500249975,0.0308738356933537,1.0,0.5508449155084492,True,False,False,STITCH,1,,,,,,,514.0,514.0,0.0,162.0,EEF1G,False,True,EEF1G,stitch_only,,,,,False,False,acyclic,20,0,3.01,,,307.32800000000003,0,,C(CC(=O)NC(CS)C(=O)NCC(=O)O)C(C(=O)O)N,,,ChEMBL
33,,CHEMBL1161633,chlorate,CsGiG,EEF1A2,0.0852885491135841,0.0006999300069993,0.0024997500249975,0.0308738356933537,1.0,0.4534546545345465,True,False,False,STITCH,2,,,,,,,644.0,644.0,0.0,588.0,PAPSS1|PAPSS2,False,True,PAPSS1|PAPSS2,stitch_only,,,,,False,False,inorganic (no carbon); acyclic; MW 84 < 250; 4 heavy atoms < 18,4,0,6.65,,,84.458,0,,OCl(=O)=O,,,ChEMBL
33,,CHEMBL572546,phosphosulfate,CsGiG,EEF1A2,0.0852885491135841,0.0006999300069993,0.0024997500249975,0.0308738356933537,1.0,0.4534546545345465,True,False,False,STITCH,2,,,,,,,986.0,862.0,900.0,900.0,PAPSS1|PAPSS2,False,True,PAPSS1|PAPSS2,stitch_only,,,,,True,True,,27,3,4.21,,,427.2880000000001,0,,C1=NC2=C(C(=N1)N)N=CN2C3C(C(C(O3)COP(=O)(O)OS(=O)(=O)O)O)O,,,ChEMBL
33,,PUBCHEM:4473092,atrazine-glutathione conjugate,CsGpPW,EEF1A2,0.0440893368118838,0.0010998900109989,0.0024997500249975,0.0308738356933537,1.0,0.6305369463053695,True,False,False,STITCH,1,,,,,,,535.0,535.0,0.0,262.0,EEF1G,False,True,EEF1G,stitch_only,,,,,True,False,,33,1,3.56,,,486.55500000000023,1,Finetech Industry Limited,CCNC1=NC(=NC(=N1)SCC(C(=O)NCC(=O)O)NC(=O)CCC(C(=O)O)N)NC(C)C,,4473092.0,
37,,CHEMBL2097002,selenate,CsGiG,EEF1A2,0.0852885491135841,0.0008999100089991,0.0026997300269973,0.0308738356933537,1.0,0.5508449155084492,True,False,False,STITCH,2,,,,,,,800.0,0.0,800.0,188.0,PAPSS1|PAPSS2,False,True,PAPSS1|PAPSS2,stitch_only,,,,,False,False,inorganic (no carbon); contains metal/metalloid; acyclic; MW 145 < 250; 5 heavy atoms < 18,5,0,4.86,,,144.972,0,,O[Se](=O)(=O)O,,,ChEMBL
38,,CHEMBL1543,reduced glutathione,CsGpPW,EEF1A2,0.0440893368118838,0.0011998800119988,0.0027997200279972,0.0308738356933537,1.0,0.6672332766723328,True,False,False,STITCH,1,,,,,,,514.0,514.0,0.0,112.0,EEF1G,False,True,EEF1G,stitch_only,,,,,False,False,acyclic,20,0,3.01,,,307.32800000000003,0,,C(CC(=O)NC(CS)C(=O)NCC(=O)O)C(C(=O)O)N,,,ChEMBL
39,,PUBCHEM:97538,S-(p-nitrobenzyl)glutathione,CsGpPW,EEF1A2,0.0440893368118838,0.0013998600139986,0.0030996900309969,0.0308738356933537,1.0,0.732026797320268,True,False,False,STITCH,1,,,,,,,514.0,514.0,0.0,106.0,EEF1G,False,True,EEF1G,stitch_only,,,,,True,False,,30,1,3.14,,,442.4500000000002,19,001Chemical; 10X CHEM; A2B Chem; AA BLOCKS; AbaChemScene,C1=CC(=CC=C1CSCC(C(=O)NCC(=O)O)NC(=O)CCC(C(=O)O)N)[N+](=O)[O-],,97538.0,
40,,CHEMBL1208642,thiosulfate,CsGiG,EEF1A2,0.0852885491135841,0.000999900009999,0.0031996800319968,0.0308738356933537,1.0,0.5908409159084091,True,False,False,STITCH,2,,,,,,,644.0,644.0,0.0,230.0,PAPSS1|PAPSS2,False,True,PAPSS1|PAPSS2,stitch_only,,,,,False,False,inorganic (no carbon); acyclic; MW 112 < 250; 5 heavy atoms < 18,5,0,4.48,,,112.131,0,,[O-]S(=O)(=S)[O-],,,ChEMBL
40,,PUBCHEM:2891,cobalt,CsGiG,EEF1A2,0.0852885491135841,0.0008999100089991,0.0031996800319968,0.0308738356933537,1.0,0.5508449155084492,True,False,False,STITCH,2,,,,,,,644.0,644.0,0.0,130.0,PAPSS1|PAPSS2,False,True,PAPSS1|PAPSS2,stitch_only,,,,,False,False,contains metal/metalloid; MW 1356 > 700,93,8,8.28,,,1356.3959999999993,0,,CC1=CC2=C(C=C1C)N(C=N2)C3C(C(C(O3)CO)OP(=O)(O)OC(C)CNC(=O)CCC4(C(C5C6(C(C(C(=N6)C(=C7C(C(C(=N7)C=C8C(C(C(=N8)C(=C4[N-]5)C)CCC(=O)N)(C)C)CCC(=O)N)(C)CC(=O)N)C)CCC(=O)N)(C)CC(=O)N)C)CC(=O)N)C)O.[C-]#N.[Co+2],,2891.0,
40,,PUBCHEM:5326960,glutathione sulfinate,CsGpPW,EEF1A2,0.0440893368118838,0.0013998600139986,0.0031996800319968,0.0308738356933537,1.0,0.732026797320268,True,False,False,STITCH,1,,,,,,,488.0,488.0,0.0,0.0,EEF1G,False,True,EEF1G,stitch_only,,,,,False,False,acyclic,22,0,3.53,,,339.326,5,BOC Sciences; CATO Research Chemicals Inc.; CymitQuimica; Quality Control Solutions (QCS Standards); Veeprho,C(CC(=O)NC(CS(=O)O)C(=O)NCC(=O)O)C(C(=O)O)N,,5326960.0,
43,,CHEMBL1200861,tartrate,CsGiG,EEF1A2,0.0852885491135841,0.0008999100089991,0.0032996700329967,0.0308738356933537,1.0,0.5508449155084492,True,False,False,STITCH,2,,,,,,,704.0,704.0,0.0,0.0,PAPSS1|PAPSS2,False,True,PAPSS1|PAPSS2,stitch_only,,,,,False,False,acyclic; MW 150 < 250; 10 heavy atoms < 18,10,0,3.0,,,150.08599999999998,0,,C(C(C(=O)O)O)(C(=O)O)O,,,ChEMBL
43,,PUBCHEM:18931838,AGN-PC-0BUEPK,CsGiG,EEF1A2,0.0852885491135841,0.000999900009999,0.0032996700329967,0.0308738356933537,1.0,0.5908409159084091,True,False,False,STITCH,2,,,,,,,644.0,644.0,0.0,0.0,PAPSS1|PAPSS2,False,True,PAPSS1|PAPSS2,stitch_only,,,,,False,False,inorganic (no carbon); acyclic; MW 114 < 250; 5 heavy atoms < 18,5,0,5.07,,,114.14699999999999,0,,[H+].[H+].[O-]S(=O)(=S)[O-],,18931838.0,
45,,CHEMBL359504,malonate,CsGpPW,EEF1A2,0.0440893368118838,0.0012998700129987,0.0033996600339966,0.0308738356933537,1.0,0.7011298870112989,True,False,False,STITCH,1,,,,,,,561.0,561.0,0.0,0.0,EEF1G,False,True,EEF1G,stitch_only,,,,,False,False,acyclic; MW 104 < 250; 7 heavy atoms < 18,7,0,2.05,,,104.06099999999999,0,,C(C(=O)O)C(=O)O,,,ChEMBL
45,,PUBCHEM:5287712,atrazine-glutathione conjugate,CsGpPW,EEF1A2,0.0440893368118838,0.0011998800119988,0.0033996600339966,0.0308738356933537,1.0,0.6672332766723328,True,False,False,STITCH,1,,,,,,,535.0,535.0,0.0,262.0,EEF1G,False,True,EEF1G,stitch_only,,,,,True,False,,33,1,3.56,,,486.55500000000023,25,10X CHEM; A2B Chem; AA BLOCKS; Angene Chemical; BLD Pharm,CCNC1=NC(=NC(=N1)SCC(C(=O)NCC(=O)O)NC(=O)CCC(C(=O)O)N)NC(C)C,,5287712.0,
47,,CHEMBL2146121,calcium ions,CsGiG,EEF1A2,0.091905738977668,0.000999900009999,0.0034996500349965,0.0308738356933537,1.0,0.5908409159084091,True,False,False,STITCH,3,,,,,,,644.0,644.0,0.0,102.0,EEF1G|PAPSS1|PAPSS2,False,True,EEF1G|PAPSS1|PAPSS2,stitch_only,,,,,False,False,inorganic (no carbon); contains metal/metalloid; acyclic; MW 40 < 250; 1 heavy atoms < 18,1,0,7.75,,,40.078,0,,[Ca+2],,,ChEMBL
48,,CHEMBL1235226,diethylene glycol,CsGiG,EEF1A2,0.0852885491135841,0.0011998800119988,0.0035996400359964,0.0308738356933537,1.0,0.6672332766723328,True,False,False,STITCH,2,,,,,,,644.0,644.0,0.0,0.0,PAPSS1|PAPSS2,False,True,PAPSS1|PAPSS2,stitch_only,,,,,False,False,acyclic; MW 106 < 250; 7 heavy atoms < 18,7,0,2.16,,,106.12099999999998,0,,C(COCCO)O,,,ChEMBL
48,,CHEMBL345292,S-hexylglutathione,CsGpPW,EEF1A2,0.0440893368118838,0.0013998600139986,0.0035996400359964,0.0308738356933537,1.0,0.732026797320268,True,False,False,STITCH,1,,,,,,,514.0,514.0,0.0,256.0,EEF1G,False,True,EEF1G,stitch_only,,,,,False,False,acyclic,26,0,3.65,,,392.49800000000016,0,,CCCCCCSCC(C(=O)NCC(=O)O)NC(=O)CCC(C(=O)O)[NH3+],,,ChEMBL
48,,PUBCHEM:10214,3'-phosphoadenosine 5'-phosphosulfate,CsGiG,EEF1A2,0.0852885491135841,0.0010998900109989,0.0035996400359964,0.0308738356933537,1.0,0.6305369463053695,True,False,False,STITCH,2,,,,,,,994.0,939.0,900.0,893.0,PAPSS1|PAPSS2,False,True,PAPSS1|PAPSS2,stitch_only,,,,,True,True,,31,3,4.45,,,507.26700000000017,19,"AKos Consulting & Solutions; AiFChem, an XtalPi Company; Angene Chemical; BLD Pharm; BOC Sciences",C1=NC2=C(C(=N1)N)N=CN2C3C(C(C(O3)COP(=O)(O)OS(=O)(=O)O)OP(=O)(O)O)O,,10214.0,
48,,PUBCHEM:18628280,hydron;phosphonato phosphate,CsGiG,EEF1A2,0.0852885491135841,0.000999900009999,0.0035996400359964,0.0308738356933537,1.0,0.5908409159084091,True,False,False,STITCH,2,,,,,,,644.0,644.0,0.0,0.0,PAPSS1|PAPSS2,False,True,PAPSS1|PAPSS2,stitch_only,,,,,False,False,inorganic (no carbon); acyclic; MW 176 < 250; 9 heavy atoms < 18,9,0,5.74,,,175.957,0,,[H+].[H+].[O-]P(=O)([O-])OP(=O)([O-])[O-],,18628280.0,
48,,PUBCHEM:20042692,hydron;sulfate,CsGiG,EEF1A2,0.1155794387967333,0.000999900009999,0.0035996400359964,0.0308738356933537,1.0,0.5908409159084091,True,False,False,STITCH,5,,,,,,,865.0,865.0,0.0,0.0,EEF1A2|EEF1G|ETF1|PAPSS1|PAPSS2,True,False,EEF1A2|EEF1G|ETF1|PAPSS1|PAPSS2,stitch_only,,,,,False,False,inorganic (no carbon); acyclic; MW 97 < 250; 5 heavy atoms < 18,5,0,4.35,,,97.07099999999998,0,,[H-].[O-]S(=O)(=O)[O-],,20042692.0,
53,,PUBCHEM:4631220,AC1NRB2Z,CsGpPW,EEF1A2,0.0440893368118838,0.0015998400159984,0.0038996100389961,0.0312951161024248,1.0,0.7841215878412159,True,False,False,STITCH,1,,,,,,,573.0,573.0,0.0,0.0,EEF1G,False,True,EEF1G,stitch_only,,,,,True,False,,21,1,2.79,,,314.382,0,,CC(C)N(C1=CC=C(C=C1)F)C(=O)CSCC(C(=O)O)N,,4631220.0,
54,,CHEMBL1230989,AMP-PNP,CsGiG,EEF1A2,0.0852885491135841,0.0011998800119988,0.003999600039996,0.0312951161024248,1.0,0.6672332766723328,True,False,False,STITCH,2,,,,,,,701.0,701.0,0.0,0.0,PAPSS1|PAPSS2,False,True,PAPSS1|PAPSS2,stitch_only,,,,,True,True,,31,3,4.63,,,506.1980000000001,0,,C1=NC2=C(C(=N1)N)N=CN2C3C(C(C(O3)COP(=O)(O)OP(=O)(NP(=O)(O)O)O)O)O,,,ChEMBL
54,,CHEMBL1234276,2-(N-morpholino)ethanesulfonic acid,CsGiG,EEF1A2,0.091905738977668,0.0010998900109989,0.003999600039996,0.0312951161024248,1.0,0.6305369463053695,True,False,False,STITCH,3,,,,,,,644.0,644.0,0.0,289.0,EEF1G|PAPSS1|PAPSS2,False,True,EEF1G|PAPSS1|PAPSS2,stitch_only,,,,,False,False,MW 195 < 250; 12 heavy atoms < 18,12,1,2.14,,,195.24,0,,C1COCCN1CCS(=O)(=O)O,,,ChEMBL
54,,PUBCHEM:440758,adenosine 5'-phosphoselenate,CsGiG,EEF1A2,0.0852885491135841,0.0011998800119988,0.003999600039996,0.0312951161024248,1.0,0.6672332766723328,True,False,False,STITCH,2,,,,,,,800.0,0.0,800.0,0.0,PAPSS1|PAPSS2,False,True,PAPSS1|PAPSS2,stitch_only,,,,,False,True,contains metal/metalloid,27,3,4.67,,,474.1810000000001,3,BenchChem; EvitaChem; RR Scientific,C1=NC2=C(C(=N1)N)N=CN2C3C(C(C(O3)COP(=O)(O)O[Se](=O)(=O)O)O)O,,440758.0,
54,,PUBCHEM:783,hydrogen,CsGiG,EEF1A2,0.0852885491135841,0.0010998900109989,0.003999600039996,0.0312951161024248,1.0,0.6305369463053695,True,False,False,STITCH,2,,,,,,,900.0,0.0,900.0,0.0,PAPSS1|PAPSS2,False,True,PAPSS1|PAPSS2,stitch_only,,,,,False,False,inorganic (no carbon); acyclic; MW 2 < 250; 0 heavy atoms < 18,0,0,7.75,,,2.016,114,A2B Chem; A2B Chem; AA BLOCKS; AA BLOCKS; AKos Consulting & Solutions,[HH],,783.0,
58,,PUBCHEM:24892762,C05696,CsGiG,EEF1A2,0.0852885491135841,0.0013998600139986,0.0045995400459954,0.0353688769054129,1.0,0.732026797320268,True,False,False,STITCH,2,,,,,,,800.0,0.0,800.0,0.0,PAPSS1|PAPSS2,False,True,PAPSS1|PAPSS2,stitch_only,,,,,False,True,contains metal/metalloid,31,3,4.86,,,554.1600000000003,1,BenchChem,C1=NC2=C(C(=N1)N)N=CN2C3C(C(C(O3)COP(=O)(O)O[Se](=O)(=O)O)OP(=O)(O)O)O,,24892762.0,
59,,PUBCHEM:20395750,"ethane-1,2-diol;hydron",CsGiG,EEF1A2,0.091905738977668,0.0012998700129987,0.0046995300469953,0.0355252610332187,1.0,0.7011298870112989,True,False,False,STITCH,3,,,,,,,644.0,644.0,0.0,0.0,EEF1G|PAPSS1|PAPSS2,False,True,EEF1G|PAPSS1|PAPSS2,stitch_only,,,,,False,False,acyclic; MW 63 < 250; 4 heavy atoms < 18,4,0,2.84,,,63.07600000000001,0,,[H+].C(CO)O,,20395750.0,
60,,PUBCHEM:23977,cobalt,CsGiG,EEF1A2,0.0852885491135841,0.0013998600139986,0.0048995100489951,0.0364196913641969,1.0,0.732026797320268,True,False,False,STITCH,2,,,,,,,644.0,644.0,0.0,105.0,PAPSS1|PAPSS2,False,True,PAPSS1|PAPSS2,stitch_only,,,,,False,False,inorganic (no carbon); contains metal/metalloid; acyclic; MW 118 < 250; 2 heavy atoms < 18,2,0,6.69,,,117.866,0,,[Co].[Co],,23977.0,
61,,PUBCHEM:990,3'-phosphoadenosine 5'-phosphosulfate,CsGiG,EEF1A2,0.0852885491135841,0.0013998600139986,0.004999500049995,0.0365537216770126,1.0,0.732026797320268,True,False,False,STITCH,2,,,,,,,994.0,939.0,900.0,893.0,PAPSS1|PAPSS2,False,True,PAPSS1|PAPSS2,stitch_only,,,,,True,True,,31,3,4.45,,,507.26700000000017,3,A2B Chem; AA BLOCKS; NewCan Biotech,C1=NC2=C(C(=N1)N)N=CN2C3C(C(C(O3)COP(=O)(O)OS(=O)(=O)O)OP(=O)(O)O)O,,990.0,
62,,CHEMBL1200391,Tris-HCl,CsGiG,EEF1A2,0.091905738977668,0.0013998600139986,0.0051994800519948,0.037402711341769,1.0,0.732026797320268,True,False,False,STITCH,3,,,,,,,644.0,644.0,0.0,144.0,EEF1G|PAPSS1|PAPSS2,False,True,EEF1G|PAPSS1|PAPSS2,stitch_only,,,,,False,False,acyclic; MW 121 < 250; 8 heavy atoms < 18,8,0,3.16,,,121.136,0,,C(C(CO)(CO)N)O,,,ChEMBL
63,,CHEMBL457299,polyethylene glycol,CsGiG,EEF1A2,0.091905738977668,0.0014998500149985,0.0053994600539946,0.038224748953676,1.0,0.7609239076092391,True,False,False,STITCH,3,,,,,,,644.0,644.0,0.0,218.0,EEF1G|PAPSS1|PAPSS2,False,True,EEF1G|PAPSS1|PAPSS2,stitch_only,,,,,False,False,acyclic; MW 62 < 250; 4 heavy atoms < 18,4,0,2.28,,,62.068000000000005,0,,C(CO)O,,,ChEMBL
64,5.0,CHEMBL3752910,,CbGiG,EEF1A1,0.4173306289570891,0.0006999300069993,0.0060993900609939,0.0425051244875512,1.0,0.4534546545345465,True,False,False,ChEMBL,10,8.41,,,,Kd,EEF1D|EEF1G|RAN|RPL18A|RPL3|RPL4|RPL7|RPS2|RPS3|RPS3A,,,,,,False,False,EEF1D|EEF1G|RAN|RPL18A|RPL3|RPL4|RPL7|RPS2|RPS3|RPS3A,multiplexed_pulldown,RPS3A,1.0,10.0,Binding affinity to human RPS3A incubated for 45 mins by Kinobead based pull down assay,True,False,,37,5,2.52,,5.75,503.48800000000017,68,001Chemical; 10X CHEM; A2B Chem; AA BLOCKS; AChemBlock,Cc1ccc(C(=O)Nc2cccc(C(F)(F)F)c2)cc1Nc1nc(-c2cccnc2)nc2c1cnn2C,ZCCPLJOKGAACRT-UHFFFAOYSA-N,16747388.0,ChEMBL
65,,CHEMBL254951,2-mercaptoethanol,CsGpPW,EEF1A2,0.0334134691061145,0.0036996300369963,0.0134986501349865,0.0925695309256953,1.0,0.9724027597240276,False,False,False,STITCH,2,,,,,,,644.0,644.0,0.0,0.0,EEF1G|RPS2,False,False,EEF1G|RPS2,stitch_only,,,,,False,False,acyclic; MW 78 < 250; 4 heavy atoms < 18,4,0,3.02,,,78.136,0,,C(CS)O,,,ChEMBL
66,6.0,CHEMBL1802973,,CbGpBP,EEF1A2,0.1424255731043326,0.0017998200179982,0.0136986301369863,0.0925695309256953,1.0,0.8212178782121787,False,False,False,ChEMBL,2,8.34,7.24,8.34,-1.1,Kd,EEF1A1|EEF1A2,,,,,,True,False,EEF1A1|EEF1A2,direct_biophysical,EEF1A1,7.0,2.0,Binding affinity to eEF1A1 expressed in human MDA-MB-231 cells using 1 uM biotinylated compound immobilized on streptavidin sensor chip by surface plasmon resonance method,True,False,,40,4,3.47,,5.38,548.6400000000003,0,,CC(C)C[C@H](NC(=O)c1ccc(-c2cc(=O)c3cc([N+](=O)[O-])c(N[C@H](C)C4CCCCC4)cc3o2)cc1)C(N)=O,OYKRHXHJPJWNMX-KOSHJBKYSA-N,53361218.0,ChEMBL
67,4.0,CHEMBL1802814,,CbGpBP,EEF1A2,0.1424255731043326,0.0021997800219978,0.0166983301669833,0.111156048574247,1.0,0.8812118788121188,False,False,False,ChEMBL,2,8.43,8.43,8.31,0.12,Kd,EEF1A1|EEF1A2,,,,,,True,False,EEF1A1|EEF1A2,direct_biophysical,EEF1A1,2.0,2.0,Binding affinity to eEF1A1 in human MDA-MB-231 cells using biotinylated compound using Western blot analysis based pull down assay,True,False,,48,6,3.73,,7.33,649.7919999999999,0,,COc1ccc(Nc2nc3cc4c(=O)cc(-c5ccc(C(=O)N[C@@H](CC(C)C)C(N)=O)cc5)oc4cc3n2[C@H](C)C2CCCCC2)cc1,JEZQQOPCGJRMDS-IPBJYNAHSA-N,53362901.0,ChEMBL
68,,CHEMBL284377,phospho-serine,CsGpPW,EEF1A1,0.0428892327237658,0.0085991400859914,0.0251974802519748,0.1648096059959221,1.0,1.0,False,False,False,STITCH,1,,,,,,,741.0,741.0,0.0,165.0,EEF1A2,True,False,EEF1A2,stitch_only,,,,,False,False,acyclic; MW 185 < 250; 11 heavy atoms < 18,11,0,3.05,,,185.072,0,,C(C(C(=O)O)N)OP(=O)(O)O,,,ChEMBL
69,,CHEMBL1418244,pSer,CsGpPW,EEF1A1,0.0428892327237658,0.0086991300869913,0.0254974502549745,0.1648096059959221,1.0,1.0,False,False,False,STITCH,1,,,,,,,741.0,741.0,0.0,165.0,EEF1A2,True,False,EEF1A2,stitch_only,,,,,False,False,acyclic; MW 185 < 250; 11 heavy atoms < 18,11,0,3.05,,,185.072,0,,C(C(C(=O)O)N)OP(=O)(O)O,,,ChEMBL
70,2.0,CHEMBL1802815,,CbGpBP,EEF1A2,0.1424255731043326,0.0031996800319968,0.0258974102589741,0.1650034996500349,1.0,0.9534046595340466,False,False,False,ChEMBL,2,8.61,8.09,8.61,-0.52,Kd,EEF1A1|EEF1A2,,,,,,True,False,EEF1A1|EEF1A2,direct_biophysical,EEF1A1,2.0,2.0,Binding affinity to eEF1A1 in human MDA-MB-231 cells using biotinylated compound using Western blot analysis based pull down assay,True,False,,46,6,3.19,,5.75,613.7180000000001,0,,CC(C)CNc1nc2cc3c(=O)cc(-c4ccc(C(=O)N[C@@H](Cc5ccccc5)C(N)=O)cc4)oc3cc2n1Cc1ccccc1,XDQGSQOIWVSUFW-PMERELPUSA-N,56662893.0,ChEMBL
71,,CHEMBL1261,citric acid,CsGiG,EEF1A2,0.0819156981013864,0.0078992100789921,0.0294970502949705,0.1827178393271784,1.0,1.0,False,False,False,STITCH,4,,,,,,,644.0,644.0,0.0,125.0,EEF1G|PAPSS1|PAPSS2|RPL4,False,False,EEF1G|PAPSS1|PAPSS2|RPL4,stitch_only,,,,,False,False,acyclic; MW 192 < 250; 13 heavy atoms < 18,13,0,2.45,,,192.12300000000002,0,,C(C(=O)O)C(CC(=O)O)(C(=O)O)O,,,ChEMBL
71,,PUBCHEM:3246323,O-phosphothreonine,CsGpPW,EEF1A1,0.0428892327237658,0.0107989201079892,0.0294970502949705,0.1827178393271784,1.0,1.0,False,False,False,STITCH,1,,,,,,,741.0,741.0,0.0,0.0,EEF1A2,True,False,EEF1A2,stitch_only,,,,,False,False,acyclic; MW 199 < 250; 12 heavy atoms < 18,12,0,3.58,,,199.099,59,10X CHEM; 10X CHEM; A2B Chem; A2B Chem; AA BLOCKS,CC(C(C(=O)O)N)OP(=O)(O)O,,3246323.0,
73,,CHEMBL1742182,O-phosphothreonine,CsGpPW,EEF1A1,0.0428892327237658,0.0120987901209879,0.0313968603139686,0.191821913699041,1.0,1.0,False,False,False,STITCH,1,,,,,,,741.0,741.0,0.0,0.0,EEF1A2,True,False,EEF1A2,stitch_only,,,,,False,False,acyclic; MW 199 < 250; 12 heavy atoms < 18,12,0,3.58,,,199.099,0,,CC(C(C(=O)O)N)OP(=O)(O)O,,,ChEMBL
74,28.0,CHEMBL3301622,GILTERITINIB,CbGpMF,EEF1A2,0.0936799497102523,0.0101989801019898,0.0548945105489451,0.2820827965050385,1.0,1.0,False,False,False,ChEMBL,1,6.12,,,,Kd,RAN,,,,,,False,False,RAN,proteome_readout,RAN,1.0,1.0,"Kinobeads (epsilon), multiple immobilized ATP-competitive broad spectrum kinase inhibitors, used to assess residual binding of ~300 proteins simultaneously from cell lysate in the presence of a compound. Quantitative readout performed by mass spectrometry.",True,False,,40,5,2.97,4.0,2.7,552.7240000000003,82,001Chemical; 10X CHEM; 1st Scientific; A2B Chem; AA BLOCKS,CCc1nc(C(N)=O)c(Nc2ccc(N3CCC(N4CCN(C)CC4)CC3)c(OC)c2)nc1NC1CCOCC1,GYQYAJJFPNQOOW-UHFFFAOYSA-N,49803313.0,ChEMBL
75,,CHEMBL1627076,guanylate,CsGpPW,EEF1A1,0.0493551383964375,0.0182981701829817,0.0580941905809419,0.2820827965050385,1.0,1.0,False,False,False,STITCH,2,,,,,,,704.0,704.0,0.0,0.0,EEF1A2|RPS2,True,False,EEF1A2|RPS2,stitch_only,,,,,True,True,,24,3,3.96,,,363.223,0,,C1=NC2=C(N1C3C(C(C(O3)COP(=O)(O)O)O)O)NC(=NC2=O)N,,,ChEMBL
76,,PUBCHEM:46936762,DB03708,CsGiG,EEF1A2,0.0520228324449578,0.018998100189981,0.0598940105989401,0.2820827965050385,1.0,1.0,False,False,False,STITCH,1,,,,,,,800.0,0.0,800.0,0.0,PAPSS1,False,True,PAPSS1,stitch_only,,,,,True,True,,27,3,4.21,,,427.2880000000001,0,,C1=NC2=C(C(=N1)N)N=CN2C3C(C(C(O3)COP(=O)(O)OS(=O)(=O)O)O)O,,46936762.0,
77,,CHEMBL1627075,poly-C,CsGiG,EEF1A2,0.0801410308060595,0.0164983501649835,0.0605939406059394,0.2820827965050385,1.0,1.0,False,False,False,STITCH,5,,,,,,,900.0,644.0,900.0,104.0,RPL3|RPL4|RPL7|RPS2|ST6GALNAC1,False,False,RPL3|RPL4|RPL7|RPS2|ST6GALNAC1,stitch_only,,,,,True,True,,21,2,3.83,,,323.198,0,,C1=CN(C(=O)N=C1N)C2C(C(C(O2)COP(=O)(O)O)O)O,,,ChEMBL
78,,PUBCHEM:12876354,GGZ,CsGiG,EEF1A2,0.0520228324449578,0.0198980101989801,0.0606939306069393,0.2820827965050385,1.0,1.0,False,False,False,STITCH,1,,,,,,,800.0,800.0,0.0,0.0,PAPSS1,False,True,PAPSS1,stitch_only,,,,,True,True,,30,4,4.81,,,489.2520000000002,3,Alfa Chemistry; BLD Pharm; BOC Sciences,C1=NC2=C(C(=N1)N)N=CN2C3C4C(C(O3)COP(=O)(O)OS(=O)(=O)O)OP(=O)(O4)O,,12876354.0,
79,,CHEMBL1329786,poly-C,CsGiG,EEF1A2,0.0801410308060595,0.0166983301669833,0.0607939206079392,0.2820827965050385,1.0,1.0,False,False,False,STITCH,5,,,,,,,900.0,644.0,900.0,104.0,RPL3|RPL4|RPL7|RPS2|ST6GALNAC1,False,False,RPL3|RPL4|RPL7|RPS2|ST6GALNAC1,stitch_only,,,,,True,True,,21,2,3.83,,,323.198,0,,C1=CN(C(=O)N=C1N)C2C(C(C(O2)COP(=O)(O)O)O)O,,,ChEMBL
80,,CHEMBL1232391,magic bullet,CsGiG,EEF1A2,0.0520228324449578,0.0194980501949805,0.0608939106089391,0.2820827965050385,1.0,1.0,False,False,False,STITCH,1,,,,,,,700.0,0.0,700.0,0.0,PAPSS1,False,True,PAPSS1,stitch_only,,,,,False,False,acyclic; MW 154 < 250; 8 heavy atoms < 18,8,0,4.38,,,154.25599999999997,0,,C(C(C(CS)O)O)S,,,ChEMBL
81,,CHEMBL1242996,guanylate,CsGpPW,EEF1A1,0.0493551383964375,0.0193980601939806,0.0616938306169383,0.2820827965050385,1.0,1.0,False,False,False,STITCH,2,,,,,,,704.0,704.0,0.0,0.0,EEF1A2|RPS2,True,False,EEF1A2|RPS2,stitch_only,,,,,True,True,,24,3,3.96,,,363.223,0,,C1=NC2=C(N1C3C(C(C(O3)COP(=O)(O)O)O)O)NC(=NC2=O)N,,,ChEMBL
82,,PUBCHEM:46936447,DB02661,CsGiG,EEF1A2,0.0520228324449578,0.0205979402059794,0.0633936606339366,0.2820827965050385,1.0,1.0,False,False,False,STITCH,1,,,,,,,800.0,0.0,800.0,0.0,PAPSS1,False,True,PAPSS1,stitch_only,,,,,False,True,contains metal/metalloid,30,3,4.44,,,510.14500000000015,0,,C1=NC2=C(C(=N1)N)N=CN2C3C(C(C(O3)COP(=O)(O)OP(=O)(O)O)O)O.O=[V]=O,,46936447.0,
83,,PUBCHEM:4473609,AC1NRA5X,CsGiG,EEF1A2,0.0520228324449578,0.020997900209979,0.0640935906409359,0.2820827965050385,1.0,1.0,False,False,False,STITCH,1,,,,,,,800.0,0.0,800.0,0.0,PAPSS1,False,True,PAPSS1,stitch_only,,,,,False,True,contains metal/metalloid,30,3,4.44,,,510.14500000000015,0,,C1=NC2=C(C(=N1)N)N=CN2C3C(C(C(O3)COP(=O)(O)OP(=O)(O)O)O)O.O=[V]=O,,4473609.0,
84,,PUBCHEM:12876353,AGN-PC-00JW3C,CsGiG,EEF1A2,0.0520228324449578,0.01999800019998,0.0647935206479352,0.2820827965050385,1.0,1.0,False,False,False,STITCH,1,,,,,,,800.0,800.0,0.0,0.0,PAPSS1,False,True,PAPSS1,stitch_only,,,,,True,True,,30,4,4.81,,,489.2520000000002,0,,C1=NC2=C(C(=N1)N)N=CN2C3C4C(C(O3)COP(=O)(O)OS(=O)(=O)O)OP(=O)(O4)O,,12876353.0,
85,,CHEMBL2137046,4-hydroxytamoxifen,CsGiG,EEF1A2,0.0520228324449578,0.020997900209979,0.064993500649935,0.2820827965050385,1.0,1.0,False,False,False,STITCH,1,,,,,,,700.0,0.0,700.0,0.0,PAPSS1,False,True,PAPSS1,stitch_only,,,,,True,False,,29,3,2.14,,,387.5230000000001,0,,CCC(=C(C1=CC=C(C=C1)O)C2=CC=C(C=C2)OCCN(C)C)C3=CC=CC=C3,,,ChEMBL
86,,CHEMBL406270,dithiothreitol,CsGiG,EEF1A2,0.0520228324449578,0.0220977902209779,0.0655934406559344,0.2820827965050385,1.0,1.0,False,False,False,STITCH,1,,,,,,,700.0,0.0,700.0,0.0,PAPSS1,False,True,PAPSS1,stitch_only,,,,,False,False,acyclic; MW 154 < 250; 8 heavy atoms < 18,8,0,4.38,,,154.25599999999997,0,,C(C(C(CS)O)O)S,,,ChEMBL
87,,PUBCHEM:620,dADP,CsGiG,EEF1A2,0.0520228324449578,0.0214978502149785,0.0657934206579342,0.2820827965050385,1.0,1.0,False,False,False,STITCH,1,,,,,,,800.0,800.0,0.0,0.0,PAPSS1,False,True,PAPSS1,stitch_only,,,,,True,True,,26,3,4.07,,,411.20400000000006,4,A2B Chem; AA BLOCKS; BenchChem; MolCore,C1C(C(OC1N2C=NC3=C2N=CN=C3N)COP(=O)(O)OP(=O)(O)O)O,,620.0,
88,,CHEMBL489,4-hydroxytamoxifen,CsGiG,EEF1A2,0.0520228324449578,0.0218978102189781,0.0661933806619338,0.2820827965050385,1.0,1.0,False,False,False,STITCH,1,,,,,,,700.0,0.0,700.0,0.0,PAPSS1,False,True,PAPSS1,stitch_only,,,,,True,False,,29,3,2.14,,,387.5230000000001,0,,CCC(=C(C1=CC=C(C=C1)O)C2=CC=C(C=C2)OCCN(C)C)C3=CC=CC=C3,,,ChEMBL
89,,CHEMBL1231071,arsenite,CsGiG,EEF1A2,0.0520228324449578,0.021997800219978,0.0678932106789321,0.2820827965050385,1.0,1.0,False,False,False,STITCH,1,,,,,,,700.0,0.0,700.0,0.0,PAPSS1,False,True,PAPSS1,stitch_only,,,,,False,False,inorganic (no carbon); contains metal/metalloid; acyclic; MW 123 < 250; 4 heavy atoms < 18,4,0,6.35,,,122.91899999999998,0,,[O-][As]([O-])[O-],,,ChEMBL
90,,PUBCHEM:188966,dADP,CsGiG,EEF1A2,0.0520228324449578,0.0222977702229777,0.0708929107089291,0.2820827965050385,1.0,1.0,False,False,False,STITCH,1,,,,,,,800.0,800.0,0.0,0.0,PAPSS1,False,True,PAPSS1,stitch_only,,,,,True,True,,26,3,4.07,,,411.20400000000006,10,"AiFChem, an XtalPi Company; Alfa Chemistry; BLD Pharm; BOC Sciences; CATO Research Chemicals Inc.",C1C(C(OC1N2C=NC3=C2N=CN=C3N)COP(=O)(O)OP(=O)(O)O)O,,188966.0,
91,,PUBCHEM:14888,arsenic trioxide,CsGpPW,EEF1A1,0.0464749896294535,0.0235976402359764,0.0714928507149285,0.2820827965050385,1.0,1.0,False,False,False,STITCH,2,,,,,,,700.0,0.0,700.0,0.0,EEF1A2|HSF1,True,False,EEF1A2|HSF1,stitch_only,,,,,False,False,inorganic (no carbon); contains metal/metalloid; acyclic; MW 198 < 250; 5 heavy atoms < 18,5,0,8.04,,,197.841,15,Ambinter; BenchChem; CATO Research Chemicals Inc.; Chem-Impex; Chem-Impex,[O-2].[O-2].[O-2].[As+3].[As+3],,14888.0,
92,,CHEMBL1233085,Gpp(NH)p,CsGiG,EEF1A1,0.0833330980317322,0.0275972402759724,0.0917908209179082,0.2820827965050385,1.0,1.0,False,False,False,STITCH,3,,,,,,,755.0,755.0,0.0,282.0,EEF1A2|ETF1|RPS2,True,False,EEF1A2|ETF1|RPS2,stitch_only,,,,,True,True,,32,3,4.75,,,522.197,0,,C1=NC2=C(N1C3C(C(C(O3)COP(=O)(O)OP(=O)(NP(=O)(O)O)O)O)O)NC(=NC2=O)N,,,ChEMBL
93,,CHEMBL3191218,AC1ON5E3,CsGiG,EEF1A2,0.0367210942289852,0.038996100389961,0.1122887711228877,0.2820827965050385,1.0,1.0,False,False,False,STITCH,1,,,,,,,411.0,411.0,0.0,0.0,HSF1,False,False,HSF1,stitch_only,,,,,True,False,,28,3,1.99,,,394.8140000000001,0,,C1=CC=C(C(=C1)C(=O)OC2=CC=C(C=C2)C=NNC3=CC=C(C=C3)C(=O)O)Cl,,,ChEMBL
94,,CHEMBL1971760,AC1O9NFR,CsGiG,EEF1A2,0.0367210942289852,0.041995800419958,0.1134886511348865,0.2820827965050385,1.0,1.0,False,False,False,STITCH,1,,,,,,,415.0,415.0,0.0,0.0,HSF1,False,False,HSF1,stitch_only,,,,,True,False,,21,3,3.11,,,300.362,0,,CN=C1N(C(=CS1)C2=CC=CC=C2F)NC=C3C=CC=N3,,,ChEMBL
95,,CHEMBL3198633,AC1OB9S3,CsGiG,EEF1A2,0.0367210942289852,0.0432956704329567,0.1167883211678832,0.2820827965050385,1.0,1.0,False,False,False,STITCH,1,,,,,,,415.0,415.0,0.0,0.0,HSF1,False,False,HSF1,stitch_only,,,,,True,False,,21,3,3.08,,,315.42300000000006,0,,CN=C1N(C(=CS1)C2=CC=CS2)NC=C3C=CC=CC3=O,,,ChEMBL
96,,CHEMBL1320794,AC1M747X,CsGiG,EEF1A2,0.0367210942289852,0.0422957704229577,0.1168883111688831,0.2820827965050385,1.0,1.0,False,False,False,STITCH,1,,,,,,,400.0,400.0,0.0,0.0,HSF1,False,False,HSF1,stitch_only,,,,,True,False,,25,3,2.28,,,373.5470000000002,0,,CC(C)(C)C1=CC=C(C=C1)C(=O)NC(=S)NC2=NC3=C(S2)CCCC3,,,ChEMBL
97,,CHEMBL1480522,AC1MJ10T,CsGiG,EEF1A2,0.0367210942289852,0.0431956804319568,0.117988201179882,0.2820827965050385,1.0,1.0,False,False,False,STITCH,1,,,,,,,415.0,415.0,0.0,0.0,HSF1,False,False,HSF1,stitch_only,,,,,True,False,,21,3,1.8,,,282.33899999999994,0,,C1COC2=C(O1)C=CC(=C2)C(=O)CCCC3=CC=CC=C3,,,ChEMBL
98,,CHEMBL25,aspirin,CsGiG,EEF1A2,0.0367210942289852,0.0435956404359564,0.1187881211878812,0.2820827965050385,1.0,1.0,False,False,False,STITCH,1,,,,,,,700.0,0.0,700.0,0.0,HSF1,False,False,HSF1,stitch_only,,,,,False,False,MW 180 < 250; 13 heavy atoms < 18,13,1,1.58,,,180.15899999999996,0,,CC(=O)OC1=CC=CC=C1C(=O)O,,,ChEMBL
99,,CHEMBL1339283,Smr000204784,CsGiG,EEF1A2,0.0367210942289852,0.041995800419958,0.1193880611938806,0.2820827965050385,1.0,1.0,False,False,False,STITCH,1,,,,,,,415.0,415.0,0.0,0.0,HSF1,False,False,HSF1,stitch_only,,,,,True,False,,24,4,2.17,,,313.4000000000001,0,,CC1=CC(=C(N1C2=CC=CC=C2)C)C=C3CC4=CC=CC=C4C3=O,,,ChEMBL
99,,CHEMBL1352521,AC1MP7MF,CsGiG,EEF1A2,0.0367210942289852,0.0427957204279572,0.1193880611938806,0.2820827965050385,1.0,1.0,False,False,False,STITCH,1,,,,,,,415.0,415.0,0.0,0.0,HSF1,False,False,HSF1,stitch_only,,,,,True,False,,23,4,2.4,,,320.3730000000001,0,,C1=CC=C(C=C1)N2C=C(NC2=S)C3=CC4=CC=CC=C4OC3=O,,,ChEMBL
101,,CHEMBL1595790,AC1MPSSS,CsGiG,EEF1A2,0.0367210942289852,0.0428957104289571,0.1194880511948805,0.2820827965050385,1.0,1.0,False,False,False,STITCH,1,,,,,,,415.0,415.0,0.0,0.0,HSF1,False,False,HSF1,stitch_only,,,,,True,False,,20,2,2.75,,,274.324,0,,CC1=CC2=C(C=C1)OC(=N2)N=C(N)NC(=O)C(C)(C)C,,,ChEMBL
101,,CHEMBL1904348,AC1NTDW8,CsGiG,EEF1A2,0.0367210942289852,0.0425957404259574,0.1194880511948805,0.2820827965050385,1.0,1.0,False,False,False,STITCH,1,,,,,,,415.0,415.0,0.0,0.0,HSF1,False,False,HSF1,stitch_only,,,,,True,False,,23,3,2.75,,,324.40500000000003,0,,CC1=CC(=C(C=C1)N(C(=O)C)N=C2C(=O)C3=CC=CC=C3S2)C,,,ChEMBL
103,,CHEMBL1140,vitamin B,CsGiG,EEF1A2,0.0367210942289852,0.0435956404359564,0.1198880111988801,0.2820827965050385,1.0,1.0,False,False,False,STITCH,1,,,,,,,900.0,0.0,900.0,0.0,HSF1,False,False,HSF1,stitch_only,,,,,False,False,MW 122 < 250; 9 heavy atoms < 18,9,1,1.69,,,122.12699999999998,0,,C1=CC(=CN=C1)C(=O)N,,,ChEMBL
104,,CHEMBL1461730,AC1LRSO5,CsGiG,EEF1A2,0.0367210942289852,0.0445955404459554,0.1201879812018798,0.2820827965050385,1.0,1.0,False,False,False,STITCH,1,,,,,,,415.0,415.0,0.0,0.0,HSF1,False,False,HSF1,stitch_only,,,,,True,False,,21,2,2.12,,,287.319,0,,CC(C)(C)C(=O)NC1=CN=C(C=C1)NC(=O)C2=CC=CO2,,,ChEMBL
105,,CHEMBL1403014,8J-320S,CsGiG,EEF1A2,0.0367210942289852,0.0453954604539546,0.1202879712028797,0.2820827965050385,1.0,1.0,False,False,False,STITCH,1,,,,,,,415.0,415.0,0.0,0.0,HSF1,False,False,HSF1,stitch_only,,,,,True,False,,25,2,2.42,,,377.50600000000003,0,,CC1=CC(=CC(=C1OC(=S)N(C)C)C)C(=O)CSC2=CC=C(C=C2)F,,,ChEMBL
106,,CHEMBL1329446,AC1OCX1K,CsGiG,EEF1A2,0.0367210942289852,0.0432956704329567,0.1206879312068793,0.2820827965050385,1.0,1.0,False,False,False,STITCH,1,,,,,,,415.0,415.0,0.0,0.0,HSF1,False,False,HSF1,stitch_only,,,,,True,False,,19,2,2.12,,,260.2969999999999,0,,CC(C)C1=CC=C(C=C1)C2=NN(N=N2)CCC(=O)O,,,ChEMBL
107,,CHEMBL1200929,ZnSO4,CsGiG,EEF1A2,0.0367210942289852,0.0443955604439556,0.1210878912108789,0.2820827965050385,1.0,1.0,False,False,False,STITCH,1,,,,,,,700.0,0.0,700.0,0.0,HSF1,False,False,HSF1,stitch_only,,,,,False,False,inorganic (no carbon); contains metal/metalloid; acyclic; MW 161 < 250; 6 heavy atoms < 18,6,0,4.35,,,161.45299999999997,0,,[O-]S(=O)(=O)[O-].[Zn+2],,,ChEMBL
107,,CHEMBL1324188,AC1O7SB1,CsGiG,EEF1A2,0.0367210942289852,0.0473952604739526,0.1210878912108789,0.2820827965050385,1.0,1.0,False,False,False,STITCH,1,,,,,,,415.0,415.0,0.0,0.0,HSF1,False,False,HSF1,stitch_only,,,,,True,False,,23,4,2.42,,,308.38500000000005,0,,CN(C1CCCCC1)C2=NN3C(=NC4=CC=CC=C4C3=O)C=C2,,,ChEMBL
107,,CHEMBL1383149,6W-0211,CsGiG,EEF1A2,0.0367210942289852,0.0447955204479552,0.1210878912108789,0.2820827965050385,1.0,1.0,False,False,False,STITCH,1,,,,,,,415.0,415.0,0.0,0.0,HSF1,False,False,HSF1,stitch_only,,,,,True,False,,21,3,1.96,,,278.31100000000004,0,,CC1=CC=C(C=C1)N2C=C(C=N2)C(=O)C3=CC=CC=C3O,,,ChEMBL
110,,PUBCHEM:447049,O-acetyl-ADP-ribose,CsGiG,EEF1A2,0.0367210942289852,0.0436956304369563,0.1212878712128787,0.2820827965050385,1.0,1.0,False,False,False,STITCH,1,,,,,,,900.0,0.0,900.0,0.0,HSF1,False,False,HSF1,stitch_only,,,,,True,True,,39,4,4.87,,,601.3550000000002,0,,CC(=O)OC1C(C(OC1O)COP(=O)(O)OP(=O)(O)OCC2C(C(C(O2)N3C=NC4=C3N=CN=C4N)O)O)O,,447049.0,
111,,CHEMBL1310435,AC1LK9W8,CsGiG,EEF1A2,0.0367210942289852,0.0467953204679532,0.1213878612138786,0.2820827965050385,1.0,1.0,False,False,False,STITCH,1,,,,,,,415.0,415.0,0.0,0.0,HSF1,False,False,HSF1,stitch_only,,,,,True,False,,28,3,2.16,,,395.4400000000001,0,,CC1=C(C=C(C=C1)C(=O)NC2=C(C(=C(S2)C)C3=CC=CC=C3)C(=O)N)[N+](=O)[O-],,,ChEMBL
111,,CHEMBL1351908,NSC-33010,CsGiG,EEF1A2,0.0367210942289852,0.0445955404459554,0.1213878612138786,0.2820827965050385,1.0,1.0,False,False,False,STITCH,1,,,,,,,415.0,415.0,0.0,0.0,HSF1,False,False,HSF1,stitch_only,,,,,True,False,,18,3,1.7,,,253.36999999999998,0,,CC(C)C1=CC=C(C=C1)C2=NC3=CC=CC=C3S2,,,ChEMBL
113,,CHEMBL1973921,AC1O9C78,CsGiG,EEF1A2,0.0367210942289852,0.0451954804519548,0.1214878512148785,0.2820827965050385,1.0,1.0,False,False,False,STITCH,1,,,,,,,415.0,415.0,0.0,0.0,HSF1,False,False,HSF1,stitch_only,,,,,True,False,,31,3,2.3,,,419.4370000000001,0,,COC1=CC=C(C=C1)C(=O)NC2=CC=CC=C2C(=O)NNC=C3C=CC(=O)C(=C3)OC,,,ChEMBL
114,,CHEMBL3190653,AC1NT7Z9,CsGiG,EEF1A2,0.0367210942289852,0.0441955804419558,0.1216878312168783,0.2820827965050385,1.0,1.0,False,False,False,STITCH,1,,,,,,,415.0,415.0,0.0,0.0,HSF1,False,False,HSF1,stitch_only,,,,,True,False,,21,2,1.94,,,349.18399999999997,0,,COC1=C(C=C(C=C1)C=NNC2=CC=C(C=C2)C(=O)O)Br,,,ChEMBL
115,,CHEMBL1378232,T5524007,CsGiG,EEF1A2,0.0367210942289852,0.043995600439956,0.1218878112188781,0.2820827965050385,1.0,1.0,False,False,False,STITCH,1,,,,,,,415.0,415.0,0.0,0.0,HSF1,False,False,HSF1,stitch_only,,,,,True,False,,22,3,1.77,,,297.35400000000004,0,,C1COC2=C(C=C(C=C2)C(=O)NCCC3=CC=CC=C3)OC1,,,ChEMBL
116,,CHEMBL1537098,ksc-8-51,CsGiG,EEF1A2,0.0367210942289852,0.0454954504549545,0.121987801219878,0.2820827965050385,1.0,1.0,False,False,False,STITCH,1,,,,,,,415.0,415.0,0.0,0.0,HSF1,False,False,HSF1,stitch_only,,,,,True,False,,22,2,2.09,,,301.34200000000004,0,,CC(C)(C)C1=CC=C(O1)C(=O)NC2=CC=C(C=C2)CC(=O)O,,,ChEMBL
116,,CHEMBL3192121,AC1O9FKX,CsGiG,EEF1A2,0.0367210942289852,0.0447955204479552,0.121987801219878,0.2820827965050385,1.0,1.0,False,False,False,STITCH,1,,,,,,,415.0,415.0,0.0,0.0,HSF1,False,False,HSF1,stitch_only,,,,,True,False,,30,4,2.87,,,416.50600000000014,0,,CC1=CC=C(C=C1)N=C(C2=NC3=CC=CC=C3S2)NNC=C4C=CC(=O)C(=C4)OC,,,ChEMBL
116,,PUBCHEM:444493,acetyl-CoA,CsGiG,EEF1A2,0.0367210942289852,0.044995500449955,0.121987801219878,0.2820827965050385,1.0,1.0,False,False,False,STITCH,1,,,,,,,900.0,0.0,900.0,0.0,HSF1,False,False,HSF1,stitch_only,,,,,False,True,MW 810 > 700,51,3,5.08,,,809.5780000000002,37,001Chemical; 10X CHEM; A2B Chem; AA BLOCKS; AKos Consulting & Solutions,CC(=O)SCCNC(=O)CCNC(=O)C(C(C)(C)COP(=O)(O)OP(=O)(O)OCC1C(C(C(O1)N2C=NC3=C2N=CN=C3N)O)OP(=O)(O)O)O,,444493.0,
119,,CHEMBL1500447,AC1OIK6A,CsGiG,EEF1A2,0.0367210942289852,0.0454954504549545,0.1220877912208779,0.2820827965050385,1.0,1.0,False,False,False,STITCH,1,,,,,,,415.0,415.0,0.0,0.0,HSF1,False,False,HSF1,stitch_only,,,,,True,False,,22,2,2.36,,,338.18999999999994,0,,C1=CC=C(C=C1)C(=O)CC(C(=O)O)NC2=C(C=C(C=C2)Cl)Cl,,,ChEMBL
120,,CHEMBL1301042,HMS3358O07,CsGiG,EEF1A2,0.0367210942289852,0.0453954604539546,0.1221877812218778,0.2820827965050385,1.0,1.0,False,False,False,STITCH,1,,,,,,,415.0,415.0,0.0,0.0,HSF1,False,False,HSF1,stitch_only,,,,,True,False,,24,3,2.1,,,340.44800000000004,0,,CC(C)(C)OC(=O)N(C)C1=CC=C(C=C1)C2=NC3=CC=CC=C3S2,,,ChEMBL
120,,CHEMBL1352897,AC1LEXOX,CsGiG,EEF1A2,0.0367210942289852,0.043995600439956,0.1221877812218778,0.2820827965050385,1.0,1.0,False,False,False,STITCH,1,,,,,,,415.0,415.0,0.0,0.0,HSF1,False,False,HSF1,stitch_only,,,,,True,False,,20,3,2.38,,,284.384,0,,C1CCN(C1)C2=NC(=O)C(=CC=CC3=CC=CC=C3)S2,,,ChEMBL
120,,CHEMBL1406361,AC1Q2HP2,CsGiG,EEF1A2,0.0367210942289852,0.0445955404459554,0.1221877812218778,0.2820827965050385,1.0,1.0,False,False,False,STITCH,1,,,,,,,415.0,415.0,0.0,0.0,HSF1,False,False,HSF1,stitch_only,,,,,True,False,,23,3,1.69,,,324.81100000000004,0,,CC1=CC(=C(N1C2=CC=CC=C2)C)C(=O)NC3=CC=C(C=C3)Cl,,,ChEMBL
123,,CHEMBL1423731,AC1NXILO,CsGiG,EEF1A2,0.0367210942289852,0.0456954304569543,0.1222877712228777,0.2820827965050385,1.0,1.0,False,False,False,STITCH,1,,,,,,,415.0,415.0,0.0,0.0,HSF1,False,False,HSF1,stitch_only,,,,,True,False,,21,3,2.57,,,290.235,0,,C1COC2=C(O1)C=CC(=C2)NN=C3C(=O)NC(=O)NC3=O,,,ChEMBL
124,,CHEMBL1583837,AC1MRXG6,CsGiG,EEF1A2,0.0367210942289852,0.043995600439956,0.1223877612238776,0.2820827965050385,1.0,1.0,False,False,False,STITCH,1,,,,,,,415.0,415.0,0.0,0.0,HSF1,False,False,HSF1,stitch_only,,,,,True,False,,28,4,2.62,,,396.319,0,,C1CCC2=NC3=CC(=NN3C(=C2C1)C(F)(F)F)C(=O)NC4=C(C=C(C=C4)F)F,,,ChEMBL
125,,CHEMBL1310144,AC1LHQM7,CsGiG,EEF1A2,0.0367210942289852,0.0452954704529547,0.1225877412258774,0.2820827965050385,1.0,1.0,False,False,False,STITCH,1,,,,,,,415.0,415.0,0.0,0.0,HSF1,False,False,HSF1,stitch_only,,,,,True,False,,20,4,1.98,,,277.352,0,,C1=CC=C(C=C1)C2=CN3C(=N2)SC(=N3)C4=CC=CC=C4,,,ChEMBL
126,,PUBCHEM:72193709,O-acetyl-ADP-ribose,CsGiG,EEF1A2,0.0367210942289852,0.0448955104489551,0.1226877312268773,0.2820827965050385,1.0,1.0,False,False,False,STITCH,1,,,,,,,900.0,0.0,900.0,0.0,HSF1,False,False,HSF1,stitch_only,,,,,True,True,,39,4,4.87,,,601.3550000000002,0,,CC(=O)OC1C(C(OC1O)COP(=O)(O)OP(=O)(O)OCC2C(C(C(O2)N3C=NC4=C3N=CN=C4N)O)O)O,,72193709.0,
127,,CHEMBL215645,rivastigmine,CsGiG,EEF1A2,0.0367210942289852,0.0442955704429557,0.1228877112288771,0.2820827965050385,1.0,1.0,False,False,False,STITCH,1,,,,,,,700.0,0.0,700.0,0.0,HSF1,False,False,HSF1,stitch_only,,,,,True,False,,28,1,3.47,,,400.4280000000001,0,,CCN(C)C(=O)OC1=CC=CC(=C1)C(C)N(C)C.C(C(C(=O)O)O)(C(=O)O)O,,,ChEMBL
128,,CHEMBL1569984,5T-0269,CsGiG,EEF1A2,0.0367210942289852,0.0466953304669533,0.122987701229877,0.2820827965050385,1.0,1.0,False,False,False,STITCH,1,,,,,,,415.0,415.0,0.0,0.0,HSF1,False,False,HSF1,stitch_only,,,,,True,False,,25,4,1.96,,,336.4390000000001,0,,CN1CCN(CC1)C2=CC=C(C=C2)NC(=O)N3CCC4=CC=CC=C43,,,ChEMBL
128,,CHEMBL1587117,3-[(4-ethoxyphenoxy)methyl]benzoic acid,CsGiG,EEF1A2,0.0367210942289852,0.0458954104589541,0.122987701229877,0.2820827965050385,1.0,1.0,False,False,False,STITCH,1,,,,,,,415.0,415.0,0.0,0.0,HSF1,False,False,HSF1,stitch_only,,,,,True,False,,20,2,1.53,,,272.29999999999995,0,,CCOC1=CC=C(C=C1)OCC2=CC=CC(=C2)C(=O)O,,,ChEMBL
130,,CHEMBL1230866,silver nanoparticles,CsGiG,EEF1A2,0.0367210942289852,0.0454954504549545,0.1231876812318768,0.2820827965050385,1.0,1.0,False,False,False,STITCH,1,,,,,,,700.0,0.0,700.0,0.0,HSF1,False,False,HSF1,stitch_only,,,,,False,False,contains metal/metalloid; acyclic; MW 199 < 250; 6 heavy atoms < 18,6,0,5.87,,,199.00199999999998,0,,[C-]#N.[C-]#N.[K+].[Ag+],,,ChEMBL
131,,CHEMBL1732490,AC1O07N3,CsGiG,EEF1A2,0.0367210942289852,0.0464953504649535,0.1232876712328767,0.2820827965050385,1.0,1.0,False,False,False,STITCH,1,,,,,,,415.0,415.0,0.0,0.0,HSF1,False,False,HSF1,stitch_only,,,,,True,False,,29,4,2.51,,,406.4670000000001,0,,CC(=C1C(=NN(C1=O)C2=NC3=CC=CC=C3S2)CC(=O)OC)NC4=CC=CC=C4,,,ChEMBL
132,,CHEMBL1496413,AC1N8FAO,CsGiG,EEF1A2,0.0367210942289852,0.0438956104389561,0.1233876612338766,0.2820827965050385,1.0,1.0,False,False,False,STITCH,1,,,,,,,415.0,415.0,0.0,0.0,HSF1,False,False,HSF1,stitch_only,,,,,True,False,,24,3,2.78,,,359.5200000000001,0,,CC1CCC2=C(C1)SC=C2C(=O)NNC(=S)NC3=CC=CC=C3C,,,ChEMBL
132,,CHEMBL151763,rivastigmine,CsGiG,EEF1A2,0.0367210942289852,0.0460953904609539,0.1233876612338766,0.2820827965050385,1.0,1.0,False,False,False,STITCH,1,,,,,,,700.0,0.0,700.0,0.0,HSF1,False,False,HSF1,stitch_only,,,,,True,False,,18,1,2.67,,,250.34199999999998,0,,CCN(C)C(=O)OC1=CC=CC(=C1)C(C)N(C)C,,,ChEMBL
134,,CHEMBL1255782,emetine,CsGiG,EEF1A2,0.0367210942289852,0.0447955204479552,0.1234876512348765,0.2820827965050385,1.0,1.0,False,False,False,STITCH,1,,,,,,,415.0,415.0,0.0,0.0,HSF1,False,False,HSF1,stitch_only,,,,,True,False,,35,5,3.91,,,480.6490000000003,0,,CCC1CN2CCC3=CC(=C(C=C3C2CC1CC4C5=CC(=C(C=C5CCN4)OC)OC)OC)OC,,,ChEMBL
135,,CHEMBL1241153,ibuprofen,CsGiG,EEF1A2,0.0367210942289852,0.0448955104489551,0.1235876412358764,0.2820827965050385,1.0,1.0,False,False,False,STITCH,1,,,,,,,700.0,0.0,700.0,0.0,HSF1,False,False,HSF1,stitch_only,,,,,False,False,MW 206 < 250; 15 heavy atoms < 18,15,1,2.19,,,206.28499999999997,0,,CC(C)CC1=CC=C(C=C1)C(C)C(=O)O,,,ChEMBL
135,,CHEMBL1503659,AC1OMM8Z,CsGiG,EEF1A2,0.0367210942289852,0.0447955204479552,0.1235876412358764,0.2820827965050385,1.0,1.0,False,False,False,STITCH,1,,,,,,,415.0,415.0,0.0,0.0,HSF1,False,False,HSF1,stitch_only,,,,,True,False,,26,3,2.28,,,364.37100000000004,0,,CC1CCN(CC1)C2=NN=C(C=C2)C3=CC(=CC=C3)NC(=O)C(F)(F)F,,,ChEMBL
137,,CHEMBL3193530,AC1NYE2E,CsGiG,EEF1A2,0.0367210942289852,0.0452954704529547,0.1236876312368763,0.2820827965050385,1.0,1.0,False,False,False,STITCH,1,,,,,,,415.0,415.0,0.0,0.0,HSF1,False,False,HSF1,stitch_only,,,,,True,False,,18,2,2.12,,,260.318,0,,CC1=CC=C(S1)C=NNC2=CC=C(C=C2)C(=O)O,,,ChEMBL
138,,CHEMBL1518184,AC1LR2WT,CsGiG,EEF1A2,0.0367210942289852,0.045995400459954,0.1237876212378762,0.2820827965050385,1.0,1.0,False,False,False,STITCH,1,,,,,,,415.0,415.0,0.0,0.0,HSF1,False,False,HSF1,stitch_only,,,,,True,False,,22,2,2.07,,,380.267,0,,CC1=CC(=C(C=C1)OCC(=O)NC(=S)NC2=CC=CC=N2)Br,,,ChEMBL
138,,CHEMBL348107,acrylamide,CsGiG,EEF1A2,0.0367210942289852,0.0451954804519548,0.1237876212378762,0.2820827965050385,1.0,1.0,False,False,False,STITCH,1,,,,,,,700.0,0.0,700.0,0.0,HSF1,False,False,HSF1,stitch_only,,,,,False,False,acyclic; MW 71 < 250; 5 heavy atoms < 18,5,0,2.57,,,71.07900000000001,0,,C=CC(=O)N,,,ChEMBL
140,,CHEMBL3195389,AC1O1XZO,CsGiG,EEF1A2,0.0367210942289852,0.0470952904709529,0.1238876112388761,0.2820827965050385,1.0,1.0,False,False,False,STITCH,1,,,,,,,415.0,415.0,0.0,0.0,HSF1,False,False,HSF1,stitch_only,,,,,True,False,,26,4,2.38,,,402.31000000000006,0,,CC1=NN(C(=C1C=NNC2=NC3=CC=CC=C3S2)Cl)C4=CC=CC=C4Cl,,,ChEMBL
141,,CHEMBL2105994,salicylate,CsGiG,EEF1A2,0.0367210942289852,0.0458954104589541,0.1240875912408759,0.2820827965050385,1.0,1.0,False,False,False,STITCH,1,,,,,,,700.0,0.0,700.0,0.0,HSF1,False,False,HSF1,stitch_only,,,,,False,False,MW 138 < 250; 10 heavy atoms < 18,10,1,1.43,,,138.12199999999999,0,,C1=CC=C(C(=C1)C(=O)O)O,,,ChEMBL
142,,CHEMBL1495977,Mls000720408,CsGiG,EEF1A2,0.0367210942289852,0.0448955104489551,0.1241875812418758,0.2820827965050385,1.0,1.0,False,False,False,STITCH,1,,,,,,,415.0,415.0,0.0,0.0,HSF1,False,False,HSF1,stitch_only,,,,,True,False,,24,4,2.22,,,359.40700000000004,0,,COC(=O)C1=CC2=C(C=C1)N=C(S2)NC3=NC4=C(S3)C=C(C=C4)F,,,ChEMBL
143,,CHEMBL1240927,,CsGiG,EEF1A2,0.0367210942289852,0.0463953604639536,0.1242875712428757,0.2820827965050385,1.0,1.0,False,False,False,STITCH,1,,,,,,,700.0,0.0,700.0,169.0,HSF1,False,False,HSF1,stitch_only,,,,,False,False,MW 245 < 250,18,3,2.7,,1.19,245.23399999999995,13,AKos Consulting & Solutions; Biorbyt; CATO Research Chemicals Inc.; Chem-Space.com Database; ChemShuttle,O=CN1CC/C(=C/c2ccc3c(c2)OCO3)C1=O,LZGGUFLRKIMBDQ-YHYXMXQVSA-N,9859662.0,ChEMBL
144,,CHEMBL3199915,AC1M4QTA,CsGiG,EEF1A2,0.0367210942289852,0.0452954704529547,0.1243875612438756,0.2820827965050385,1.0,1.0,False,False,False,STITCH,1,,,,,,,415.0,415.0,0.0,0.0,HSF1,False,False,HSF1,stitch_only,,,,,True,False,,19,3,4.29,,,279.43300000000005,0,,CC[NH+]1CCN(CC1)C=NC2=NC3=C(S2)CCCC3,,,ChEMBL
145,,CHEMBL1605795,AC1LLXX3,CsGiG,EEF1A2,0.0367210942289852,0.0464953504649535,0.1245875412458754,0.2820827965050385,1.0,1.0,False,False,False,STITCH,1,,,,,,,415.0,415.0,0.0,0.0,HSF1,False,False,HSF1,stitch_only,,,,,True,False,,28,4,2.74,,,384.36300000000017,0,,CC1=C(C(NC(=O)N1)C2=CC=C(C=C2)F)C(=O)OCC3=CC4=C(C=C3)OCO4,,,ChEMBL
145,,CHEMBL3195657,AC1NZH4G,CsGiG,EEF1A2,0.0367210942289852,0.0460953904609539,0.1245875412458754,0.2820827965050385,1.0,1.0,False,False,False,STITCH,1,,,,,,,415.0,415.0,0.0,0.0,HSF1,False,False,HSF1,stitch_only,,,,,True,False,,21,2,1.85,,,282.343,0,,CC(C)C1=CC=C(C=C1)C=NNC2=CC=C(C=C2)C(=O)O,,,ChEMBL
145,,CHEMBL405317,AC1LHJD2,CsGiG,EEF1A2,0.0367210942289852,0.0467953204679532,0.1245875412458754,0.2820827965050385,1.0,1.0,False,False,False,STITCH,1,,,,,,,415.0,415.0,0.0,0.0,HSF1,False,False,HSF1,stitch_only,,,,,True,False,,23,4,1.83,,,299.33299999999997,0,,C1=CC=C(C=C1)C2=CC=C(C=C2)C3=NC(=NO3)C4=CC=CC=N4,,,ChEMBL
148,,CHEMBL261123,AC1M0U13,CsGiG,EEF1A2,0.0367210942289852,0.0467953204679532,0.1247875212478752,0.2820827965050385,1.0,1.0,False,False,False,STITCH,1,,,,,,,415.0,415.0,0.0,0.0,HSF1,False,False,HSF1,stitch_only,,,,,True,False,,19,3,1.79,,,270.71900000000005,0,,CC1=CC(=C(C=C1)C2=NC(=NO2)C3=CC=CC=C3)Cl,,,ChEMBL
149,,CHEMBL1392611,AC1OY032,CsGiG,EEF1A2,0.0367210942289852,0.0465953404659534,0.1248875112488751,0.2820827965050385,1.0,1.0,False,False,False,STITCH,1,,,,,,,415.0,415.0,0.0,0.0,HSF1,False,False,HSF1,stitch_only,,,,,True,False,,25,3,2.25,,,338.363,0,,CC1=C(C(=O)OC2=C1C=CC(=C2C)OCC(=O)NC3=CC=CC=N3)C,,,ChEMBL
150,,CHEMBL3192138,AC1OOOKN,CsGiG,EEF1A2,0.0367210942289852,0.0444955504449555,0.1251874812518748,0.2820827965050385,1.0,1.0,False,False,False,STITCH,1,,,,,,,415.0,415.0,0.0,0.0,HSF1,False,False,HSF1,stitch_only,,,,,True,False,,29,4,2.51,,,406.4670000000001,0,,CC(=C1C(=NN(C1=O)C2=NC3=CC=CC=C3S2)CC(=O)OC)NC4=CC=CC=C4,,,ChEMBL
151,,CHEMBL2004141,AC1MEL5K,CsGiG,EEF1A2,0.0367210942289852,0.0467953204679532,0.1252874712528747,0.2820827965050385,1.0,1.0,False,False,False,STITCH,1,,,,,,,415.0,415.0,0.0,0.0,HSF1,False,False,HSF1,stitch_only,,,,,True,False,,18,3,2.18,,,254.31800000000004,0,,C1=CC=C2C(=C1)N=C(S2)NN=CC3=CC=CC=N3,,,ChEMBL
152,,CHEMBL1330583,AC1O3WF7,CsGiG,EEF1A2,0.0367210942289852,0.045995400459954,0.1254874512548745,0.2820827965050385,1.0,1.0,False,False,False,STITCH,1,,,,,,,415.0,415.0,0.0,0.0,HSF1,False,False,HSF1,stitch_only,,,,,True,False,,20,2,1.98,,,288.73400000000004,0,,CC1=CC(=C(C=C1)C(=O)ON=C(C2=CC=CC=C2)N)Cl,,,ChEMBL
152,,CHEMBL1361922,AC1LHOAV,CsGiG,EEF1A2,0.0367210942289852,0.0454954504549545,0.1254874512548745,0.2820827965050385,1.0,1.0,False,False,False,STITCH,1,,,,,,,415.0,415.0,0.0,0.0,HSF1,False,False,HSF1,stitch_only,,,,,True,False,,24,4,2.37,,,321.4280000000002,0,,CC1=CC(=CC=C1)N2C3=C(C=N2)C(=NC=N3)N(C)C4CCCCC4,,,ChEMBL
152,,CHEMBL1569988,AC1N3FCH,CsGiG,EEF1A2,0.0367210942289852,0.0473952604739526,0.1254874512548745,0.2820827965050385,1.0,1.0,False,False,False,STITCH,1,,,,,,,415.0,415.0,0.0,0.0,HSF1,False,False,HSF1,stitch_only,,,,,True,False,,22,2,2.71,,,297.378,0,,CC(C)(C)C1=CC=C(C=C1)C(=O)O[NH+]=C(C2=CC=CC=C2)N,,,ChEMBL
152,,PUBCHEM:5321487,squamosamide,CsGiG,EEF1A2,0.0367210942289852,0.0468953104689531,0.1254874512548745,0.2820827965050385,1.0,1.0,False,False,False,STITCH,1,,,,,,,700.0,0.0,700.0,0.0,HSF1,False,False,HSF1,stitch_only,,,,,True,False,,34,3,2.45,,,465.50200000000024,3,MuseChem; RR Scientific; Starshine Chemical,COC1=CC(=CC(=C1O)OC)C(=CC2=CC(=C(C=C2)O)OC)C(=O)NCCC3=CC=C(C=C3)O,,5321487.0,
156,,CHEMBL1098659,distilled water,CsGiG,EEF1A2,0.0367210942289852,0.0474952504749525,0.1255874412558744,0.2820827965050385,1.0,1.0,False,False,False,STITCH,1,,,,,,,900.0,0.0,900.0,0.0,HSF1,False,False,HSF1,stitch_only,,,,,False,False,inorganic (no carbon); acyclic; MW 17 < 250; 1 heavy atoms < 18,1,0,8.48,,,17.007,0,,[OH-],,,ChEMBL
157,,CHEMBL1376,sulindac,CsGiG,EEF1A2,0.0367210942289852,0.045995400459954,0.1257874212578742,0.2820827965050385,1.0,1.0,False,False,False,STITCH,1,,,,,,,700.0,0.0,700.0,0.0,HSF1,False,False,HSF1,stitch_only,,,,,True,False,,25,3,3.08,,,356.41800000000006,0,,CC1=C(C2=C(C1=CC3=CC=C(C=C3)S(=O)C)C=CC(=C2)F)CC(=O)O,,,ChEMBL
158,,CHEMBL1583768,AC1MLVZO,CsGiG,EEF1A2,0.0367210942289852,0.0435956404359564,0.1258874112588741,0.2820827965050385,1.0,1.0,False,False,False,STITCH,1,,,,,,,415.0,415.0,0.0,0.0,HSF1,False,False,HSF1,stitch_only,,,,,True,False,,28,4,2.73,,,395.5280000000002,0,,CN1CCCC1CCN(C2=NC3=CC=CC=C3S2)C(=O)C4=CC=CC=C4OC,,,ChEMBL
159,,CHEMBL1312738,HMS3357B03,CsGiG,EEF1A2,0.0367210942289852,0.0470952904709529,0.125987401259874,0.2820827965050385,1.0,1.0,False,False,False,STITCH,1,,,,,,,415.0,415.0,0.0,0.0,HSF1,False,False,HSF1,stitch_only,,,,,True,False,,24,4,2.57,,,334.4400000000001,0,,C1CCC(CC1)(C#CC2=CC3=C(C=C2)SC4=CC=CC=C4C3=O)O,,,ChEMBL
159,,CHEMBL1910655,AC1MW8TA,CsGiG,EEF1A2,0.0367210942289852,0.0471952804719528,0.125987401259874,0.2820827965050385,1.0,1.0,False,False,False,STITCH,1,,,,,,,415.0,415.0,0.0,0.0,HSF1,False,False,HSF1,stitch_only,,,,,True,False,,24,3,2.54,,,343.4270000000001,0,,CC1=CC(=C(N1C2=CC=CC=C2F)C)C=C3C(=O)N(C(=NC)S3)C,,,ChEMBL
159,,CHEMBL3191946,AC1O181G,CsGiG,EEF1A2,0.0367210942289852,0.0473952604739526,0.125987401259874,0.2820827965050385,1.0,1.0,False,False,False,STITCH,1,,,,,,,415.0,415.0,0.0,0.0,HSF1,False,False,HSF1,stitch_only,,,,,True,False,,24,3,2.2,,,321.38000000000005,0,,CC(C)N1C=C(C2=CC=CC=C21)C=NNC3=CC=C(C=C3)C(=O)O,,,ChEMBL
162,,CHEMBL1363796,AC1OBK1Z,CsGiG,EEF1A2,0.0367210942289852,0.0465953404659534,0.1260873912608739,0.2820827965050385,1.0,1.0,False,False,False,STITCH,1,,,,,,,415.0,415.0,0.0,0.0,HSF1,False,False,HSF1,stitch_only,,,,,True,False,,29,4,2.66,,,404.5150000000001,0,,CCOC1=CC=CC=C1N2C3=CC=CC=[N+]3C(=C2S)C(=O)NC4=CC=C(C=C4)C,,,ChEMBL
163,,CHEMBL1507250,KSC-8-64,CsGiG,EEF1A2,0.0367210942289852,0.0475952404759524,0.1261873812618738,0.2820827965050385,1.0,1.0,False,False,False,STITCH,1,,,,,,,415.0,415.0,0.0,0.0,HSF1,False,False,HSF1,stitch_only,,,,,True,False,,27,3,2.1,,,386.42900000000014,0,,CC1=C(C=C(C=C1)NC(=O)C2=CC3=CC=CC=C3OC2=O)S(=O)(=O)N(C)C,,,ChEMBL
164,,PUBCHEM:197474,squamosamide,CsGiG,EEF1A2,0.0367210942289852,0.0457954204579542,0.1262873712628737,0.2820827965050385,1.0,1.0,False,False,False,STITCH,1,,,,,,,700.0,0.0,700.0,0.0,HSF1,False,False,HSF1,stitch_only,,,,,True,False,,34,3,2.45,,,465.50200000000024,0,,COC1=CC(=CC(=C1O)OC)C(=CC2=CC(=C(C=C2)O)OC)C(=O)NCCC3=CC=C(C=C3)O,,197474.0,
165,,CHEMBL1417851,AC1M6MT7,CsGiG,EEF1A2,0.0367210942289852,0.0492950704929507,0.1263873612638736,0.2820827965050385,1.0,1.0,False,False,False,STITCH,1,,,,,,,415.0,415.0,0.0,0.0,HSF1,False,False,HSF1,stitch_only,,,,,True,False,,24,2,2.12,,,394.265,0,,CC1=CC(=C(N1CCOC)C)C(=O)COC(=O)C2=CC=CC=C2Br,,,ChEMBL
166,,CHEMBL1213327,coenzyme A,CsGiG,EEF1A2,0.0367210942289852,0.0481951804819518,0.1264873512648735,0.2820827965050385,1.0,1.0,False,False,False,STITCH,1,,,,,,,900.0,0.0,900.0,0.0,HSF1,False,False,HSF1,stitch_only,,,,,False,True,MW 768 > 700,48,3,5.03,,,767.5410000000002,0,,CC(C)(COP(=O)(O)OP(=O)(O)OCC1C(C(C(O1)N2C=NC3=C2N=CN=C3N)O)OP(=O)(O)O)C(C(=O)NCCC(=O)NCCS)O,,,ChEMBL
166,,CHEMBL1453996,1W-0926,CsGiG,EEF1A2,0.0367210942289852,0.0464953504649535,0.1264873512648735,0.2820827965050385,1.0,1.0,False,False,False,STITCH,1,,,,,,,415.0,415.0,0.0,0.0,HSF1,False,False,HSF1,stitch_only,,,,,True,False,,23,4,1.8,,,303.40900000000005,0,,CN1CCN(CC1)C2=CC=C(C=C2)C3=NC4=CC=CC=C4C=C3,,,ChEMBL
168,,CHEMBL165,resveratrol,CsGiG,EEF1A2,0.0367210942289852,0.0465953404659534,0.1265873412658734,0.2820827965050385,1.0,1.0,False,False,False,STITCH,1,,,,,,,700.0,0.0,700.0,103.0,HSF1,False,False,HSF1,stitch_only,,,,,False,False,MW 228 < 250; 17 heavy atoms < 18,17,2,2.11,,,228.24699999999999,0,,C1=CC(=CC=C1C=CC2=CC(=CC(=C2)O)O)O,,,ChEMBL
168,,CHEMBL177367,silver nitrate,CsGiG,EEF1A2,0.0367210942289852,0.045995400459954,0.1265873412658734,0.2820827965050385,1.0,1.0,False,False,False,STITCH,1,,,,,,,700.0,0.0,700.0,0.0,HSF1,False,False,HSF1,stitch_only,,,,,False,False,inorganic (no carbon); contains metal/metalloid; acyclic; MW 170 < 250; 5 heavy atoms < 18,5,0,3.32,,,169.872,0,,[N+](=O)([O-])[O-].[Ag+],,,ChEMBL
170,,CHEMBL1339678,T5517345,CsGiG,EEF1A2,0.0367210942289852,0.0480951904809519,0.1267873212678732,0.2820827965050385,1.0,1.0,False,False,False,STITCH,1,,,,,,,415.0,415.0,0.0,0.0,HSF1,False,False,HSF1,stitch_only,,,,,True,False,,21,3,1.71,,,281.359,0,,C1CCN(CC1)C2=CC=C(C=C2)NC(=O)C3=CC=CC=N3,,,ChEMBL
170,,CHEMBL1605021,AC1ME6L3,CsGiG,EEF1A2,0.0367210942289852,0.0472952704729527,0.1267873212678732,0.2820827965050385,1.0,1.0,False,False,False,STITCH,1,,,,,,,415.0,415.0,0.0,0.0,HSF1,False,False,HSF1,stitch_only,,,,,True,False,,23,3,3.15,,,335.38500000000005,0,,CCCS(=O)(=O)C1=CN=C(N=C1N)C2COC3=CC=CC=C3O2,,,ChEMBL
170,,CHEMBL3198939,AC1O0DHR,CsGiG,EEF1A2,0.0367210942289852,0.0456954304569543,0.1267873212678732,0.2820827965050385,1.0,1.0,False,False,False,STITCH,1,,,,,,,415.0,415.0,0.0,0.0,HSF1,False,False,HSF1,stitch_only,,,,,True,False,,22,2,1.97,,,296.37000000000006,0,,CC(C)(C)C1=CC=C(C=C1)C=NNC2=CC=CC(=C2)C(=O)O,,,ChEMBL
173,,CHEMBL1573994,ksc-8-87,CsGiG,EEF1A2,0.0367210942289852,0.0462953704629537,0.1268873112688731,0.2820827965050385,1.0,1.0,False,False,False,STITCH,1,,,,,,,415.0,415.0,0.0,0.0,HSF1,False,False,HSF1,stitch_only,,,,,True,False,,19,2,3.08,,,276.40900000000005,0,,CCNC1=NN=C(CS1)C2=C(N(C(=C2)C)CC=C)C,,,ChEMBL
174,,CHEMBL1488586,AC1LCZ7S,CsGiG,EEF1A2,0.0367210942289852,0.0482951704829517,0.1270872912708729,0.2820827965050385,1.0,1.0,False,False,False,STITCH,1,,,,,,,415.0,415.0,0.0,0.0,HSF1,False,False,HSF1,stitch_only,,,,,True,False,,23,2,1.74,,,315.388,0,,CC(C)(C)C1=CC=C(C=C1)C(=O)NCCOC2=CC=CC=C2F,,,ChEMBL
174,,CHEMBL278315,GELDANAMYCIN,CsGiG,EEF1A2,0.0367210942289852,0.048995100489951,0.1270872912708729,0.2820827965050385,1.0,1.0,False,False,False,STITCH,1,,,,,,,700.0,0.0,700.0,341.0,HSF1,False,False,HSF1,stitch_only,,,,,True,False,,40,2,5.92,2.0,2.41,560.6440000000002,47,A1 BioChem Labs; AChemBlock; AKos Consulting & Solutions; Acmec Biochemical; Activate Scientific,COC1=C2C[C@@H](C)C[C@H](OC)[C@H](O)[C@@H](C)/C=C(\C)[C@H](OC(N)=O)[C@@H](OC)/C=C\C=C(/C)C(=O)NC(=CC1=O)C2=O,QTQAWLPCGQOSGP-KSRBKZBZSA-N,5288382.0,ChEMBL
176,,CHEMBL1573366,AC1M48EM,CsGiG,EEF1A2,0.0367210942289852,0.0475952404759524,0.1271872812718728,0.2820827965050385,1.0,1.0,False,False,False,STITCH,1,,,,,,,415.0,415.0,0.0,0.0,HSF1,False,False,HSF1,stitch_only,,,,,True,False,,19,2,2.06,,,320.16099999999994,0,,C1=CC=C(C=C1)C(=O)C=CNC2=C(C=C(C=C2)F)Br,,,ChEMBL
177,,CHEMBL1333930,Mls000583076,CsGiG,EEF1A2,0.0367210942289852,0.0477952204779522,0.1272872712728727,0.2820827965050385,1.0,1.0,False,False,False,STITCH,1,,,,,,,415.0,415.0,0.0,0.0,HSF1,False,False,HSF1,stitch_only,,,,,True,False,,26,4,2.85,,,355.31000000000006,0,,C1COC2=C(O1)C=CC(=C2)N3N=C(C(=NC4=CC=CC=C4)N3O)[N+](=O)[O-],,,ChEMBL
177,,CHEMBL1486874,AC1MS651,CsGiG,EEF1A2,0.0367210942289852,0.0467953204679532,0.1272872712728727,0.2820827965050385,1.0,1.0,False,False,False,STITCH,1,,,,,,,415.0,415.0,0.0,0.0,HSF1,False,False,HSF1,stitch_only,,,,,True,False,,23,4,2.65,,,327.8190000000001,0,,CC1CCCN(C1)C2=NC=NC3=C2C=NN3C4=CC=C(C=C4)Cl,,,ChEMBL
179,,CHEMBL1506503,AC1LOE3E,CsGiG,EEF1A2,0.0367210942289852,0.0456954304569543,0.1273872612738726,0.2820827965050385,1.0,1.0,False,False,False,STITCH,1,,,,,,,415.0,415.0,0.0,0.0,HSF1,False,False,HSF1,stitch_only,,,,,True,False,,25,3,2.36,,,368.4870000000001,0,,CC1=C(N=C(C(=C1C)C#N)SCC(=O)NC2=NC3=CC=CC=C3S2)C,,,ChEMBL
180,,CHEMBL1579258,AC1MTRSQ,CsGiG,EEF1A2,0.0367210942289852,0.047995200479952,0.1274872512748725,0.2820827965050385,1.0,1.0,False,False,False,STITCH,1,,,,,,,415.0,415.0,0.0,0.0,HSF1,False,False,HSF1,stitch_only,,,,,True,False,,25,3,2.7,,,360.458,0,,CC1=CC(=C(N1CCOC)C)C2=NN=C(SC2)NC3=CC=CC=C3F,,,ChEMBL
180,,CHEMBL1606031,AC1M50DI,CsGiG,EEF1A2,0.0367210942289852,0.0488951104889511,0.1274872512748725,0.2820827965050385,1.0,1.0,False,False,False,STITCH,1,,,,,,,411.0,411.0,0.0,0.0,HSF1,False,False,HSF1,stitch_only,,,,,True,False,,19,3,2.12,,,273.317,0,,CC1=CC(=NO1)NC(=O)C2=CC3=C(C=C2)N=C(S3)C,,,ChEMBL
182,,PUBCHEM:181,acetyl-CoA,CsGiG,EEF1A2,0.0367210942289852,0.0498950104989501,0.1278872112788721,0.2820827965050385,1.0,1.0,False,False,False,STITCH,1,,,,,,,900.0,0.0,900.0,0.0,HSF1,False,False,HSF1,stitch_only,,,,,False,True,MW 810 > 700,51,3,5.08,,,809.5780000000002,13,Ambinter; Angel Pharmatech Ltd.; Angene Chemical; Biorbyt; Finetech Industry Limited,CC(=O)SCCNC(=O)CCNC(=O)C(C(C)(C)COP(=O)(O)OP(=O)(O)OCC1C(C(C(O1)N2C=NC3=C2N=CN=C3N)O)OP(=O)(O)O)O,,181.0,
183,,CHEMBL1610938,AC1M6QGF,CsGiG,EEF1A2,0.0367210942289852,0.0481951804819518,0.127987201279872,0.2820827965050385,1.0,1.0,False,False,False,STITCH,1,,,,,,,415.0,415.0,0.0,0.0,HSF1,False,False,HSF1,stitch_only,,,,,True,False,,24,3,2.29,,,327.33600000000007,0,,CC1=CC(=C(N1CC2=CC=CO2)C)C(=O)COC(=O)C3=CC=CO3,,,ChEMBL
183,,CHEMBL1965654,AC1NWW1D,CsGiG,EEF1A2,0.0367210942289852,0.0482951704829517,0.127987201279872,0.2820827965050385,1.0,1.0,False,False,False,STITCH,1,,,,,,,415.0,415.0,0.0,0.0,HSF1,False,False,HSF1,stitch_only,,,,,True,False,,25,2,2.68,,,383.279,0,,CC1=C(C(=NN1C(C)(C)C)C)C=NOC(=O)NC2=CC(=C(C=C2)Cl)Cl,,,ChEMBL
185,,CHEMBL1472925,HMS2883F04,CsGiG,EEF1A2,0.0367210942289852,0.0481951804819518,0.1280871912808719,0.2820827965050385,1.0,1.0,False,False,False,STITCH,1,,,,,,,415.0,415.0,0.0,0.0,HSF1,False,False,HSF1,stitch_only,,,,,True,False,,23,4,2.07,,,300.365,0,,CC1=NC2=C(C=NN2C(=C1C3=CC=CC=C3)N)C4=CC=CC=C4,,,ChEMBL
185,,CHEMBL441,thiopentone,CsGiG,EEF1A2,0.0367210942289852,0.0466953304669533,0.1280871912808719,0.2820827965050385,1.0,1.0,False,False,False,STITCH,1,,,,,,,700.0,0.0,700.0,0.0,HSF1,False,False,HSF1,stitch_only,,,,,False,False,MW 242 < 250; 16 heavy atoms < 18,16,1,3.56,,,242.344,0,,CCCC(C)C1(C(=O)NC(=S)NC1=O)CC,,,ChEMBL
187,,CHEMBL1385073,AC1MJSXK,CsGiG,EEF1A2,0.0367210942289852,0.0473952604739526,0.1281871812818718,0.2820827965050385,1.0,1.0,False,False,False,STITCH,1,,,,,,,415.0,415.0,0.0,0.0,HSF1,False,False,HSF1,stitch_only,,,,,True,False,,21,2,2.08,,,281.35900000000004,0,,CC(C)(C)C(=O)NC1=CC=C(C=C1)N=NC2=CC=CC=C2,,,ChEMBL
188,,CHEMBL15770,sulindac,CsGiG,EEF1A2,0.0367210942289852,0.048995100489951,0.1282871712828717,0.2820827965050385,1.0,1.0,False,False,False,STITCH,1,,,,,,,700.0,0.0,700.0,0.0,HSF1,False,False,HSF1,stitch_only,,,,,True,False,,25,3,3.45,,,355.4100000000001,0,,CC1=C(C2=C(C1=CC3=CC=C(C=C3)S(=O)C)C=CC(=C2)F)CC(=O)[O-],,,ChEMBL
189,,CHEMBL1332512,T5660652,CsGiG,EEF1A2,0.0367210942289852,0.048995100489951,0.1283871612838716,0.2820827965050385,1.0,1.0,False,False,False,STITCH,1,,,,,,,415.0,415.0,0.0,0.0,HSF1,False,False,HSF1,stitch_only,,,,,True,False,,26,4,2.22,,,362.4580000000001,0,,CC1=CC(=C(N1C2=CC=CC=C2)C)C(=O)CSC3=NN=C4N3C=CC=C4,,,ChEMBL
189,,CHEMBL1562575,AC1Q5HEM,CsGiG,EEF1A2,0.0367210942289852,0.0476952304769523,0.1283871612838716,0.2820827965050385,1.0,1.0,False,False,False,STITCH,1,,,,,,,415.0,415.0,0.0,0.0,HSF1,False,False,HSF1,stitch_only,,,,,True,False,,26,4,2.42,,,373.3860000000001,0,,C1COC2=C(C=C(C=C2)C(=O)CN3C(=O)C4=CC=CC=C4S3(=O)=O)OC1,,,ChEMBL
191,,CHEMBL1457961,AC1OZ2B5,CsGiG,EEF1A2,0.0367210942289852,0.0477952204779522,0.1284871512848715,0.2820827965050385,1.0,1.0,False,False,False,STITCH,1,,,,,,,415.0,415.0,0.0,0.0,HSF1,False,False,HSF1,stitch_only,,,,,True,False,,24,3,2.25,,,324.42800000000017,0,,CC1=C(N(C2=C1C(=NC=N2)NCCC3=CC=CC=C3)CCOC)C,,,ChEMBL
192,,CHEMBL1470904,AC1M3MDE,CsGiG,EEF1A2,0.0367210942289852,0.0488951104889511,0.1288871112888711,0.2820827965050385,1.0,1.0,False,False,False,STITCH,1,,,,,,,415.0,415.0,0.0,0.0,HSF1,False,False,HSF1,stitch_only,,,,,True,False,,22,3,2.13,,,312.39400000000006,0,,CC(C)OC(=O)C1=C(C2=C(S1)N=C(C=C2)C3=CC=CC=C3)N,,,ChEMBL
192,,CHEMBL1525789,AC1Q2U3M,CsGiG,EEF1A2,0.0367210942289852,0.0482951704829517,0.1288871112888711,0.2820827965050385,1.0,1.0,False,False,False,STITCH,1,,,,,,,415.0,415.0,0.0,0.0,HSF1,False,False,HSF1,stitch_only,,,,,True,False,,22,4,2.41,,,289.338,0,,CCC1=CC2=NC(=CN2C=C1)C3=CC(=NO3)C4=CC=CC=C4,,,ChEMBL
194,,CHEMBL1303404,3T-0330,CsGiG,EEF1A2,0.0367210942289852,0.0466953304669533,0.128987101289871,0.2820827965050385,1.0,1.0,False,False,False,STITCH,1,,,,,,,415.0,415.0,0.0,0.0,HSF1,False,False,HSF1,stitch_only,,,,,True,False,,24,4,2.06,,,322.41200000000003,0,,CN1CCN(CC1)C2=CC3=C(C=C2)N=C(N3)C4=CC(=CC=C4)OC,,,ChEMBL
195,,CHEMBL374308,lactacystin,CsGiG,EEF1A2,0.0367210942289852,0.0468953104689531,0.1290870912908709,0.2820827965050385,1.0,1.0,False,False,False,STITCH,1,,,,,,,700.0,0.0,700.0,0.0,HSF1,False,False,HSF1,stitch_only,,,,,True,False,,25,1,4.26,,,376.4310000000001,0,,CC1C(C(NC1=O)(C(C(C)C)O)C(=O)SCC(C(=O)O)NC(=O)C)O,,,ChEMBL
196,,CHEMBL1165003,geldanamycin,CsGiG,EEF1A2,0.0367210942289852,0.0483951604839516,0.1291870812918708,0.2820827965050385,1.0,1.0,False,False,False,STITCH,1,,,,,,,700.0,0.0,700.0,341.0,HSF1,False,False,HSF1,stitch_only,,,,,True,False,,40,2,5.92,,,560.6440000000005,0,,CC1CC(C(C(C=C(C(C(C=CC=C(C(=O)NC2=CC(=O)C(=C(C1)C2=O)OC)C)OC)OC(=O)N)C)C)O)OC,,,ChEMBL
196,,CHEMBL3193873,AC1O3RBM,CsGiG,EEF1A2,0.0367210942289852,0.0487951204879512,0.1291870812918708,0.2820827965050385,1.0,1.0,False,False,False,STITCH,1,,,,,,,415.0,415.0,0.0,0.0,HSF1,False,False,HSF1,stitch_only,,,,,True,False,,23,4,2.19,,,305.33700000000005,0,,C1COC2=C(O1)C=CC(=C2)C=NNC3=NC4=CC=CC=C4C=C3,,,ChEMBL
198,,CHEMBL1234613,diphosphopyridine nucleotide,CsGiG,EEF1A2,0.0367210942289852,0.0478952104789521,0.1295870412958704,0.2820827965050385,1.0,1.0,False,False,False,STITCH,1,,,,,,,900.0,0.0,900.0,0.0,HSF1,False,False,HSF1,stitch_only,,,,,True,True,,44,5,5.34,,,663.4300000000002,0,,C1=CC(=C[N+](=C1)C2C(C(C(O2)COP(=O)([O-])OP(=O)(O)OCC3C(C(C(O3)N4C=NC5=C4N=CN=C5N)O)O)O)O)C(=O)N,,,ChEMBL
199,,CHEMBL1351963,AC1M5TQX,CsGiG,EEF1A2,0.0367210942289852,0.0491950804919508,0.1296870312968703,0.2820827965050385,1.0,1.0,False,False,False,STITCH,1,,,,,,,415.0,415.0,0.0,0.0,HSF1,False,False,HSF1,stitch_only,,,,,True,False,,24,3,3.38,,,329.439,0,,CC1CC[NH+](CC1)CC(=O)C2=C(N(C(=C2)C)C3=CC=CC=C3F)C,,,ChEMBL
200,,CHEMBL1539980,NSC-662249,CsGiG,EEF1A2,0.0367210942289852,0.0484951504849515,0.1297870212978702,0.2820827965050385,1.0,1.0,False,False,False,STITCH,1,,,,,,,404.0,404.0,0.0,0.0,HSF1,False,False,HSF1,stitch_only,,,,,True,False,,23,4,2.63,,,417.24600000000004,0,,C[N+]1=C(C=CC2=CC=CC=C21)C=CC3=CC4=C(C=C3)OCO4.[I-],,,ChEMBL
201,,CHEMBL1320007,AC1M597T,CsGiG,EEF1A2,0.0367210942289852,0.0480951904809519,0.12998700129987,0.2820827965050385,1.0,1.0,False,False,False,STITCH,1,,,,,,,400.0,400.0,0.0,0.0,HSF1,False,False,HSF1,stitch_only,,,,,True,False,,25,3,2.07,,,353.4510000000001,0,,CCN1C(=NC2=C1C=CC(=C2)C(=O)NNC(=S)NC3=CC=CC=C3)C,,,ChEMBL
202,,CHEMBL1200864,indomethacin,CsGiG,EEF1A2,0.0367210942289852,0.047995200479952,0.1302869713028697,0.2820827965050385,1.0,1.0,False,False,False,STITCH,1,,,,,,,700.0,0.0,700.0,0.0,HSF1,False,False,HSF1,stitch_only,,,,,True,False,,25,3,2.08,,,357.7930000000002,0,,CC1=C(C2=C(N1C(=O)C3=CC=C(C=C3)Cl)C=CC(=C2)OC)CC(=O)O,,,ChEMBL
202,,CHEMBL1884996,AC1LOZXM,CsGiG,EEF1A2,0.0367210942289852,0.0500949905009499,0.1302869713028697,0.2820827965050385,1.0,1.0,False,False,False,STITCH,1,,,,,,,415.0,415.0,0.0,0.0,HSF1,False,False,HSF1,stitch_only,,,,,True,False,,27,5,2.48,,,372.4530000000001,0,,CC1=CC(=C(N1C2=CC=CC=N2)C)C=C3C(=O)N4C5=CC=CC=C5N=C4S3,,,ChEMBL
202,,CHEMBL3190911,AC1O0ZA6,CsGiG,EEF1A2,0.0367210942289852,0.0485951404859514,0.1302869713028697,0.2820827965050385,1.0,1.0,False,False,False,STITCH,1,,,,,,,415.0,415.0,0.0,0.0,HSF1,False,False,HSF1,stitch_only,,,,,True,False,,28,4,2.47,,,370.4120000000001,0,,C1=CC2=C(C(=C1)OCC3=CC=C(C=C3)C(=O)NNC=C4C=CC=N4)N=CC=C2,,,ChEMBL
205,,CHEMBL1470676,AC1LI2XE,CsGiG,EEF1A2,0.0367210942289852,0.047995200479952,0.1304869513048695,0.2820827965050385,1.0,1.0,False,False,False,STITCH,1,,,,,,,415.0,415.0,0.0,0.0,HSF1,False,False,HSF1,stitch_only,,,,,True,False,,23,3,2.31,,,322.39300000000003,0,,CC1=CC(=NC(=C1C#N)SCC2=NN=C(O2)C3=CC=CC=C3)C,,,ChEMBL
205,,CHEMBL1481543,AC1NWZ19,CsGiG,EEF1A2,0.0367210942289852,0.0457954204579542,0.1304869513048695,0.2820827965050385,1.0,1.0,False,False,False,STITCH,1,,,,,,,415.0,415.0,0.0,0.0,HSF1,False,False,HSF1,stitch_only,,,,,True,False,,20,2,2.21,,,269.30400000000003,0,,CC1=CC(=C(C=C1)C(=O)ON=C(C2=CC=CC=N2)N)C,,,ChEMBL
207,,CHEMBL1597561,AC1NMU2T,CsGiG,EEF1A2,0.0367210942289852,0.0495950404959504,0.1312868713128687,0.2820827965050385,1.0,1.0,False,False,False,STITCH,1,,,,,,,415.0,415.0,0.0,0.0,HSF1,False,False,HSF1,stitch_only,,,,,True,False,,26,3,2.68,,,420.303,0,,CC1=CC(=C(N1CC2CCCO2)C)C(=O)COC(=O)C3=CC=CC=C3Br,,,ChEMBL
208,,CHEMBL1524482,T6375761,CsGiG,EEF1A2,0.0367210942289852,0.0492950704929507,0.1315868413158684,0.2820827965050385,1.0,1.0,False,False,False,STITCH,1,,,,,,,415.0,415.0,0.0,0.0,HSF1,False,False,HSF1,stitch_only,,,,,True,False,,23,4,2.26,,,306.413,0,,CC1CCN(CC1)C2=CC(=NC3=C(C=NN23)C4=CC=CC=C4)C,,,ChEMBL
209,,PUBCHEM:23931,mercury,CsGiG,EEF1A2,0.0367210942289852,0.0500949905009499,0.1321867813218678,0.2820827965050385,1.0,1.0,False,False,False,STITCH,1,,,,,,,700.0,0.0,700.0,0.0,HSF1,False,False,HSF1,stitch_only,,,,,False,False,inorganic (no carbon); contains metal/metalloid; acyclic; MW 201 < 250; 1 heavy atoms < 18,1,0,8.48,,,200.59,99,10X CHEM; A2B Chem; AA BLOCKS; AKos Consulting & Solutions; Acmec Biochemical,[Hg],,23931.0,
210,,CHEMBL1392142,AC1M72LB,CsGiG,EEF1A2,0.0367210942289852,0.0490950904909509,0.1331866813318668,0.2827906782781437,1.0,1.0,False,False,False,STITCH,1,,,,,,,415.0,415.0,0.0,0.0,HSF1,False,False,HSF1,stitch_only,,,,,True,False,,26,3,2.2,,,369.4420000000001,0,,CC1=CC(=C(N1CC2=CC=CS2)C)C(=O)COC(=O)C3=CC=CC=C3O,,,ChEMBL
211,,CHEMBL1376674,AC1LSB1T,CsGiG,EEF1A2,0.0367210942289852,0.0500949905009499,0.1337866213378662,0.2827906782781437,1.0,1.0,False,False,False,STITCH,1,,,,,,,415.0,415.0,0.0,0.0,HSF1,False,False,HSF1,stitch_only,,,,,True,False,,24,4,2.92,,,340.4520000000001,0,,CC1CCCCN1C2=NC=NC3=C2SN=C3C4=CC=C(C=C4)OC,,,ChEMBL
212,,PUBCHEM:20274032,hydron;acetate,CsGiG,EEF1A2,0.0823472516829971,0.0416958304169583,0.1457854214578542,0.3066995187273725,1.0,1.0,False,False,False,STITCH,7,,,,,,,644.0,644.0,0.0,0.0,EEF1G|HSF1|PAPSS1|PAPSS2|RPL3|RPL4|RPL7,False,False,EEF1G|HSF1|PAPSS1|PAPSS2|RPL3|RPL4|RPL7,stitch_only,,,,,False,False,acyclic; MW 61 < 250; 4 heavy atoms < 18,4,0,2.23,,,61.06,0,,[H+].CC(=O)O,,20274032.0,
213,,CHEMBL539,acetate,CsGiG,EEF1A2,0.0823472516829971,0.0427957204279572,0.1496850314968503,0.3134249955286161,1.0,1.0,False,False,False,STITCH,7,,,,,,,644.0,644.0,0.0,287.0,EEF1G|HSF1|PAPSS1|PAPSS2|RPL3|RPL4|RPL7,False,False,EEF1G|HSF1|PAPSS1|PAPSS2|RPL3|RPL4|RPL7,stitch_only,,,,,False,False,acyclic; MW 59 < 250; 4 heavy atoms < 18,4,0,3.07,,,59.044000000000004,0,,CC(=O)[O-],,,ChEMBL
214,,PUBCHEM:2514,cadmium,CsGiG,EEF1A2,0.0823472516829971,0.0438956104389561,0.1522847715228477,0.3173785425195798,1.0,1.0,False,False,False,STITCH,7,,,,,,,700.0,644.0,700.0,232.0,EEF1G|HSF1|PAPSS1|PAPSS2|RPL3|RPL4|RPL7,False,False,EEF1G|HSF1|PAPSS1|PAPSS2|RPL3|RPL4|RPL7,stitch_only,,,,,False,False,contains metal/metalloid; acyclic; MW 233 < 250; 9 heavy atoms < 18,9,0,2.0,,,232.516,10,AKos Consulting & Solutions; Alfa Chemistry; CATO Research Chemicals Inc.; Molport; Molport,CC(=O)O.CC(=O)O.[Cd],,2514.0,
215,,PUBCHEM:1151030,LS-40231,CsGpPW,EEF1A1,0.0381381622436514,0.067993200679932,0.2132786721327867,0.4424292454475483,1.0,1.0,False,False,False,STITCH,2,,,,,,,752.0,752.0,0.0,0.0,RPS2|RPS3A,False,False,RPS2|RPS3A,stitch_only,,,,,True,False,,35,5,3.91,,,480.6490000000003,4,Ambinter; BOC Sciences; BenchChem; EvitaChem,CCC1CN2CCC3=CC(=C(C=C3C2CC1CC4C5=CC(=C(C=C5CCN4)OC)OC)OC)OC,,1151030.0,
216,,PUBCHEM:923,sodium,CsGiG,EEF1A2,0.0696515255629159,0.0782921707829217,0.2547745225477452,0.5260622085939555,1.0,1.0,False,False,False,STITCH,6,,,,,,,644.0,644.0,0.0,241.0,EEF1G|PAPSS1|PAPSS2|RPL3|RPL4|RPL7,False,False,EEF1G|PAPSS1|PAPSS2|RPL3|RPL4|RPL7,stitch_only,,,,,False,False,inorganic (no carbon); contains metal/metalloid; acyclic; MW 23 < 250; 1 heavy atoms < 18,1,0,8.48,,,22.99,15,Alfa Chemistry; Ambinter; BOC Sciences; BenchChem; BenchChem,[Na+],,923.0,
217,,CHEMBL1200760,sodium,CsGiG,EEF1A2,0.0696515255629159,0.0830916908309169,0.267973202679732,0.5507651999776981,1.0,1.0,False,False,False,STITCH,6,,,,,,,644.0,644.0,0.0,241.0,EEF1G|PAPSS1|PAPSS2|RPL3|RPL4|RPL7,False,False,EEF1G|PAPSS1|PAPSS2|RPL3|RPL4|RPL7,stitch_only,,,,,False,False,inorganic (no carbon); contains metal/metalloid; acyclic; MW 23 < 250; 1 heavy atoms < 18,1,0,8.48,,,22.99,0,,[Na+],,,ChEMBL
218,,CHEMBL1090755,emetine,CsGiG,EEF1A1,0.0666565842432453,0.0912908709129087,0.2987701229877012,0.6112452974885998,1.0,1.0,False,False,False,STITCH,3,,,,,,,752.0,752.0,0.0,0.0,HSF1|RPS2|RPS3A,False,False,HSF1|RPS2|RPS3A,stitch_only,,,,,True,False,,37,5,4.05,,,553.5710000000004,0,,CCC1CN2CCC3=CC(=C(C=C3C2CC1CC4C5=CC(=C(C=C5CCN4)OC)OC)OC)OC.Cl.Cl,,,ChEMBL
219,,CHEMBL14830,MgADP,CsGiG,EEF1A2,0.0902348714056084,0.0999900009999,0.3225677432256774,0.656918783007544,1.0,1.0,False,False,False,STITCH,10,,,,,,,986.0,862.0,900.0,101.0,ETF1|HSF1|PAPSS1|PAPSS2|RPL18A|RPL3|RPL4|RPL7|RPS2|RPS3A,False,False,ETF1|HSF1|PAPSS1|PAPSS2|RPL18A|RPL3|RPL4|RPL7|RPS2|RPS3A,stitch_only,,,,,True,True,,27,3,4.13,,,427.2030000000001,0,,C1=NC2=C(C(=N1)N)N=CN2C3C(C(C(O3)COP(=O)(O)OP(=O)(O)O)O)O,,,ChEMBL
220,,CHEMBL14249,MgATP,CsGiG,EEF1A2,0.0902348714056084,0.1062893710628937,0.3384661533846615,0.686163201861632,1.0,1.0,False,False,False,STITCH,10,,,,,,,980.0,800.0,900.0,384.0,ETF1|HSF1|PAPSS1|PAPSS2|RPL18A|RPL3|RPL4|RPL7|RPS2|RPS3A,False,False,ETF1|HSF1|PAPSS1|PAPSS2|RPL18A|RPL3|RPL4|RPL7|RPS2|RPS3A,stitch_only,,,,,True,True,,31,3,4.41,,,507.18200000000013,0,,C1=NC2=C(C(=N1)N)N=CN2C3C(C(C(O3)COP(=O)(O)OP(=O)(O)OP(=O)(O)O)O)O,,,ChEMBL
221,,CHEMBL1411246,Zn(II,CsGiG,EEF1A2,0.0902348714056084,0.1071892810718928,0.3408659134086591,0.6879013456120451,1.0,1.0,False,False,False,STITCH,10,,,,,,,794.0,794.0,700.0,129.0,ETF1|HSF1|PAPSS1|PAPSS2|RPL18A|RPL3|RPL4|RPL7|RPS2|RPS3A,False,False,ETF1|HSF1|PAPSS1|PAPSS2|RPL18A|RPL3|RPL4|RPL7|RPS2|RPS3A,stitch_only,,,,,False,False,inorganic (no carbon); contains metal/metalloid; acyclic; MW 65 < 250; 1 heavy atoms < 18,1,0,7.1,,,65.39,0,,[Zn],,,ChEMBL
222,,CHEMBL1187,phosphate,CsGiG,EEF1A1,0.1287456566975399,0.1706829317068293,0.4844515548445156,0.9732675381110538,1.0,1.0,False,False,False,STITCH,8,,,,,,,964.0,837.0,900.0,362.0,ETF1|PAPSS1|RPL18A|RPL3|RPL4|RPL7|RPS2|RPS3A,False,False,ETF1|PAPSS1|RPL18A|RPL3|RPL4|RPL7|RPS2|RPS3A,stitch_only,,,,,False,False,inorganic (no carbon); acyclic; MW 97 < 250; 5 heavy atoms < 18,5,0,3.68,,,96.98599999999999,0,,OP(=O)(O)[O-],,,ChEMBL
223,,CHEMBL54976,tryptophan,CsGpPW,EEF1A1,0.0222352628276244,0.2426757324267573,0.5994400559944005,1.0,1.0,1.0,False,False,False,STITCH,1,,,,,,,644.0,644.0,0.0,0.0,RPS2,False,False,RPS2,stitch_only,,,,,False,False,MW 204 < 250; 15 heavy atoms < 18,15,2,2.3,,,204.22899999999996,0,,C1=CC=C2C(=C1)C(=CN2)CC(C(=O)O)N,,,ChEMBL
224,,PUBCHEM:4627981,L-Capreomycidine,CsGpPW,EEF1A1,0.0222352628276244,0.2384761523847615,0.6012398760123988,1.0,1.0,1.0,False,False,False,STITCH,1,,,,,,,644.0,644.0,0.0,0.0,RPS2,False,False,RPS2,stitch_only,,,,,False,False,MW 172 < 250; 12 heavy atoms < 18,12,1,4.14,,,172.18799999999996,0,,C1CN=C(NC1C(C(=O)O)N)N,,4627981.0,
225,,PUBCHEM:4468926,AC1NBJ90,CsGpPW,EEF1A1,0.0222352628276244,0.2470752924707529,0.6021397860213978,1.0,1.0,1.0,False,False,False,STITCH,1,,,,,,,644.0,644.0,0.0,0.0,RPS2,False,False,RPS2,stitch_only,,,,,True,True,,35,3,4.34,,,538.4320000000002,0,,CC(C(C(=O)O)NC(=O)NC1=NC(=NC2=C1N=CN2C3C(C(C(O3)COP(=O)(O)O)O)O)SC)O,,4468926.0,
226,,CHEMBL1230732,adenosine monophosphate,CsGpPW,EEF1A1,0.0222352628276244,0.2446755324467553,0.6025397460253975,1.0,1.0,1.0,False,False,False,STITCH,1,,,,,,,644.0,644.0,0.0,0.0,RPS2,False,False,RPS2,stitch_only,,,,,True,True,,23,3,3.8,,,347.22400000000005,0,,C1=NC2=C(C(=N1)N)N=CN2C3C(C(C(O3)COP(=O)(O)O)O)O,,,ChEMBL
227,,PUBCHEM:20516571,N-dimethyl-L-threonine,CsGpPW,EEF1A1,0.0222352628276244,0.2386761323867613,0.6035396460353964,1.0,1.0,1.0,False,False,False,STITCH,1,,,,,,,644.0,644.0,0.0,0.0,RPS2,False,False,RPS2,stitch_only,,,,,False,False,acyclic; MW 147 < 250; 10 heavy atoms < 18,10,0,3.23,,,147.17399999999998,4,AKos Consulting & Solutions; MolCore; MolCore; MolCore,CC(C(C(=O)O)N(C)C)O,,20516571.0,
228,,CHEMBL1322152,paromomycin,CsGpPW,EEF1A1,0.0222352628276244,0.2418758124187581,0.6037396260373963,1.0,1.0,1.0,False,False,False,STITCH,1,,,,,,,644.0,644.0,0.0,119.0,RPS2,False,False,RPS2,stitch_only,,,,,True,False,,42,4,5.51,,,615.6340000000002,0,,C1C(C(C(C(C1N)OC2C(C(C(C(O2)CO)O)O)N)OC3C(C(C(O3)CO)OC4C(C(C(C(O4)CN)O)O)N)O)O)N,,,ChEMBL
229,,PUBCHEM:93082,GMPCPP,CsGpPW,EEF1A1,0.0222352628276244,0.23997600239976,0.6039396060393961,1.0,1.0,1.0,False,False,False,STITCH,1,,,,,,,644.0,644.0,0.0,0.0,RPS2,False,False,RPS2,stitch_only,,,,,True,True,,32,3,4.64,,,521.2090000000001,0,,C1=NC2=C(N1C3C(C(C(O3)COP(=O)(O)OP(=O)(CP(=O)(O)O)O)O)O)NC(=NC2=O)N,,93082.0,
230,,PUBCHEM:439417,L-beta-lysine,CsGpPW,EEF1A1,0.0222352628276244,0.2328767123287671,0.6042395760423958,1.0,1.0,1.0,False,False,False,STITCH,1,,,,,,,644.0,644.0,0.0,0.0,RPS2,False,False,RPS2,stitch_only,,,,,False,False,acyclic; MW 146 < 250; 10 heavy atoms < 18,10,0,2.82,,,146.19,13,001Chemical; A2B Chem; AA BLOCKS; Ambinter; BLD Pharm,C(CC(CC(=O)O)N)CN,,439417.0,
231,,PUBCHEM:4800,GMPCPP,CsGpPW,EEF1A1,0.0222352628276244,0.2370762923707629,0.6054394560543945,1.0,1.0,1.0,False,False,False,STITCH,1,,,,,,,644.0,644.0,0.0,0.0,RPS2,False,False,RPS2,stitch_only,,,,,True,True,,32,3,4.64,,,521.2090000000001,0,,C1=NC2=C(N1C3C(C(C(O3)COP(=O)(O)OP(=O)(CP(=O)(O)O)O)O)O)NC(=NC2=O)N,,4800.0,
232,,PUBCHEM:4470567,AC1NBMZI,CsGpPW,EEF1A1,0.0222352628276244,0.2438756124387561,0.6060393960603939,1.0,1.0,1.0,False,False,False,STITCH,1,,,,,,,644.0,644.0,0.0,0.0,RPS2,False,False,RPS2,stitch_only,,,,,True,False,,26,2,4.03,,,412.31300000000016,0,,COC(=O)CC1=CN(C(=S)NC1=O)C2C(C(C(O2)COP(=O)(O)O)O)O,,4470567.0,
233,,PUBCHEM:10965805,ZINC11887869,CsGpPW,EEF1A1,0.0222352628276244,0.2441755824417558,0.6063393660633937,1.0,1.0,1.0,False,False,False,STITCH,1,,,,,,,644.0,644.0,0.0,0.0,RPS2,False,False,RPS2,stitch_only,,,,,False,False,MW 211 < 250; 15 heavy atoms < 18,15,1,2.57,,,211.21699999999998,0,,COC1=CC=C(C=C1)C(C(C(=O)O)N)O,,10965805.0,
234,,PUBCHEM:49867784,CTK1I1905,CsGpPW,EEF1A1,0.0222352628276244,0.2453754624537546,0.6071392860713929,1.0,1.0,1.0,False,False,False,STITCH,1,,,,,,,644.0,644.0,0.0,0.0,RPS2,False,False,RPS2,stitch_only,,,,,False,False,acyclic; MW 145 < 250; 10 heavy atoms < 18,10,0,3.4,,,145.118,2,AKos Consulting & Solutions; Ambinter,C(=C(C(=O)O)N)NC(=O)N,,49867784.0,
235,,PUBCHEM:49866400,CHEBI:74651,CsGpPW,EEF1A1,0.0222352628276244,0.236976302369763,0.6075392460753924,1.0,1.0,1.0,False,False,False,STITCH,1,,,,,,,644.0,644.0,0.0,0.0,RPS2,False,False,RPS2,stitch_only,,,,,True,True,,35,3,4.34,,,538.4320000000002,0,,CC(C(C(=O)O)NC(=O)NC1=NC(=NC2=C1N=CN2C3C(C(C(O3)COP(=O)(O)O)O)O)SC)O,,49866400.0,
236,,PUBCHEM:49867889,CHEBI:74300,CsGpPW,EEF1A1,0.0222352628276244,0.2450754924507549,0.6080391960803919,1.0,1.0,1.0,False,False,False,STITCH,1,,,,,,,644.0,644.0,0.0,0.0,RPS2,False,False,RPS2,stitch_only,,,,,True,True,,40,4,4.67,,,588.4670000000003,0,,CC1=C(N2C(=O)C3=C(N(C2=N1)C)N(C=N3)C4C(C(C(O4)COP(=O)(O)O)O)O)CCC(C(=O)OC)NC(=O)OC,,49867889.0,
237,,PUBCHEM:3556268,osmium ammine-B,CsGpPW,EEF1A1,0.0222352628276244,0.2411758824117588,0.6082391760823918,1.0,1.0,1.0,False,False,False,STITCH,1,,,,,,,755.0,755.0,0.0,0.0,RPS2,False,False,RPS2,stitch_only,,,,,False,False,inorganic (no carbon); contains metal/metalloid; acyclic; 7 heavy atoms < 18,7,0,7.83,,,286.368,0,,[NH2-].[NH2-].[NH2-].[NH2-].[NH2-].[NH2-].[Os],,3556268.0,
238,,CHEMBL1994414,pactamycin,CsGpPW,EEF1A1,0.0222352628276244,0.2417758224177582,0.6083391660833917,1.0,1.0,1.0,False,False,False,STITCH,1,,,,,,,644.0,644.0,0.0,0.0,RPS2,False,False,RPS2,stitch_only,,,,,True,False,,40,3,4.69,,,558.6320000000002,0,,CC1=C(C(=CC=C1)O)C(=O)OCC2(C(C(C(C2(C)O)(C(C)O)NC(=O)N(C)C)N)NC3=CC=CC(=C3)C(=O)C)O,,,ChEMBL
239,,CHEMBL117110,fusidic acid,CsGpPW,EEF1A1,0.0222352628276244,0.2400759924007599,0.6085391460853915,1.0,1.0,1.0,False,False,False,STITCH,1,,,,,,,644.0,644.0,0.0,0.0,RPS2,False,False,RPS2,stitch_only,,,,,True,False,,37,4,5.08,,,516.7190000000004,0,,CC1C2CCC3(C(C2(CCC1O)C)C(CC4C3(CC(C4=C(CCC=C(C)C)C(=O)O)OC(=O)C)C)O)C,,,ChEMBL
240,,PUBCHEM:49866561,SCHEMBL3470005,CsGpPW,EEF1A1,0.0222352628276244,0.2397760223977602,0.609039096090391,1.0,1.0,1.0,False,False,False,STITCH,1,,,,,,,644.0,644.0,0.0,0.0,RPS2,False,False,RPS2,stitch_only,,,,,True,False,,26,2,4.03,,,412.31300000000016,0,,COC(=O)CC1=CN(C(=S)NC1=O)C2C(C(C(O2)COP(=O)(O)O)O)O,,49866561.0,
241,,PUBCHEM:46937130,DB08185,CsGpPW,EEF1A1,0.0222352628276244,0.2402759724027597,0.6093390660933906,1.0,1.0,1.0,False,False,False,STITCH,1,,,,,,,644.0,644.0,0.0,0.0,RPS2,False,False,RPS2,stitch_only,,,,,True,True,,30,3,4.01,,,463.45300000000015,0,,CC(C)CCNC1=NC(=NC2=C1N=CN2C3C(C(C(O3)COP(=O)(O)O)O)O)SC,,46937130.0,
242,,PUBCHEM:16040250,[(2S)-1-[2-azanylethoxy(oxidanyl)phosphoryl]oxy-3-hexadecanoyloxy-propan-2-yl] octadecanoate,CsGpPW,EEF1A1,0.0222352628276244,0.2392760723927607,0.6094390560943905,1.0,1.0,1.0,False,False,False,STITCH,1,,,,,,,644.0,644.0,0.0,0.0,RPS2,False,False,RPS2,stitch_only,,,,,False,False,acyclic; MW 720 > 700,49,0,3.57,,,720.0260000000002,0,,CCCCCCCCCCCCCCCCCC(=O)OC(COC(=O)CCCCCCCCCCCCCCC)COP(=O)(O)OCCN,,16040250.0,
243,,CHEMBL3184791,streptomycin,CsGpPW,EEF1A1,0.0222352628276244,0.2481751824817518,0.6095390460953904,1.0,1.0,1.0,False,False,False,STITCH,1,,,,,,,644.0,644.0,0.0,102.0,RPS2,False,False,RPS2,stitch_only,,,,,False,False,MW 1457 > 700,95,6,7.68,,,1457.3970000000008,0,,CC1C(C(C(O1)OC2C(C(C(C(C2O)O)N=C(N)N)O)N=C(N)N)OC3C(C(C(C(O3)CO)O)O)NC)(C=O)O.CC1C(C(C(O1)OC2C(C(C(C(C2O)O)N=C(N)N)O)N=C(N)N)OC3C(C(C(C(O3)CO)O)O)NC)(C=O)O.OS(=O)(=O)O.OS(=O)(=O)O.OS(=O)(=O)O,,,ChEMBL
244,,CHEMBL1167,spectinomycin,CsGpPW,EEF1A1,0.0222352628276244,0.2477752224777522,0.6096390360963904,1.0,1.0,1.0,False,False,False,STITCH,1,,,,,,,644.0,644.0,0.0,0.0,RPS2,False,False,RPS2,stitch_only,,,,,True,False,,23,3,5.13,,,332.353,0,,CC1CC(=O)C2(C(O1)OC3C(C(C(C(C3O2)NC)O)NC)O)O,,,ChEMBL
245,,PUBCHEM:439750,N-formylmethionine,CsGpPW,EEF1A1,0.0222352628276244,0.2490750924907509,0.6099390060993901,1.0,1.0,1.0,False,False,False,STITCH,1,,,,,,,644.0,644.0,0.0,0.0,RPS2,False,False,RPS2,stitch_only,,,,,False,False,acyclic; MW 177 < 250; 11 heavy atoms < 18,11,0,2.98,,,177.22500000000002,59,001Chemical; 10X CHEM; A2B Chem; AA BLOCKS; AKos Consulting & Solutions,CSCCC(C(=O)O)NC=O,,439750.0,
246,,PUBCHEM:4477691,AC1NAIWV,CsGpPW,EEF1A1,0.0222352628276244,0.2440755924407559,0.6100389961003899,1.0,1.0,1.0,False,False,False,STITCH,1,,,,,,,644.0,644.0,0.0,0.0,RPS2,False,False,RPS2,stitch_only,,,,,True,True,,26,3,4.13,,,391.2770000000001,0,,CN(C)C1=NC(=O)C2=C(N1)N(C=N2)C3C(C(C(O3)COP(=O)(O)O)O)O,,4477691.0,
247,,PUBCHEM:444080,Maval,CsGpPW,EEF1A1,0.0222352628276244,0.2416758324167583,0.6101389861013898,1.0,1.0,1.0,False,False,False,STITCH,1,,,,,,,644.0,644.0,0.0,0.0,RPS2,False,False,RPS2,stitch_only,,,,,False,False,acyclic; MW 131 < 250; 9 heavy atoms < 18,9,0,2.6,,,131.17499999999998,60,10X CHEM; 1st Scientific; A2B Chem; AA BLOCKS; AChemBlock,CC(C)C(C(=O)O)NC,,444080.0,
248,,PUBCHEM:4378,MeVal,CsGpPW,EEF1A1,0.0222352628276244,0.2458754124587541,0.6105389461053895,1.0,1.0,1.0,False,False,False,STITCH,1,,,,,,,644.0,644.0,0.0,0.0,RPS2,False,False,RPS2,stitch_only,,,,,False,False,acyclic; MW 131 < 250; 9 heavy atoms < 18,9,0,2.6,,,131.17499999999998,55,001Chemical; 10X CHEM; A2B Chem; AA BLOCKS; AKos Consulting & Solutions,CC(C)C(C(=O)O)NC,,4378.0,
249,,CHEMBL1627073,uridylate,CsGpPW,EEF1A1,0.0222352628276244,0.2443755624437556,0.611038896110389,1.0,1.0,1.0,False,False,False,STITCH,1,,,,,,,644.0,644.0,0.0,0.0,RPS2,False,False,RPS2,stitch_only,,,,,True,True,,21,2,3.77,,,324.182,0,,C1=CN(C(=O)NC1=O)C2C(C(C(O2)COP(=O)(O)O)O)O,,,ChEMBL
249,,CHEMBL292303,tryptophan,CsGpPW,EEF1A1,0.0222352628276244,0.2348765123487651,0.611038896110389,1.0,1.0,1.0,False,False,False,STITCH,1,,,,,,,644.0,644.0,0.0,0.0,RPS2,False,False,RPS2,stitch_only,,,,,False,False,MW 204 < 250; 15 heavy atoms < 18,15,2,2.3,,,204.22899999999996,0,,C1=CC=C2C(=C1)C(=CN2)CC(C(=O)O)N,,,ChEMBL
251,,CHEMBL1256987,fusidic acid,CsGpPW,EEF1A1,0.0222352628276244,0.2463753624637536,0.6113388661133886,1.0,1.0,1.0,False,False,False,STITCH,1,,,,,,,644.0,644.0,0.0,0.0,RPS2,False,False,RPS2,stitch_only,,,,,True,False,,37,4,5.08,,,516.7190000000004,0,,CC1C2CCC3(C(C2(CCC1O)C)C(CC4C3(CC(C4=C(CCC=C(C)C)C(=O)O)OC(=O)C)C)O)C,,,ChEMBL
252,,CHEMBL43068,L-valine,CsGpPW,EEF1A1,0.0222352628276244,0.2466753324667533,0.6118388161183882,1.0,1.0,1.0,False,False,False,STITCH,1,,,,,,,644.0,644.0,0.0,114.0,RPS2,False,False,RPS2,stitch_only,,,,,False,False,acyclic; MW 117 < 250; 8 heavy atoms < 18,8,0,2.53,,,117.148,0,,CC(C)C(C(=O)O)N,,,ChEMBL
253,,CHEMBL1229561,poly(2'-O-methyladenylic acid,CsGpPW,EEF1A1,0.0222352628276244,0.2432756724327567,0.6123387661233877,1.0,1.0,1.0,False,False,False,STITCH,1,,,,,,,644.0,644.0,0.0,0.0,RPS2,False,False,RPS2,stitch_only,,,,,True,True,,24,3,3.9,,,361.25100000000003,0,,COC1C(C(OC1N2C=NC3=C2N=CN=C3N)COP(=O)(O)O)O,,,ChEMBL
253,,CHEMBL1230331,4-thiouridylate,CsGpPW,EEF1A1,0.0222352628276244,0.2431756824317568,0.6123387661233877,1.0,1.0,1.0,False,False,False,STITCH,1,,,,,,,644.0,644.0,0.0,0.0,RPS2,False,False,RPS2,stitch_only,,,,,True,True,,21,2,4.06,,,340.25000000000006,0,,C1=CN(C(=O)NC1=S)C2C(C(C(O2)COP(=O)(O)O)O)O,,,ChEMBL
253,,PUBCHEM:71627367,4'-O-Benzyl paromomycin,CsGpPW,EEF1A1,0.0222352628276244,0.2464753524647535,0.6123387661233877,1.0,1.0,1.0,False,False,False,STITCH,1,,,,,,,644.0,644.0,0.0,0.0,RPS2,False,False,RPS2,stitch_only,,,,,False,False,MW 706 > 700,49,5,5.53,,,705.7590000000001,0,,C1C(C(C(C(C1N)OC2C(C(C(C(O2)CO)OCC3=CC=CC=C3)O)N)OC4C(C(C(O4)CO)OC5C(C(C(C(O5)CN)O)O)N)O)O)N,,71627367.0,
256,,CHEMBL1315633,adenosine monophosphate,CsGpPW,EEF1A1,0.0222352628276244,0.2442755724427557,0.6127387261273872,1.0,1.0,1.0,False,False,False,STITCH,1,,,,,,,644.0,644.0,0.0,0.0,RPS2,False,False,RPS2,stitch_only,,,,,True,True,,23,3,3.8,,,347.22400000000005,0,,C1=NC2=C(C(=N1)N)N=CN2C3C(C(C(O3)COP(=O)(O)O)O)O,,,ChEMBL
256,,PUBCHEM:4478774,AC1NAL8N,CsGpPW,EEF1A1,0.0222352628276244,0.2475752424757524,0.6127387261273872,1.0,1.0,1.0,False,False,False,STITCH,1,,,,,,,644.0,644.0,0.0,0.0,RPS2,False,False,RPS2,stitch_only,,,,,True,True,,30,3,4.01,,,463.45300000000015,0,,CC(C)CCNC1=NC(=NC2=C1N=CN2C3C(C(C(O3)COP(=O)(O)O)O)O)SC,,4478774.0,
258,,CHEMBL11257,L-valine,CsGpPW,EEF1A1,0.0222352628276244,0.2446755324467553,0.6137386261373863,1.0,1.0,1.0,False,False,False,STITCH,1,,,,,,,644.0,644.0,0.0,114.0,RPS2,False,False,RPS2,stitch_only,,,,,False,False,acyclic; MW 117 < 250; 8 heavy atoms < 18,8,0,2.53,,,117.148,0,,CC(C)C(C(=O)O)N,,,ChEMBL
258,,PUBCHEM:392,beta-lysin,CsGpPW,EEF1A1,0.0222352628276244,0.2457754224577542,0.6137386261373863,1.0,1.0,1.0,False,False,False,STITCH,1,,,,,,,644.0,644.0,0.0,0.0,RPS2,False,False,RPS2,stitch_only,,,,,False,False,acyclic; MW 146 < 250; 10 heavy atoms < 18,10,0,2.82,,,146.19,24,001Chemical; A2B Chem; AA BLOCKS; AKos Consulting & Solutions; Ambinter,C(CC(CC(=O)O)N)CN,,392.0,
260,,CHEMBL2206196,paromomycin,CsGpPW,EEF1A1,0.0222352628276244,0.2445755424457554,0.6138386161383862,1.0,1.0,1.0,False,False,False,STITCH,1,,,,,,,644.0,644.0,0.0,121.0,RPS2,False,False,RPS2,stitch_only,,,,,False,False,MW 712 > 700,47,4,5.77,,,711.6970000000003,0,,C1C(C(C(C(C1N)OC2C(C(C(C(O2)CO)O)O)N)OC3C(C(C(O3)CO)OC4C(C(C(C(O4)CN)O)O)N)O)O)N.[O-]S(=O)(=O)[O-],,,ChEMBL
261,,CHEMBL1200740,streptomycin,CsGpPW,EEF1A1,0.0222352628276244,0.2493750624937506,0.6139386061393861,1.0,1.0,1.0,False,False,False,STITCH,1,,,,,,,644.0,644.0,0.0,102.0,RPS2,False,False,RPS2,stitch_only,,,,,True,False,,40,3,5.68,,,581.5800000000003,0,,CC1C(C(C(O1)OC2C(C(C(C(C2O)O)N=C(N)N)O)N=C(N)N)OC3C(C(C(C(O3)CO)O)O)NC)(C=O)O,,,ChEMBL
261,,CHEMBL574817,3'-phosphoadenosine 5'-phosphate,CsGpPW,EEF1A1,0.0222352628276244,0.2430756924307569,0.6139386061393861,1.0,1.0,1.0,False,False,False,STITCH,1,,,,,,,644.0,644.0,0.0,0.0,RPS2,False,False,RPS2,stitch_only,,,,,True,True,,27,3,4.08,,,427.2030000000001,0,,C1=NC2=C(C(=N1)N)N=CN2C3C(C(C(O3)COP(=O)(O)O)OP(=O)(O)O)O,,,ChEMBL
263,,CHEMBL388560,diazinon,CsGpPW,EEF1A1,0.0222352628276244,0.2447755224477552,0.6142385761423858,1.0,1.0,1.0,False,False,False,STITCH,1,,,,,,,700.0,0.0,700.0,0.0,RPS2,False,False,RPS2,stitch_only,,,,,True,False,,19,1,2.99,,,304.35200000000003,0,,CCOP(=S)(OCC)OC1=NC(=NC(=C1)C)C(C)C,,,ChEMBL
264,,PUBCHEM:5326793,PE(34:0),CsGpPW,EEF1A1,0.0222352628276244,0.2376762323767623,0.6143385661433857,1.0,1.0,1.0,False,False,False,STITCH,1,,,,,,,644.0,644.0,0.0,0.0,RPS2,False,False,RPS2,stitch_only,,,,,False,False,acyclic; MW 720 > 700,49,0,3.57,,,720.0260000000002,2,BenchChem; EvitaChem,CCCCCCCCCCCCCCCCCC(=O)OC(COC(=O)CCCCCCCCCCCCCCC)COP(=O)(O)OCCN,,5326793.0,
265,,PUBCHEM:10774843,K-9390,CsGpPW,EEF1A1,0.0222352628276244,0.2387761223877612,0.6145385461453855,1.0,1.0,1.0,False,False,False,STITCH,1,,,,,,,644.0,644.0,0.0,0.0,RPS2,False,False,RPS2,stitch_only,,,,,False,False,MW 211 < 250; 15 heavy atoms < 18,15,1,2.57,,,211.21699999999998,0,,COC1=CC=C(C=C1)C(C(C(=O)O)N)O,,10774843.0,
266,,PUBCHEM:10691837,nn-dimethyl guanylic acid,CsGpPW,EEF1A1,0.0222352628276244,0.250974902509749,0.6149385061493851,1.0,1.0,1.0,False,False,False,STITCH,1,,,,,,,644.0,644.0,0.0,0.0,RPS2,False,False,RPS2,stitch_only,,,,,True,True,,26,3,4.13,,,391.2770000000001,0,,CN(C)C1=NC(=O)C2=C(N1)N(C=N2)C3C(C(C(O3)COP(=O)(O)O)O)O,,10691837.0,
267,,PUBCHEM:53723505,N-dimethyl-L-threonine,CsGpPW,EEF1A1,0.0222352628276244,0.2433756624337566,0.6154384561543845,1.0,1.0,1.0,False,False,False,STITCH,1,,,,,,,644.0,644.0,0.0,0.0,RPS2,False,False,RPS2,stitch_only,,,,,False,False,acyclic; MW 147 < 250; 10 heavy atoms < 18,10,0,3.23,,,147.17399999999998,3,"AKos Consulting & Solutions; J&H Chemical Co.,ltd; RR Scientific",CC(C(C(=O)O)N(C)C)O,,53723505.0,
268,,PUBCHEM:911,fMet,CsGpPW,EEF1A1,0.0222352628276244,0.2430756924307569,0.6155384461553844,1.0,1.0,1.0,False,False,False,STITCH,1,,,,,,,644.0,644.0,0.0,0.0,RPS2,False,False,RPS2,stitch_only,,,,,False,False,acyclic; MW 177 < 250; 11 heavy atoms < 18,11,0,2.98,,,177.22500000000002,64,001Chemical; 10X CHEM; A2B Chem; AA BLOCKS; AChemBlock,CSCCC(C(=O)O)NC=O,,911.0,
269,,CHEMBL1214186,sinefungin,CsGpPW,EEF1A1,0.0222352628276244,0.2503749625037496,0.6161383861613838,1.0,1.0,1.0,False,False,False,STITCH,1,,,,,,,644.0,644.0,0.0,0.0,RPS2,False,False,RPS2,stitch_only,,,,,True,False,,27,3,4.19,,,381.3930000000001,0,,C1=NC2=C(C(=N1)N)N=CN2C3C(C(C(O3)CC(CCC(C(=O)O)N)N)O)O,,,ChEMBL
269,,PUBCHEM:5287987,L-Capreomycidine,CsGpPW,EEF1A1,0.0222352628276244,0.2408759124087591,0.6161383861613838,1.0,1.0,1.0,False,False,False,STITCH,1,,,,,,,644.0,644.0,0.0,0.0,RPS2,False,False,RPS2,stitch_only,,,,,False,False,MW 172 < 250; 12 heavy atoms < 18,12,1,4.14,,,172.18799999999996,0,,C1CN=C(NC1C(C(=O)O)N)N,,5287987.0,
271,,PUBCHEM:189854,AC1L4PEN,CsGpPW,EEF1A1,0.0222352628276244,0.2360763923607639,0.6167383261673832,1.0,1.0,1.0,False,False,False,STITCH,1,,,,,,,644.0,644.0,0.0,0.0,RPS2,False,False,RPS2,stitch_only,,,,,True,True,,26,2,3.91,,,398.2170000000001,5,"BLD Pharm; J&H Chemical Co.,ltd; NewCan Biotech; RR Scientific; Starshine Chemical",C1=C(C(=O)NC(=O)N1C2C(C(C(O2)COP(=O)(O)O)O)O)OCC(=O)O,,189854.0,
272,,PUBCHEM:3400927,AC1MOUJN,CsGpPW,EEF1A1,0.0222352628276244,0.2421757824217578,0.617038296170383,1.0,1.0,1.0,False,False,False,STITCH,1,,,,,,,644.0,644.0,0.0,0.0,RPS2,False,False,RPS2,stitch_only,,,,,True,True,,40,4,4.67,,,588.4670000000003,0,,CC1=C(N2C(=O)C3=C(N(C2=N1)C)N(C=N3)C4C(C(C(O4)COP(=O)(O)O)O)O)CCC(C(=O)OC)NC(=O)OC,,3400927.0,
273,,PUBCHEM:25122322,4'-O-Benzyl paromomycin,CsGpPW,EEF1A1,0.0222352628276244,0.2467753224677532,0.6172382761723828,1.0,1.0,1.0,False,False,False,STITCH,1,,,,,,,644.0,644.0,0.0,0.0,RPS2,False,False,RPS2,stitch_only,,,,,False,False,MW 706 > 700,49,5,5.53,,,705.7590000000001,0,,C1C(C(C(C(C1N)OC2C(C(C(C(O2)CO)OCC3=CC=CC=C3)O)N)OC4C(C(C(O4)CO)OC5C(C(C(C(O5)CN)O)O)N)O)O)N,,25122322.0,
274,,PUBCHEM:5289145,AC1NRCR6,CsGpPW,EEF1A1,0.0222352628276244,0.2416758324167583,0.6177382261773823,1.0,1.0,1.0,False,False,False,STITCH,1,,,,,,,644.0,644.0,0.0,0.0,RPS2,False,False,RPS2,stitch_only,,,,,False,False,acyclic; MW 749 > 700,51,0,4.01,,,749.0199999999993,3,BenchChem; EvitaChem; RR Scientific,CCCCCCCCCCCCCCCC(=O)OCC(COP(=O)(O)OCC(CO)O)OC(=O)CCCCCCCCCC=CCCCCCC,,5289145.0,
275,,CHEMBL458512,pactamycin,CsGpPW,EEF1A1,0.0222352628276244,0.2493750624937506,0.6197380261973803,1.0,1.0,1.0,False,False,False,STITCH,1,,,,,,,644.0,644.0,0.0,0.0,RPS2,False,False,RPS2,stitch_only,,,,,True,False,,40,3,4.69,,,558.6320000000002,0,,CC1=C(C(=CC=C1)O)C(=O)OCC2(C(C(C(C2(C)O)(C(C)O)NC(=O)N(C)C)N)NC3=CC=CC(=C3)C(=O)C)O,,,ChEMBL
276,,PUBCHEM:53654133,CTK0A1398,CsGpPW,EEF1A1,0.0222352628276244,0.2497750224977502,0.6205379462053795,1.0,1.0,1.0,False,False,False,STITCH,1,,,,,,,644.0,644.0,0.0,0.0,RPS2,False,False,RPS2,stitch_only,,,,,False,False,acyclic; MW 179 < 250; 11 heavy atoms < 18,11,0,3.67,,,179.19699999999997,1,Ambinter,CSC(C(C(=O)O)N)C(=O)O,,53654133.0,
277,,CHEMBL103247,L-Dap,CsGpPW,EEF1A1,0.0222352628276244,0.2404759524047595,0.6213378662133786,1.0,1.0,1.0,False,False,False,STITCH,1,,,,,,,644.0,644.0,0.0,0.0,RPS2,False,False,RPS2,stitch_only,,,,,False,False,acyclic; MW 104 < 250; 7 heavy atoms < 18,7,0,2.98,,,104.10900000000001,0,,C(C(C(=O)O)N)N,,,ChEMBL
278,,CHEMBL1254011,kasugamycin,CsGpPW,EEF1A1,0.0222352628276244,0.2493750624937506,0.6238376162383762,1.0,1.0,1.0,False,False,False,STITCH,1,,,,,,,644.0,644.0,0.0,0.0,RPS2,False,False,RPS2,stitch_only,,,,,True,False,,26,2,4.84,,,379.36600000000016,0,,CC1C(CC(C(O1)OC2C(C(C(C(C2O)O)O)O)O)N)N=C(C(=O)O)N,,,ChEMBL
279,,CHEMBL384759,guanosine diphosphate,CsGiG,EEF1A1,0.1337317113312168,0.287971202879712,0.7047295270472953,1.0,1.0,1.0,False,False,False,STITCH,9,,,,,,,964.0,741.0,900.0,189.0,EEF1A2|EEF1G|ETF1|RPL18A|RPL3|RPL4|RPL7|RPS2|RPS3A,True,False,EEF1A2|EEF1G|ETF1|RPL18A|RPL3|RPL4|RPL7|RPS2|RPS3A,stitch_only,,,,,True,True,,28,3,4.26,,,443.20200000000006,0,,C1=NC2=C(N1C3C(C(C(O3)COP(=O)(O)OP(=O)(O)O)O)O)NC(=NC2=O)N,,,ChEMBL
280,,CHEMBL1201369,guanosine triphosphate,CsGiG,EEF1A1,0.1337317113312168,0.2907709229077092,0.7068293170682932,1.0,1.0,1.0,False,False,False,STITCH,9,,,,,,,969.0,690.0,900.0,686.0,EEF1A2|EEF1G|ETF1|RPL18A|RPL3|RPL4|RPL7|RPS2|RPS3A,True,False,EEF1A2|EEF1G|ETF1|RPL18A|RPL3|RPL4|RPL7|RPS2|RPS3A,stitch_only,,,,,True,True,,32,3,4.54,,,523.181,0,,C1=NC2=C(N1C3C(C(C(O3)COP(=O)(O)OP(=O)(O)OP(=O)(O)O)O)O)NC(=NC2=O)N,,,ChEMBL
281,,PUBCHEM:6830,guanosine triphosphate,CsGiG,EEF1A1,0.1337317113312168,0.2893710628937106,0.7077292270772922,1.0,1.0,1.0,False,False,False,STITCH,9,,,,,,,969.0,690.0,900.0,686.0,EEF1A2|EEF1G|ETF1|RPL18A|RPL3|RPL4|RPL7|RPS2|RPS3A,True,False,EEF1A2|EEF1G|ETF1|RPL18A|RPL3|RPL4|RPL7|RPS2|RPS3A,stitch_only,,,,,True,True,,32,3,4.54,,,523.181,0,,C1=NC2=C(N1C3C(C(C(O3)COP(=O)(O)OP(=O)(O)OP(=O)(O)O)O)O)NC(=NC2=O)N,,6830.0,
282,11.0,CHEMBL4087666,,CbGpPW,EEF1A1,0.0273766177657879,0.1886811318868113,0.7412258774122588,1.0,1.0,1.0,False,False,False,ChEMBL,1,7.73,,,,IC50,HSF1,,,,,,False,False,HSF1,assay_reported,HSF1,3.0,1.0,Inhibition of 17-AAG-induced HSF1 pathway in human SKOV3 cells assessed as reduction in HSPA1A mRNA level preincubated for 1 hr followed by 17-AAG addition measured after 6 hrs by Western blot method,True,False,,41,6,2.49,,5.29,552.6310000000004,44,10X CHEM; A2B Chem; AA BLOCKS; AChemBlock; AKos Consulting & Solutions,Cc1ccc(NC(=O)c2ccc3c(c2)OCCO3)cc1NC(=O)c1ccc2nc(OCCN3CCCC3)ccc2c1,KLHOCHQJHXNKAS-UHFFFAOYSA-N,117996749.0,ChEMBL
283,53.0,CHEMBL562794,,CbGpPW,EEF1A1,0.0273766177657879,0.1904809519048095,0.7461253874612539,1.0,1.0,1.0,False,False,False,ChEMBL,1,5.0,,,,EC50,HSF1,,,,,,False,False,HSF1,assay_reported,HSF1,2.0,1.0,Amplification of HSF1 transcriptional activity in human heat shock-induced HeLa cells assessed as granule formation treated 1 hr before heat shock challenge measured after 2 hrs without recovery time by immunocytochemical staining,True,False,,20,3,2.78,,0.12,273.25199999999995,0,,CCn1nc(-c2ccco2)nc2c(=O)n(C)c(=O)nc1-2,YPGAYOUQBDJBPU-UHFFFAOYSA-N,45272588.0,ChEMBL
284,38.0,CHEMBL3905315,,CbGpPW,EEF1A1,0.0273766177657879,0.1883811618838116,0.7464253574642535,1.0,1.0,1.0,False,False,False,ChEMBL,1,5.7,,,,IC50,HSF1,,,,,,False,False,HSF1,assay_reported,HSF1,1.0,1.0,Inhibition of 17AAG-induced HSF1-mediated HSP72 expression in human U2OS cells preincubated for 1 hr followed by 17AAG addition measured after overnight incubation by ArrayScan analysis,True,False,,25,4,2.26,,3.09,331.3790000000001,0,,OCCc1ccc(Nc2cc(-n3cnc4ccccc43)ncn2)cc1,IARVJKWXSVNCEZ-UHFFFAOYSA-N,134135737.0,ChEMBL
285,25.0,CHEMBL4077078,,CbGpPW,EEF1A1,0.0273766177657879,0.1897810218978102,0.7467253274672533,1.0,1.0,1.0,False,False,False,ChEMBL,1,6.35,,,,IC50,HSF1,,,,,,False,False,HSF1,assay_reported,HSF1,1.0,1.0,Inhibition of 17-AAG-induced HSF1 pathway in human SKOV3 cells assessed as reduction in HSP72 induction preincubated for 1 hr followed by 17-AAG addition measured after 18 hrs by ELISA,True,False,,34,5,2.25,,5.68,451.5260000000003,0,,Cc1ccc2cc(C(=O)Nc3cc(NC(=O)c4ccc5c(c4)OCCC5)ccc3C)ccc2n1,SDVZKQSDNMFMHZ-UHFFFAOYSA-N,122589559.0,ChEMBL
286,50.0,CHEMBL3922414,,CbGpPW,EEF1A1,0.0273766177657879,0.1895810418958104,0.7483251674832517,1.0,1.0,1.0,False,False,False,ChEMBL,1,5.21,,,,IC50,HSF1,,,,,,False,False,HSF1,assay_reported,HSF1,1.0,1.0,Inhibition of 17AAG-induced HSF1-mediated HSP72 expression in human U2OS cells preincubated for 1 hr followed by 17AAG addition measured after overnight incubation by ArrayScan analysis,True,False,,24,3,2.59,,1.74,325.37600000000003,0,,CN(C)CCOc1ccc(Nc2cc(-n3ccnc3)ncn2)nc1,PKZBARFMXVRZEC-UHFFFAOYSA-N,134139906.0,ChEMBL
287,28.0,CHEMBL3967087,,CbGpPW,EEF1A1,0.0273766177657879,0.1886811318868113,0.7484251574842515,1.0,1.0,1.0,False,False,False,ChEMBL,1,6.12,,,,IC50,HSF1,,,,,,False,False,HSF1,assay_reported,HSF1,1.0,1.0,Inhibition of 17AAG-induced HSF1-mediated HSP72 expression in human U2OS cells preincubated for 1 hr followed by 17AAG addition measured after 18 hrs by ELISA,True,False,,25,3,2.92,,3.16,381.52700000000016,0,,CC(C)(C)c1cnc(CSc2cnc(NC(=O)N3CCNCC3)s2)o1,YTFMKHAFPHBMNE-UHFFFAOYSA-N,134151342.0,ChEMBL
288,41.0,CHEMBL564316,,CbGpPW,EEF1A1,0.0273766177657879,0.1885811418858114,0.7492250774922508,1.0,1.0,1.0,False,False,False,ChEMBL,1,5.6,,,,EC50,HSF1,,,,,,False,False,HSF1,assay_reported,HSF1,2.0,1.0,Amplification of HSF1 transcriptional activity in human heat shock-induced HeLa cells assessed as granule formation treated 1 hr before heat shock challenge measured after 2 hrs without recovery time by immunocytochemical staining,True,False,,26,4,2.72,,1.91,368.4220000000002,0,,CCCCn1nc(-c2nc3ccccc3s2)nc2c(=O)n(C)c(=O)nc1-2,REUQOCZUYLFNNL-UHFFFAOYSA-N,44556046.0,ChEMBL
289,53.0,CHEMBL564799,,CbGpPW,EEF1A1,0.0273766177657879,0.1893810618938106,0.7493250674932507,1.0,1.0,1.0,False,False,False,ChEMBL,1,5.0,,,,EC50,HSF1,,,,,,False,False,HSF1,assay_reported,HSF1,2.0,1.0,Amplification of HSF1 transcriptional activity in human heat shock-induced HeLa cells assessed as granule formation treated 1 hr before heat shock challenge measured after 2 hrs without recovery time by immunocytochemical staining,True,False,,23,3,2.77,,1.21,315.3330000000001,0,,CCCCn1nc(-c2ccc(C)o2)nc2c(=O)n(C)c(=O)nc1-2,MYWMFLCKMKZDSX-UHFFFAOYSA-N,45267447.0,ChEMBL
290,36.0,CHEMBL3923966,,CbGpPW,EEF1A1,0.0273766177657879,0.1892810718928107,0.7494250574942506,1.0,1.0,1.0,False,False,False,ChEMBL,1,5.87,,,,IC50,HSF1,,,,,,False,False,HSF1,assay_reported,HSF1,1.0,1.0,Inhibition of 17AAG-induced HSF1-mediated HSP72 expression in human U2OS cells preincubated for 1 hr followed by 17AAG addition measured after overnight incubation by ArrayScan analysis,True,False,,28,4,2.31,,3.5,374.44800000000004,0,,CN(C)CCOc1ccc(Nc2cc(-n3cnc4ccccc43)ncn2)cc1,SJFVFISZPLTGLW-UHFFFAOYSA-N,134141913.0,ChEMBL
290,53.0,CHEMBL561125,,CbGpPW,EEF1A1,0.0273766177657879,0.1904809519048095,0.7494250574942506,1.0,1.0,1.0,False,False,False,ChEMBL,1,5.0,,,,EC50,HSF1,,,,,,False,False,HSF1,assay_reported,HSF1,2.0,1.0,Amplification of HSF1 transcriptional activity in human heat shock-induced HeLa cells assessed as granule formation treated 1 hr before heat shock challenge measured after 2 hrs without recovery time by immunocytochemical staining,True,False,,24,3,3.23,,0.44,331.33200000000005,0,,CCCCn1nc(-c2ccc(C)o2)[n+]([O-])c2c(=O)n(C)c(=O)nc1-2,HOBFQPKNKRULRW-UHFFFAOYSA-N,45268296.0,ChEMBL
292,46.0,CHEMBL565134,,CbGpPW,EEF1A1,0.0273766177657879,0.1911808819118088,0.7496250374962504,1.0,1.0,1.0,False,False,False,ChEMBL,1,5.39,,,,EC50,HSF1,,,,,,False,False,HSF1,assay_reported,HSF1,2.0,1.0,Amplification of HSF1 transcriptional activity in human heat shock-induced HeLa cells assessed as granule formation treated 1 hr before heat shock challenge measured after 2 hrs without recovery time by immunocytochemical staining,True,False,,29,5,2.58,,2.16,402.43900000000014,0,,Cn1c(=O)nc2n(Cc3ccccc3)nc(-c3nc4ccccc4s3)nc-2c1=O,KXUYENFWLPLQIV-UHFFFAOYSA-N,45269197.0,ChEMBL
293,49.0,CHEMBL555689,,CbGpPW,EEF1A1,0.0273766177657879,0.1914808519148085,0.7502249775022498,1.0,1.0,1.0,False,False,False,ChEMBL,1,5.29,,,,EC50,HSF1,,,,,,False,False,HSF1,assay_reported,HSF1,2.0,1.0,Amplification of HSF1 transcriptional activity in human heat shock-induced HeLa cells assessed as granule formation treated 1 hr before heat shock challenge measured after 2 hrs without recovery time by immunocytochemical staining,True,False,,20,3,2.77,,0.59,289.32,6,AKos Consulting & Solutions; Ambinter; Ambinter; ChemBridge; Enamine,CCn1nc(-c2cccs2)nc2c(=O)n(C)c(=O)nc1-2,DMDNERFCUCYCGM-UHFFFAOYSA-N,653297.0,ChEMBL
294,25.0,CHEMBL3919459,,CbGpPW,EEF1A1,0.0273766177657879,0.1885811418858114,0.7505249475052495,1.0,1.0,1.0,False,False,False,ChEMBL,1,6.35,,,,IC50,HSF1,,,,,,False,False,HSF1,assay_reported,HSF1,1.0,1.0,Inhibition of 17AAG-induced HSF1-mediated HSP72 expression in human U2OS cells preincubated for 1 hr followed by 17AAG addition measured after overnight incubation by ArrayScan analysis,True,False,,29,5,2.51,,2.71,386.46300000000014,0,,CN1CCN(c2ccc(Nc3cc(-n4cnc5ccccc54)ncn3)nc2)CC1,AWYBHCVXZFMJHV-UHFFFAOYSA-N,134140050.0,ChEMBL
295,19.0,CHEMBL3919811,,CbGpPW,EEF1A1,0.0273766177657879,0.1921807819218078,0.7511248875112488,1.0,1.0,1.0,False,False,False,ChEMBL,1,7.1,,,,IC50,HSF1,,,,,,False,False,HSF1,assay_reported,HSF1,1.0,1.0,Inhibition of 17AAG-induced HSF1-mediated HSP72 expression in human U2OS cells preincubated for 1 hr followed by 17AAG addition measured after overnight incubation by ArrayScan analysis,True,False,,28,4,2.52,,2.89,375.43600000000004,0,,CN(C)CCOc1ccc(Nc2cc(-n3cnc4ccccc43)ncn2)nc1,CQLFRGIYOHYSJV-UHFFFAOYSA-N,60167947.0,ChEMBL
296,31.0,CHEMBL3944589,,CbGpPW,EEF1A1,0.0273766177657879,0.1960803919608039,0.7512248775122488,1.0,1.0,1.0,False,False,False,ChEMBL,1,6.08,,,,IC50,HSF1,,,,,,False,False,HSF1,assay_reported,HSF1,1.0,1.0,Inhibition of 17AAG-induced HSF1-mediated HSP72 expression in human U2OS cells preincubated for 1 hr followed by 17AAG addition measured after overnight incubation by ArrayScan analysis,True,False,,22,4,2.29,,2.95,288.314,0,,c1ccc(Nc2cc(-n3cnc4ccccc43)ncn2)nc1,UWHMFXHWZZSXIB-UHFFFAOYSA-N,134145322.0,ChEMBL
297,15.0,CHEMBL3972065,,CbGpPW,EEF1A1,0.0273766177657879,0.1912808719128087,0.7514248575142486,1.0,1.0,1.0,False,False,False,ChEMBL,1,7.35,,,,IC50,HSF1,,,,,,False,False,HSF1,assay_reported,HSF1,1.0,1.0,Inhibition of 17AAG-induced HSF1-mediated HSP72 expression in human U2OS cells preincubated for 1 hr followed by 17AAG addition measured after overnight incubation by ArrayScan analysis,True,False,,30,5,3.08,,3.43,401.4740000000001,0,,CN1CCC[C@@H]1COc1ccc(Nc2cc(-n3cnc4ccccc43)ncn2)nc1,JCQSAYNTEFQHGH-MRXNPFEDSA-N,134153731.0,ChEMBL
298,52.0,CHEMBL559594,,CbGpPW,EEF1A1,0.0273766177657879,0.193980601939806,0.7517248275172482,1.0,1.0,1.0,False,False,False,ChEMBL,1,5.07,,,,EC50,HSF1,,,,,,False,False,HSF1,assay_reported,HSF1,2.0,1.0,Amplification of HSF1 transcriptional activity in human heat shock-induced HeLa cells assessed as granule formation treated 1 hr before heat shock challenge measured after 2 hrs without recovery time by immunocytochemical staining,True,False,,24,3,3.29,,0.91,347.4000000000001,0,,CCCCn1nc(-c2ccc(C)s2)[n+]([O-])c2c(=O)n(C)c(=O)nc1-2,UDMKVJCASYFONX-UHFFFAOYSA-N,45269171.0,ChEMBL
299,27.0,CHEMBL3946252,,CbGpPW,EEF1A1,0.0273766177657879,0.1911808819118088,0.752024797520248,1.0,1.0,1.0,False,False,False,ChEMBL,1,6.21,,,,IC50,HSF1,,,,,,False,False,HSF1,assay_reported,HSF1,1.0,1.0,Inhibition of 17AAG-induced HSF1-mediated HSP72 expression in human U2OS cells preincubated for 1 hr followed by 17AAG addition measured after overnight incubation by ArrayScan analysis,True,False,,31,5,2.65,,3.48,414.51700000000017,0,,CN(C)C1CCN(c2ccc(Nc3cc(-n4cnc5ccccc54)ncn3)nc2)CC1,KWBCXZRKOCGHBO-UHFFFAOYSA-N,134147440.0,ChEMBL
300,41.0,CHEMBL558033,,CbGpPW,EEF1A1,0.0273766177657879,0.1930806919308069,0.7522247775222478,1.0,1.0,1.0,False,False,False,ChEMBL,1,5.6,,,,EC50,HSF1,,,,,,False,False,HSF1,assay_reported,HSF1,2.0,1.0,Amplification of HSF1 transcriptional activity in human heat shock-induced HeLa cells assessed as granule formation treated 1 hr before heat shock challenge measured after 2 hrs without recovery time by immunocytochemical staining,True,False,,27,4,2.62,,1.85,362.39300000000014,0,,CCCCn1nc(-c2ccc3ccccc3n2)nc2c(=O)n(C)c(=O)nc1-2,WURCSYLFHHVRHA-UHFFFAOYSA-N,45269185.0,ChEMBL
301,21.0,CHEMBL3983798,,CbGpPW,EEF1A1,0.0273766177657879,0.1927807219278072,0.7523247675232477,1.0,1.0,1.0,False,False,False,ChEMBL,1,6.78,,,,IC50,HSF1,,,,,,False,False,HSF1,assay_reported,HSF1,1.0,1.0,Inhibition of 17AAG-induced HSF1-mediated HSP72 expression in human U2OS cells preincubated for 1 hr followed by 17AAG addition measured after overnight incubation by ArrayScan analysis,True,False,,29,4,2.53,,3.28,389.4630000000001,0,,CN(C)CCCOc1ccc(Nc2cc(-n3cnc4ccccc43)ncn2)nc1,VKUXBRRQHBTQPW-UHFFFAOYSA-N,76871873.0,ChEMBL
302,33.0,CHEMBL301982,CELASTROL,CbGpPW,EEF1A1,0.0273766177657879,0.191980801919808,0.7525247475252475,1.0,1.0,1.0,False,False,False,ChEMBL,1,5.96,,,,EC50,HSF1,,,,,,False,False,HSF1,assay_reported,HSF1,4.0,1.0,Amplification of HSF1 transcriptional activity in human heat shock-induced HeLa cells assessed as granule formation treated 1 hr before heat shock challenge measured after 2 hrs without recovery time by immunocytochemical staining,True,False,,33,5,4.89,,6.7,450.61900000000037,77,001Chemical; AChemBlock; AKos Consulting & Solutions; AbaChemScene; Accela ChemBio Inc.,CC1=C(O)C(=O)C=C2C1=CC=C1[C@@]2(C)CC[C@@]2(C)[C@@H]3C[C@](C)(C(=O)O)CC[C@]3(C)CC[C@]12C,KQJSQWZMSAGSHN-JJWQIEBTSA-N,122724.0,ChEMBL
302,34.0,CHEMBL3609826,,CbGpPW,EEF1A1,0.0273766177657879,0.1924807519248075,0.7525247475252475,1.0,1.0,1.0,False,False,False,ChEMBL,1,5.92,,,,IC50,HSF1,,,,,,False,False,HSF1,assay_reported,HSF1,1.0,1.0,Inhibition of HSF1 (unknown origin) assessed as reduction in HSF1--mediated HSP transcription,True,False,,21,3,2.52,,2.65,284.27900000000005,61,10X CHEM; A2B Chem; AA BLOCKS; AChemBlock; AKos Consulting & Solutions,CNc1ccc([N+](=O)[O-])c(Nc2ccc3[nH]ncc3c2)n1,NDJJEQIMIJJCLL-UHFFFAOYSA-N,69894253.0,ChEMBL
304,16.0,CHEMBL4069552,,CbGpPW,EEF1A1,0.0273766177657879,0.1947805219478052,0.7541245875412459,1.0,1.0,1.0,False,False,False,ChEMBL,1,7.29,,,,IC50,HSF1,,,,,,False,False,HSF1,assay_reported,HSF1,1.0,1.0,Inhibition of 17-AAG-induced HSF1 pathway in human SKOV3 cells assessed as reduction in HSP72 induction preincubated for 1 hr followed by 17-AAG addition measured after 18 hrs by ELISA,True,False,,33,5,2.19,,4.82,439.4710000000001,0,,Cc1ccc(NC(=O)c2ccc3c(c2)OCCO3)cc1NC(=O)c1ccc2ccncc2c1,ZQOBGHCKTIESSE-UHFFFAOYSA-N,117996743.0,ChEMBL
305,28.0,CHEMBL3936187,,CbGpPW,EEF1A1,0.0273766177657879,0.1934806519348065,0.7545245475452454,1.0,1.0,1.0,False,False,False,ChEMBL,1,6.12,,,,IC50,HSF1,,,,,,False,False,HSF1,assay_reported,HSF1,1.0,1.0,Inhibition of 17AAG-induced HSF1-mediated HSP72 expression in human U2OS cells preincubated for 1 hr followed by 17AAG addition measured after overnight incubation by ArrayScan analysis,True,False,,28,4,2.68,,2.29,376.42400000000004,0,,CN(C)CCOc1ccc(Nc2cc(-n3cnc4cccnc43)ncn2)nc1,GZDZXLOEMPRVPY-UHFFFAOYSA-N,134148891.0,ChEMBL
306,3.0,CHEMBL4070633,,CbGpPW,EEF1A1,0.0273766177657879,0.1928807119288071,0.7550244975502449,1.0,1.0,1.0,False,False,False,ChEMBL,1,8.55,,,,IC50,HSF1,,,,,,False,False,HSF1,assay_reported,HSF1,2.0,1.0,Inhibition of 17-AAG-induced HSF1 pathway in human U20S cells assessed as reduction in HSP72 induction preincubated for 1 hr followed by 17-AAG addition measured after 18 hrs by ELISA,True,False,,34,5,2.18,,5.13,453.4980000000003,17,10X CHEM; A2B Chem; AA BLOCKS; AChemBlock; AbaChemScene,Cc1ccc2cc(C(=O)Nc3cc(NC(=O)c4ccc5c(c4)OCCO5)ccc3C)ccc2n1,RZQWMJAOUJLEAM-UHFFFAOYSA-N,117996541.0,ChEMBL
307,8.0,CHEMBL4063330,,CbGpPW,EEF1A1,0.0273766177657879,0.1925807419258074,0.7556244375562444,1.0,1.0,1.0,False,False,False,ChEMBL,1,7.92,,,,IC50,HSF1,,,,,,False,False,HSF1,assay_reported,HSF1,1.0,1.0,Inhibition of 17-AAG-induced HSF1 pathway in human SKOV3 cells assessed as reduction in HSP72 induction preincubated for 1 hr followed by 17-AAG addition measured after 18 hrs by ELISA,True,False,,33,5,2.12,,4.82,439.4710000000001,0,,Cc1ccc(NC(=O)c2ccc3c(c2)OCCO3)cc1NC(=O)c1ccc2ncccc2c1,XROZVWPOMYAOQU-UHFFFAOYSA-N,117996828.0,ChEMBL
308,39.0,CHEMBL550249,,CbGpPW,EEF1A1,0.0273766177657879,0.1915808419158084,0.7557244275572442,1.0,1.0,1.0,False,False,False,ChEMBL,1,5.68,,,,EC50,HSF1,,,,,,False,False,HSF1,assay_reported,HSF1,2.0,1.0,Amplification of HSF1 transcriptional activity in human heat shock-induced HeLa cells assessed as granule formation treated 1 hr before heat shock challenge measured after 2 hrs without recovery time by immunocytochemical staining,True,False,,22,3,2.93,,0.76,318.3620000000001,0,,CCCCn1nc(-c2nccs2)nc2c(=O)n(C)c(=O)nc1-2,XJPHETUDAMHBCJ-UHFFFAOYSA-N,45270872.0,ChEMBL
309,32.0,CHEMBL3955977,,CbGpPW,EEF1A1,0.0273766177657879,0.1923807619238076,0.7558244175582441,1.0,1.0,1.0,False,False,False,ChEMBL,1,6.05,,,,IC50,HSF1,,,,,,False,False,HSF1,assay_reported,HSF1,1.0,1.0,Inhibition of 17AAG-induced HSF1-mediated HSP72 expression in human U2OS cells preincubated for 1 hr followed by 17AAG addition measured after overnight incubation by ArrayScan analysis,True,False,,30,5,2.63,,3.43,401.47400000000016,0,,CN1CCC(Oc2ccc(Nc3cc(-n4cnc5ccccc54)ncn3)nc2)CC1,SNDUMMORNAWFFB-UHFFFAOYSA-N,134144556.0,ChEMBL
310,10.0,CHEMBL3937369,,CbGpPW,EEF1A1,0.0273766177657879,0.1931806819318068,0.7559244075592441,1.0,1.0,1.0,False,False,False,ChEMBL,1,7.82,,,,IC50,HSF1,,,,,,False,False,HSF1,assay_reported,HSF1,2.0,1.0,Inhibition of 17AAG-induced HSF1-mediated HSP72 expression in human U2OS cells preincubated for 1 hr followed by 17AAG addition measured after overnight incubation by ArrayScan analysis,True,False,,31,5,2.71,,3.21,416.48900000000026,2,BLD Pharm; Starshine Chemical,c1cnc2ncn(-c3cc(Nc4ccc(OCCN5CCCCC5)cn4)ncn3)c2c1,CODOEMQMKTTYRW-UHFFFAOYSA-N,132968992.0,ChEMBL
310,37.0,CHEMBL3947240,,CbGpPW,EEF1A1,0.0273766177657879,0.1942805719428057,0.7559244075592441,1.0,1.0,1.0,False,False,False,ChEMBL,1,5.86,,,,IC50,HSF1,,,,,,False,False,HSF1,assay_reported,HSF1,1.0,1.0,Inhibition of 17AAG-induced HSF1-mediated HSP72 expression in human U2OS cells preincubated for 1 hr followed by 17AAG addition measured after overnight incubation by ArrayScan analysis,True,False,,30,5,3.15,,3.09,400.4900000000001,2,"AiFChem, an XtalPi Company; BLD Pharm",C[C@H]1CN(C)CCN1c1ccc(Nc2cc(-n3cnc4ccccc43)ncn2)nc1,NLHYGQYUFSGNSW-INIZCTEOSA-N,134146959.0,ChEMBL
310,12.0,CHEMBL4102297,,CbGpPW,EEF1A1,0.0273766177657879,0.1952804719528047,0.7559244075592441,1.0,1.0,1.0,False,False,False,ChEMBL,1,7.58,,,,IC50,HSF1,,,,,,False,False,HSF1,assay_reported,HSF1,1.0,1.0,Inhibition of 17-AAG-induced HSF1 pathway in human SKOV3 cells assessed as reduction in HSP72 induction preincubated for 1 hr followed by 17-AAG addition measured after 18 hrs by ELISA,True,False,,37,5,2.41,,4.16,498.53900000000027,2,Enamine; Enamine,Cc1ccc(NC(=O)c2ccc3c(c2)OCCO3)cc1NC(=O)c1ccc2nc(OCCN)ccc2c1,YPGVWGQVQWWWMA-UHFFFAOYSA-N,117996702.0,ChEMBL
313,48.0,CHEMBL4282794,,CbGpPW,EEF1A1,0.0273766177657879,0.1918808119188081,0.756024397560244,1.0,1.0,1.0,False,False,False,ChEMBL,1,5.35,,,,EC50,HSF1,,,,,,False,False,HSF1,direct_biophysical,HSF1,2.0,1.0,Binding affinity to recombinant human HSF1 monomer expressed in Escherichia coli BL21 (DE3) after 15 mins by fluorescence polarization assay,False,False,MW 2318 > 700,163,5,8.22,,,2318.417,0,,CSCC[C@H](NC(=O)[C@H](C)NC(=O)[C@H](CC(=O)O)NC(=O)[C@H](CC(C)C)NC(=O)[C@H](Cc1cnc[nH]1)NC(=O)[C@H](CC(=O)O)NC(=O)[C@H](CO)NC(=O)[C@H](CC(C)C)NC(=O)[C@H](CCC(=O)O)NC(=O)[C@H](CC(N)=O)NC(=O)[C@H](CCCCN)NC(=O)[C@H](CC(=O)O)NC(=O)CCNC(=O)CCNC(=O)c1ccc(C(=O)O)c(C2c3ccc(O)cc3OC3=CC(=O)C=CC32)c1)C(=O)N[C@@H](CC(=O)O)C(=O)N[C@@H](CO)C(=O)N[C@@H](CC(N)=O)C(=O)N[C@@H](CC(C)C)C(N)=O,NRUDKWCWETWQQK-KURBARKFSA-N,145981106.0,ChEMBL
314,35.0,CHEMBL550251,,CbGpPW,EEF1A1,0.0273766177657879,0.1933806619338066,0.7564243575642435,1.0,1.0,1.0,False,False,False,ChEMBL,1,5.89,,,,EC50,HSF1,,,,,,False,False,HSF1,assay_reported,HSF1,2.0,1.0,Amplification of HSF1 transcriptional activity in human heat shock-induced HeLa cells assessed as granule formation treated 1 hr before heat shock challenge measured after 2 hrs without recovery time by immunocytochemical staining,True,False,,26,4,2.79,,1.77,368.4220000000002,0,,CC(C)Cn1nc(-c2nc3ccccc3s2)nc2c(=O)n(C)c(=O)nc1-2,BIUGJTQNFKZQGD-UHFFFAOYSA-N,45270874.0,ChEMBL
315,7.0,CHEMBL2103840,DINACICLIB,CbGiG,EEF1A2,0.0545324491617697,0.1877812218778122,0.7568243175682432,1.0,1.0,1.0,False,False,False,ChEMBL,1,8.15,,,,IC50,HSF1,,,,,,False,False,HSF1,assay_reported,HSF1,1.0,1.0,Inhibition of 17AAG-induced HSF1-mediated HSP72 expression in human U2OS cells preincubated for 1 hr followed by 17AAG addition measured after 18 hrs by ELISA,True,False,,29,4,3.51,3.0,2.28,396.4950000000003,65,001Chemical; 10X CHEM; A2B Chem; AA BLOCKS; AChemBlock,CCc1cnn2c(NCc3ccc[n+]([O-])c3)cc(N3CCCC[C@H]3CCO)nc12,PIMQWRZWLQKKBJ-SFHVURJKSA-N,46926350.0,ChEMBL
316,41.0,CHEMBL559039,,CbGpPW,EEF1A1,0.0273766177657879,0.1947805219478052,0.7572242775722428,1.0,1.0,1.0,False,False,False,ChEMBL,1,5.6,,,,EC50,HSF1,,,,,,False,False,HSF1,assay_reported,HSF1,2.0,1.0,Amplification of HSF1 transcriptional activity in human heat shock-induced HeLa cells assessed as granule formation treated 1 hr before heat shock challenge measured after 2 hrs without recovery time by immunocytochemical staining,True,False,,27,4,2.79,,2.16,382.4490000000002,0,,CC(C)CCn1nc(-c2nc3ccccc3s2)nc2c(=O)n(C)c(=O)nc1-2,MYDWOGMGSXXIBZ-UHFFFAOYSA-N,45272597.0,ChEMBL
317,47.0,CHEMBL3916672,,CbGpPW,EEF1A1,0.0273766177657879,0.193980601939806,0.7579242075792421,1.0,1.0,1.0,False,False,False,ChEMBL,1,5.37,,,,IC50,HSF1,,,,,,False,False,HSF1,assay_reported,HSF1,1.0,1.0,Inhibition of 17AAG-induced HSF1-mediated HSP72 expression in human U2OS cells preincubated for 1 hr followed by 17AAG addition measured after overnight incubation by ArrayScan analysis,True,False,,29,4,2.55,,3.2,389.46300000000014,0,,Cc1nc2ccccc2n1-c1cc(Nc2ccc(OCCN(C)C)cn2)ncn1,JEYSCBUEDROHLD-UHFFFAOYSA-N,134143660.0,ChEMBL
318,20.0,CHEMBL4070302,,CbGiG,EEF1A2,0.0545324491617697,0.1885811418858114,0.7589241075892411,1.0,1.0,1.0,False,False,False,ChEMBL,1,6.94,,,,IC50,HSF1,,,,,,False,False,HSF1,assay_reported,HSF1,1.0,1.0,Inhibition of 17-AAG-induced HSF1 pathway in human SKOV3 cells assessed as reduction in HSP72 induction preincubated for 1 hr followed by 17-AAG addition measured after 18 hrs by ELISA,True,False,,41,5,2.51,,4.72,554.6030000000003,0,,CCC(=O)NCCOc1ccc2cc(C(=O)Nc3cc(NC(=O)c4ccc5c(c4)OCCO5)ccc3C)ccc2n1,CTUDBAMAFBXVJK-UHFFFAOYSA-N,117996322.0,ChEMBL
319,9.0,CHEMBL3975567,,CbGiG,EEF1A2,0.0545324491617697,0.1897810218978102,0.7608239176082392,1.0,1.0,1.0,False,False,False,ChEMBL,1,7.85,,,,IC50,HSF1,,,,,,False,False,HSF1,assay_reported,HSF1,1.0,1.0,Inhibition of 17AAG-induced HSF1-mediated HSP72 expression in human U2OS cells preincubated for 1 hr followed by 17AAG addition measured after overnight incubation by ArrayScan analysis,True,False,,30,5,3.28,,2.82,402.4620000000001,0,,CN1CCC[C@H]1COc1ccc(Nc2cc(-n3cnc4ncccc43)ncn2)nc1,KXBKPNSSZAFEBH-HNNXBMFYSA-N,132968991.0,ChEMBL
320,40.0,CHEMBL3891011,,CbGiG,EEF1A2,0.0545324491617697,0.188981101889811,0.7616238376162384,1.0,1.0,1.0,False,False,False,ChEMBL,1,5.63,,,,IC50,HSF1,,,,,,False,False,HSF1,assay_reported,HSF1,1.0,1.0,Inhibition of 17AAG-induced HSF1-mediated HSP72 expression in human U2OS cells preincubated for 1 hr followed by 17AAG addition measured after overnight incubation by ArrayScan analysis,True,False,,28,4,2.52,,3.5,374.44800000000004,0,,CN(C)CCOc1ccc(Nc2cc(-n3ccc4ccccc43)ncn2)nc1,JCMNYBKEMOQWKZ-UHFFFAOYSA-N,134137362.0,ChEMBL
321,44.0,CHEMBL4099031,,CbGiG,EEF1A2,0.0545324491617697,0.1906809319068093,0.7633236676332367,1.0,1.0,1.0,False,False,False,ChEMBL,1,5.59,,,,IC50,HSF1,,,,,,False,False,HSF1,assay_reported,HSF1,1.0,1.0,Inhibition of 17-AAG-induced HSF1 pathway in human SKOV3 cells assessed as reduction in HSP72 induction preincubated for 1 hr followed by 17-AAG addition measured after 18 hrs by ELISA,True,False,,34,5,2.22,,5.68,451.5260000000003,0,,Cc1ccc2cc(C(=O)Nc3cc(NC(=O)c4ccc5c(c4)CCCO5)ccc3C)ccc2n1,VKBSPZLZPRKZJH-UHFFFAOYSA-N,137660684.0,ChEMBL
322,23.0,CHEMBL4096048,,CbGiG,EEF1A2,0.0545324491617697,0.1902809719028097,0.7666233376662334,1.0,1.0,1.0,False,False,False,ChEMBL,1,6.66,,,,IC50,HSF1,,,,,,False,False,HSF1,assay_reported,HSF1,1.0,1.0,Inhibition of 17-AAG-induced HSF1 pathway in human SKOV3 cells assessed as reduction in HSP72 induction preincubated for 1 hr followed by 17-AAG addition measured after 18 hrs by ELISA,True,False,,33,5,2.28,,4.63,443.5030000000002,0,,Cc1ccc(NC(=O)c2ccc3c(c2)OCCO3)cc1NC(=O)c1ccc2c(c1)CCCN2,LLTXIVYBCVSFHB-UHFFFAOYSA-N,117996588.0,ChEMBL
323,17.0,CHEMBL3953713,,CbGiG,EEF1A2,0.0545324491617697,0.1930806919308069,0.7685231476852314,1.0,1.0,1.0,False,False,False,ChEMBL,1,7.26,,,,IC50,HSF1,,,,,,False,False,HSF1,assay_reported,HSF1,1.0,1.0,Inhibition of 17AAG-induced HSF1-mediated HSP72 expression in human U2OS cells preincubated for 1 hr followed by 17AAG addition measured after overnight incubation by ArrayScan analysis,True,False,,30,5,3.08,,3.43,401.4740000000001,0,,CN1CCC[C@H]1COc1ccc(Nc2cc(-n3cnc4ccccc43)ncn2)nc1,JCQSAYNTEFQHGH-INIZCTEOSA-N,134144030.0,ChEMBL
324,13.0,CHEMBL3911352,,CbGiG,EEF1A2,0.0545324491617697,0.1938806119388061,0.7693230676932307,1.0,1.0,1.0,False,False,False,ChEMBL,1,7.55,,,,IC50,HSF1,,,,,,False,False,HSF1,assay_reported,HSF1,1.0,1.0,Inhibition of 17AAG-induced HSF1-mediated HSP72 expression in human U2OS cells preincubated for 1 hr followed by 17AAG addition measured after overnight incubation by ArrayScan analysis,True,False,,28,4,2.73,,2.29,376.42400000000004,0,,CN(C)CCOc1ccc(Nc2cc(-n3cnc4ncccc43)ncn2)nc1,YTWDOCYUHJCFCG-UHFFFAOYSA-N,134132642.0,ChEMBL
325,24.0,CHEMBL3900925,,CbGiG,EEF1A2,0.0545324491617697,0.1892810718928107,0.77002299770023,1.0,1.0,1.0,False,False,False,ChEMBL,1,6.53,,,,IC50,HSF1,,,,,,False,False,HSF1,assay_reported,HSF1,1.0,1.0,Inhibition of 17AAG-induced HSF1-mediated HSP72 expression in human U2OS cells preincubated for 1 hr followed by 17AAG addition measured after overnight incubation by ArrayScan analysis,True,False,,31,5,2.56,,2.67,417.47300000000024,0,,c1ccc2c(c1)ncn2-c1cc(Nc2ccc(OCCN3CCOCC3)cn2)ncn1,REJHOMMDDHCCJU-UHFFFAOYSA-N,134133649.0,ChEMBL
326,51.0,CHEMBL560663,,CbGiG,EEF1A2,0.0545324491617697,0.1962803719628037,0.7704229577042295,1.0,1.0,1.0,False,False,False,ChEMBL,1,5.11,,,,EC50,HSF1,,,,,,False,False,HSF1,assay_reported,HSF1,2.0,1.0,Amplification of HSF1 transcriptional activity in human heat shock-induced HeLa cells assessed as granule formation treated 1 hr before heat shock challenge measured after 2 hrs without recovery time by immunocytochemical staining,True,False,,22,3,3.03,,0.03,301.31000000000006,0,,CCCCn1nc(-c2ncc[nH]2)nc2c(=O)n(C)c(=O)nc1-2,QLOFRZSKJFSZHA-UHFFFAOYSA-N,135965889.0,ChEMBL
327,18.0,CHEMBL3928361,,CbGiG,EEF1A2,0.0545324491617697,0.1942805719428057,0.7756224377562244,1.0,1.0,1.0,False,False,False,ChEMBL,1,7.24,,,,IC50,HSF1,,,,,,False,False,HSF1,assay_reported,HSF1,1.0,1.0,Inhibition of 17AAG-induced HSF1-mediated HSP72 expression in human U2OS cells preincubated for 1 hr followed by 17AAG addition measured after overnight incubation by ArrayScan analysis,True,False,,31,5,2.52,,3.82,415.50100000000026,0,,c1ccc2c(c1)ncn2-c1cc(Nc2ccc(OCCN3CCCCC3)cn2)ncn1,QLQYWGHSSLXLOS-UHFFFAOYSA-N,134140744.0,ChEMBL
328,22.0,CHEMBL3901185,,CbGiG,EEF1A2,0.0545324491617697,0.1921807819218078,0.7767223277672233,1.0,1.0,1.0,False,False,False,ChEMBL,1,6.7,,,,IC50,HSF1,,,,,,False,False,HSF1,assay_reported,HSF1,1.0,1.0,Inhibition of 17AAG-induced HSF1-mediated HSP72 expression in human U2OS cells preincubated for 1 hr followed by 17AAG addition measured after overnight incubation by ArrayScan analysis,True,False,,28,4,2.5,,3.45,373.46400000000006,0,,CN(C)CCCc1ccc(Nc2cc(-n3cnc4ccccc43)ncn2)nc1,NYPBFUANCHGSJU-UHFFFAOYSA-N,134133558.0,ChEMBL
329,14.0,CHEMBL3964729,,CbGiG,EEF1A2,0.0545324491617697,0.1950804919508049,0.7815218478152185,1.0,1.0,1.0,False,False,False,ChEMBL,1,7.41,,,,IC50,HSF1,,,,,,False,False,HSF1,assay_reported,HSF1,1.0,1.0,Inhibition of 17AAG-induced HSF1-mediated HSP72 expression in human U2OS cells preincubated for 1 hr followed by 17AAG addition measured after overnight incubation by ArrayScan analysis,True,False,,29,4,2.61,,3.2,389.4630000000001,0,,Cc1ccc2ncn(-c3cc(Nc4ccc(OCCN(C)C)cn4)ncn3)c2c1,HRGRQFYTVDLKEE-UHFFFAOYSA-N,134151279.0,ChEMBL
330,,CHEMBL2146125,magnesium,CsGiG,EEF1A1,0.1453739410148663,0.3758624137586241,0.8278172182781722,1.0,1.0,1.0,False,False,False,STITCH,10,,,,,,,862.0,862.0,0.0,239.0,EEF1A2|EEF1G|ETF1|PAPSS1|RPL18A|RPL3|RPL4|RPL7|RPS2|RPS3A,True,False,EEF1A2|EEF1G|ETF1|PAPSS1|RPL18A|RPL3|RPL4|RPL7|RPS2|RPS3A,stitch_only,,,,,False,False,inorganic (no carbon); contains metal/metalloid; acyclic; MW 24 < 250; 1 heavy atoms < 18,1,0,8.48,,,24.305,0,,[Mg+2],,,ChEMBL
331,,PUBCHEM:19420248,hydron;phosphate,CsGiG,EEF1A2,0.0298792710259047,0.5155484451554845,0.9568043195680432,1.0,1.0,1.0,False,False,False,STITCH,4,,,,,,,837.0,837.0,0.0,0.0,PAPSS1|RPL3|RPL4|RPL7,False,False,PAPSS1|RPL3|RPL4|RPL7,stitch_only,,,,,False,False,inorganic (no carbon); acyclic; MW 96 < 250; 5 heavy atoms < 18,5,0,5.55,,,95.978,0,,[H-].[O-]P(=O)([O-])[O-],,19420248.0,
332,,PUBCHEM:82127,potassium hydride,CsGiG,EEF1A1,0.0641924811075983,0.6744325567443256,0.9913008699130088,1.0,1.0,1.0,False,False,False,STITCH,5,,,,,,,800.0,800.0,0.0,0.0,PAPSS1|RPL3|RPL4|RPL7|RPS2,False,False,PAPSS1|RPL3|RPL4|RPL7|RPS2,stitch_only,,,,,False,False,inorganic (no carbon); contains metal/metalloid; acyclic; MW 40 < 250; 1 heavy atoms < 18,1,0,7.79,,,40.106,16,10X CHEM; A2B Chem; AA BLOCKS; AKos Consulting & Solutions; Ambinter,[H-].[K+],,82127.0,
333,,PUBCHEM:813,potassium,CsGiG,EEF1A1,0.0641924811075983,0.6727327267273273,0.9929007099290073,1.0,1.0,1.0,False,False,False,STITCH,5,,,,,,,800.0,800.0,0.0,323.0,PAPSS1|RPL3|RPL4|RPL7|RPS2,False,False,PAPSS1|RPL3|RPL4|RPL7|RPS2,stitch_only,,,,,False,False,inorganic (no carbon); contains metal/metalloid; acyclic; MW 39 < 250; 1 heavy atoms < 18,1,0,7.99,,,39.098,17,A2B Chem; AA BLOCKS; Alfa Chemistry; Ambinter; BOC Sciences,[K+],,813.0,
334,,CHEMBL526492,CHEMBL526492,CsGpPW,EEF1A1,0.0041205654189415,0.8878112188781122,0.993000699930007,1.0,1.0,1.0,False,False,False,STITCH,1,,,,,,,436.0,436.0,0.0,0.0,RPL7,False,False,RPL7,stitch_only,,,,,False,False,MW 2234 > 700,155,2,7.69,,,2233.6130000000003,0,,CC(C)C(C(=O)NCC(=O)NC(C(C)O)C(=O)NCC(=O)NC(CCSC)C(=O)NC(CCCCN)C(=O)NC(CCCCN)C(=O)NC(C(C)O)C(=O)NC(CO)C(=O)NC(CC1=CC=CC=C1)C(=O)NC(CCC(=O)N)C(=O)NC(CCCNC(=N)N)C(=O)NC(C)C(=O)NC(CCCCN)C(=O)NC(CO)C(=O)O)NC(=O)C(CS)NC(=O)C(CC(=O)N)NC(=O)C(CCCNC(=N)N)NC(=O)C(CC2=CC=CC=C2)NC(=O)C(CO)N,,,ChEMBL
335,,CHEMBL453962,AGN-PC-077M5A,CsGpPW,EEF1A1,0.0041205654189415,0.8816118388161184,0.9933006699330068,1.0,1.0,1.0,False,False,False,STITCH,1,,,,,,,409.0,409.0,0.0,0.0,RPL7,False,False,RPL7,stitch_only,,,,,False,False,MW 2175 > 700,152,2,7.39,,,2174.520000000001,0,,CC(C)C(C(=O)NCC(=O)NC(C(C)O)C(=O)NCC(=O)NC(CCSC)C(=O)NC(CCCCN)C(=O)NC(CCCCN)C(=O)NC(C(C)O)C(=O)NC(CO)C(=O)NC(CC1=CC=CC=C1)C(=O)NC(CCC(=O)N)C(=O)NC(CCCNC(=N)N)C(=O)NC(C)C(=O)NC(CCCCN)C(=O)NC(CO)C(=O)O)NC(=O)CNC(=O)C(C(C)O)NC(=O)C(CCCNC(=N)N)NC(=O)C(CC2=CC=CC=C2)NC(=O)C(CO)N,,,ChEMBL
335,,CHEMBL525809,CHEMBL526323,CsGpPW,EEF1A1,0.0041205654189415,0.8867113288671132,0.9933006699330068,1.0,1.0,1.0,False,False,False,STITCH,1,,,,,,,636.0,636.0,0.0,0.0,RPL7,False,False,RPL7,stitch_only,,,,,False,False,MW 2244 > 700,157,2,7.76,,,2243.627,0,,CC(C)CC(C(=O)NC(C(C)C)C(=O)NCC(=O)NC(C(C)O)C(=O)NCC(=O)NC(CCSC)C(=O)NC(CCCCN)C(=O)NC(CCCCN)C(=O)NC(C(C)O)C(=O)NC(CO)C(=O)NC(CC1=CC=CC=C1)C(=O)NC(CCC(=O)N)C(=O)NC(CCCNC(=N)N)C(=O)NC(C)C(=O)NC(CCCCN)C(=O)NC(CO)C(=O)O)NC(=O)C(CC(=O)N)NC(=O)C(CCCNC(=N)N)NC(=O)C(CC2=CC=CC=C2)NC(=O)C(CO)N,,,ChEMBL
337,,CHEMBL230333,Neuropeptide S,CsGpPW,EEF1A1,0.0041205654189415,0.8907109289071092,0.9937006299370064,1.0,1.0,1.0,False,False,False,STITCH,1,,,,,,,636.0,636.0,0.0,0.0,RPL7,False,False,RPL7,stitch_only,,,,,False,False,MW 2188 > 700,153,2,7.46,,,2187.5190000000007,0,,CC(C)C(C(=O)NCC(=O)NC(C(C)O)C(=O)NCC(=O)NC(CCSC)C(=O)NC(CCCCN)C(=O)NC(CCCCN)C(=O)NC(C(C)O)C(=O)NC(CO)C(=O)NC(CC1=CC=CC=C1)C(=O)NC(CCC(=O)N)C(=O)NC(CCCNC(=N)N)C(=O)NC(C)C(=O)NC(CCCCN)C(=O)NC(CO)C(=O)O)NC(=O)CNC(=O)C(CC(=O)N)NC(=O)C(CCCNC(=N)N)NC(=O)C(CC2=CC=CC=C2)NC(=O)C(CO)N,,,ChEMBL
337,,CHEMBL361497,artesunate,CsGpPW,EEF1A1,0.0041205654189415,0.8824117588241176,0.9937006299370064,1.0,1.0,1.0,False,False,False,STITCH,1,,,,,,,700.0,0.0,700.0,0.0,RPL7,False,False,RPL7,stitch_only,,,,,True,False,,27,5,5.67,,,384.4250000000001,0,,CC1CCC2C(C(OC3C24C1CCC(O3)(OO4)C)OC(=O)CCC(=O)O)C,,,ChEMBL
339,,CHEMBL524654,AGN-PC-077M51,CsGpPW,EEF1A1,0.0041205654189415,0.8889111088891111,0.9938006199380062,1.0,1.0,1.0,False,False,False,STITCH,1,,,,,,,490.0,490.0,0.0,0.0,RPL7,False,False,RPL7,stitch_only,,,,,False,False,MW 2216 > 700,155,2,7.71,,,2215.573,0,,CC(C)C(C(=O)NCC(=O)NC(C(C)O)C(=O)NCC(=O)NC(CCSC)C(=O)NC(CCCCN)C(=O)NC(CCCCN)C(=O)NC(C(C)O)C(=O)NC(CO)C(=O)NC(CC1=CC=CC=C1)C(=O)NC(CCC(=O)N)C(=O)NC(CCCNC(=N)N)C(=O)NC(C)C(=O)NC(CCCCN)C(=O)NC(CO)C(=O)O)NC(=O)CNC(=O)C(CC(=O)N)NC(=O)C(CCCNC(=N)N(C)C)NC(=O)C(CC2=CC=CC=C2)NC(=O)C(CO)N,,,ChEMBL
340,,CHEMBL2104870,puromycin,CsGpPW,EEF1A1,0.0042860536765984,0.8856114388561144,0.993900609939006,1.0,1.0,1.0,False,False,False,STITCH,1,,,,,,,800.0,0.0,800.0,0.0,RPL3,False,False,RPL3,stitch_only,,,,,True,False,,34,4,3.94,,,471.5180000000002,0,,CN(C)C1=NC=NC2=C1N=CN2C3C(C(C(O3)CO)NC(=O)C(CC4=CC=C(C=C4)OC)N)O,,,ChEMBL
340,,CHEMBL524693,AGN-PC-077M4Z,CsGpPW,EEF1A1,0.0041205654189415,0.8866113388661134,0.993900609939006,1.0,1.0,1.0,False,False,False,STITCH,1,,,,,,,550.0,550.0,0.0,0.0,RPL7,False,False,RPL7,stitch_only,,,,,False,False,MW 2202 > 700,154,2,7.53,,,2201.5460000000007,0,,CC(C)C(C(=O)NCC(=O)NC(C(C)O)C(=O)NCC(=O)NC(CCSC)C(=O)NC(CCCCN)C(=O)NC(CCCCN)C(=O)NC(C(C)O)C(=O)NC(CO)C(=O)NC(CC1=CC=CC=C1)C(=O)NC(CCC(=O)N)C(=O)NC(CCCNC(=N)N)C(=O)NC(C)C(=O)NC(CCCCN)C(=O)NC(CO)C(=O)O)NC(=O)CNC(=O)C(CC(=O)N)NC(=O)C(CCCCNC(=N)N)NC(=O)C(CC2=CC=CC=C2)NC(=O)C(CO)N,,,ChEMBL
340,,PUBCHEM:72332,NSC 141633,CsGpPW,EEF1A1,0.0042860536765984,0.8886111388861114,0.993900609939006,1.0,1.0,1.0,False,False,False,STITCH,1,,,,,,,800.0,0.0,800.0,0.0,RPL3,False,False,RPL3,stitch_only,,,,,True,False,,39,5,4.98,,,545.6290000000006,3,BenchChem; Clinivex; EvitaChem,CC(C)(CCCC(CC(=O)OC)(C(=O)OC1C2C3=CC4=C(C=C3CCN5C2(CCC5)C=C1OC)OCO4)O)O,,72332.0,
343,,CHEMBL423192,anisomycin,CsGpPW,EEF1A1,0.0042860536765984,0.8822117788221178,0.994100589941006,1.0,1.0,1.0,False,False,False,STITCH,1,,,,,,,800.0,0.0,800.0,145.0,RPL3,False,False,RPL3,stitch_only,,,,,True,False,,19,2,3.24,,,265.30899999999997,0,,CC(=O)OC1C(CNC1CC2=CC=C(C=C2)OC)O,,,ChEMBL
343,,CHEMBL505657,AGN-PC-04XN7E,CsGpPW,EEF1A1,0.0041205654189415,0.892010798920108,0.994100589941006,1.0,1.0,1.0,False,False,False,STITCH,1,,,,,,,440.0,440.0,0.0,0.0,RPL7,False,False,RPL7,stitch_only,,,,,False,False,MW 2230 > 700,156,2,7.66,,,2229.6,0,,CC(C)C(C(=O)NC(C(C)C)C(=O)NCC(=O)NC(C(C)O)C(=O)NCC(=O)NC(CCSC)C(=O)NC(CCCCN)C(=O)NC(CCCCN)C(=O)NC(C(C)O)C(=O)NC(CO)C(=O)NC(CC1=CC=CC=C1)C(=O)NC(CCC(=O)N)C(=O)NC(CCCNC(=N)N)C(=O)NC(C)C(=O)NC(CCCCN)C(=O)NC(CO)C(=O)O)NC(=O)C(CC(=O)N)NC(=O)C(CCCNC(=N)N)NC(=O)C(CC2=CC=CC=C2)NC(=O)C(CO)N,,,ChEMBL
345,,CHEMBL1367623,anisomycin,CsGpPW,EEF1A1,0.0042860536765984,0.8833116688331167,0.9943005699430058,1.0,1.0,1.0,False,False,False,STITCH,1,,,,,,,800.0,0.0,800.0,145.0,RPL3,False,False,RPL3,stitch_only,,,,,True,False,,19,2,3.24,,,265.30899999999997,0,,CC(=O)OC1C(CNC1CC2=CC=C(C=C2)OC)O,,,ChEMBL
346,,CHEMBL510338,AGN-PC-077M4T,CsGpPW,EEF1A1,0.0041205654189415,0.892010798920108,0.9944005599440056,1.0,1.0,1.0,False,False,False,STITCH,1,,,,,,,490.0,490.0,0.0,0.0,RPL7,False,False,RPL7,stitch_only,,,,,False,False,MW 2145 > 700,150,2,7.23,,,2145.478000000001,0,,CC(C)C(C(=O)NCC(=O)NC(C(C)O)C(=O)NCC(=O)NC(CCSC)C(=O)NC(CCCCN)C(=O)NC(CCCCN)C(=O)NC(C(C)O)C(=O)NC(CO)C(=O)NC(CC1=CC=CC=C1)C(=O)NC(CCC(=O)N)C(=O)NC(CCCNC(=N)N)C(=O)NC(C)C(=O)NC(CCCCN)C(=O)NC(CO)C(=O)O)NC(=O)CNC(=O)C(CC(=O)N)NC(=O)C(CCCN)NC(=O)C(CC2=CC=CC=C2)NC(=O)C(CO)N,,,ChEMBL
347,,CHEMBL1765705,AGN-PC-0A9QQ2,CsGpPW,EEF1A1,0.0041205654189415,0.8899110088991101,0.9946005399460054,1.0,1.0,1.0,False,False,False,STITCH,1,,,,,,,653.0,653.0,0.0,0.0,RPL7,False,False,RPL7,stitch_only,,,,,False,False,MW 2182 > 700,154,2,7.41,,,2182.482000000001,0,,CC(C)C(C(=O)NCC(=O)NC(CO)C(=O)NCC(=O)NC(C)C(=O)NC(CCCCN)C(=O)NC(CCCCN)C(=O)NC(C(C)O)C(=O)NC(CO)C(=O)NC(CC1=CC=CC=C1)C(=O)NC(CCCNC(=N)N)C(=O)NC(CCCNC(=N)N)C(=O)NC(C)C(=O)NC(CCCCN)C(=O)NC(CCC(=O)N)C(=O)O)NC(=O)CNC(=O)C(CC(=O)N)NC(=O)C(CCCNC(=N)N)NC(=O)C(CC2=CC=CC=C2)NC(=O)C(CO)N,,,ChEMBL
347,,CHEMBL507881,CHEMBL507881,CsGpPW,EEF1A1,0.0041205654189415,0.8962103789621038,0.9946005399460054,1.0,1.0,1.0,False,False,False,STITCH,1,,,,,,,421.0,421.0,0.0,0.0,RPL7,False,False,RPL7,stitch_only,,,,,False,False,MW 2262 > 700,157,2,7.74,,,2261.667,0,,CC(C)C(C(=O)NCC(=O)NC(C(C)O)C(=O)NCC(=O)NC(CCSC)C(=O)NC(CCCCN)C(=O)NC(CCCCN)C(=O)NC(C(C)O)C(=O)NC(CO)C(=O)NC(CC1=CC=CC=C1)C(=O)NC(CCC(=O)N)C(=O)NC(CCCNC(=N)N)C(=O)NC(C)C(=O)NC(CCCCN)C(=O)NC(CO)C(=O)O)NC(=O)C(CCSC)NC(=O)C(CC(=O)N)NC(=O)C(CCCNC(=N)N)NC(=O)C(CC2=CC=CC=C2)NC(=O)C(CO)N,,,ChEMBL
349,,CHEMBL448242,AGN-PC-077M52,CsGpPW,EEF1A1,0.0041205654189415,0.885011498850115,0.9947005299470052,1.0,1.0,1.0,False,False,False,STITCH,1,,,,,,,515.0,515.0,0.0,0.0,RPL7,False,False,RPL7,stitch_only,,,,,False,False,MW 2233 > 700,156,2,7.82,,,2232.5160000000005,0,,CC(C)C(C(=O)NCC(=O)NC(C(C)O)C(=O)NCC(=O)NC(CCSC)C(=O)NC(CCCCN)C(=O)NC(CCCCN)C(=O)NC(C(C)O)C(=O)NC(CO)C(=O)NC(CC1=CC=CC=C1)C(=O)NC(CCC(=O)N)C(=O)NC(CCCNC(=N)N)C(=O)NC(C)C(=O)NC(CCCCN)C(=O)NC(CO)C(=O)O)NC(=O)CNC(=O)C(CC(=O)N)NC(=O)C(CCCNC(=N[N+](=O)[O-])N)NC(=O)C(CC2=CC=CC=C2)NC(=O)C(CO)N,,,ChEMBL
349,,CHEMBL526551,AGN-PC-077M4Q,CsGpPW,EEF1A1,0.0041205654189415,0.8877112288771123,0.9947005299470052,1.0,1.0,1.0,False,False,False,STITCH,1,,,,,,,528.0,528.0,0.0,0.0,RPL7,False,False,RPL7,stitch_only,,,,,False,False,MW 2160 > 700,151,2,7.28,,,2159.505000000001,0,,CC(C)C(C(=O)NCC(=O)NC(C(C)O)C(=O)NCC(=O)NC(CCSC)C(=O)NC(CCCCN)C(=O)NC(CCCCN)C(=O)NC(C(C)O)C(=O)NC(CO)C(=O)NC(CC1=CC=CC=C1)C(=O)NC(CCC(=O)N)C(=O)NC(CCCNC(=N)N)C(=O)NC(C)C(=O)NC(CCCCN)C(=O)NC(CO)C(=O)O)NC(=O)CNC(=O)C(CC(=O)N)NC(=O)C(CCCCN)NC(=O)C(CC2=CC=CC=C2)NC(=O)C(CO)N,,,ChEMBL
351,,CHEMBL144149,artesunate,CsGpPW,EEF1A1,0.0041205654189415,0.8899110088991101,0.9948005199480052,1.0,1.0,1.0,False,False,False,STITCH,1,,,,,,,700.0,0.0,700.0,0.0,RPL7,False,False,RPL7,stitch_only,,,,,True,False,,27,5,5.67,,,384.4250000000001,0,,CC1CCC2C(C(OC3C24C1CCC(O3)(OO4)C)OC(=O)CCC(=O)O)C,,,ChEMBL
351,,CHEMBL525031,AGN-PC-077M54,CsGpPW,EEF1A1,0.0041205654189415,0.895010498950105,0.9948005199480052,1.0,1.0,1.0,False,False,False,STITCH,1,,,,,,,422.0,422.0,0.0,0.0,RPL7,False,False,RPL7,stitch_only,,,,,False,False,MW 2256 > 700,157,2,7.76,,,2255.5119999999997,0,,CC(C)C(C(=O)NCC(=O)NC(C(C)O)C(=O)NCC(=O)NC(CCSC)C(=O)NC(CCCCN)C(=O)NC(CCCCN)C(=O)NC(C(C)O)C(=O)NC(CO)C(=O)NC(CC1=CC=CC=C1)C(=O)NC(CCC(=O)N)C(=O)NC(CCCNC(=N)N)C(=O)NC(C)C(=O)NC(CCCCN)C(=O)NC(CO)C(=O)O)NC(=O)CNC(=O)C(CC(=O)N)NC(=O)C(CCCCNC(=O)C(F)(F)F)NC(=O)C(CC2=CC=CC=C2)NC(=O)C(CO)N,,,ChEMBL
353,,CHEMBL524688,AGN-PC-077M50,CsGpPW,EEF1A1,0.0041205654189415,0.8866113388661134,0.995000499950005,1.0,1.0,1.0,False,False,False,STITCH,1,,,,,,,514.0,514.0,0.0,0.0,RPL7,False,False,RPL7,stitch_only,,,,,False,False,MW 2216 > 700,155,2,7.73,,,2215.573,0,,CC(C)C(C(=O)NCC(=O)NC(C(C)O)C(=O)NCC(=O)NC(CCSC)C(=O)NC(CCCCN)C(=O)NC(CCCCN)C(=O)NC(C(C)O)C(=O)NC(CO)C(=O)NC(CC1=CC=CC=C1)C(=O)NC(CCC(=O)N)C(=O)NC(CCCNC(=N)N)C(=O)NC(C)C(=O)NC(CCCCN)C(=O)NC(CO)C(=O)O)NC(=O)CNC(=O)C(CC(=O)N)NC(=O)C(CCCNC(=NC)NC)NC(=O)C(CC2=CC=CC=C2)NC(=O)C(CO)N,,,ChEMBL
354,,CHEMBL175858,homoharringtonine,CsGiG,EEF1A1,0.0196141192432033,0.8833116688331167,0.9955004499550044,1.0,1.0,1.0,False,False,False,STITCH,1,,,,,,,800.0,0.0,800.0,0.0,RPL3,False,False,RPL3,stitch_only,,,,,True,False,,39,5,4.98,,,545.6290000000006,0,,CC(C)(CCCC(CC(=O)OC)(C(=O)OC1C2C3=CC4=C(C=C3CCN5C2(CCC5)C=C1OC)OCO4)O)O,,,ChEMBL
354,,CHEMBL526355,AGN-PC-04XN7B,CsGpPW,EEF1A1,0.0041205654189415,0.8866113388661134,0.9955004499550044,1.0,1.0,1.0,False,False,False,STITCH,1,,,,,,,546.0,546.0,0.0,0.0,RPL7,False,False,RPL7,stitch_only,,,,,False,False,MW 2234 > 700,155,2,7.69,,,2233.6130000000003,0,,CC(C)C(C(=O)NCC(=O)NC(C(C)O)C(=O)NCC(=O)NC(CCSC)C(=O)NC(CCCCN)C(=O)NC(CCCCN)C(=O)NC(C(C)O)C(=O)NC(CO)C(=O)NC(CC1=CC=CC=C1)C(=O)NC(CCC(=O)N)C(=O)NC(CCCNC(=N)N)C(=O)NC(C)C(=O)NC(CCCCN)C(=O)NC(CO)C(=O)O)NC(=O)C(CS)NC(=O)C(CC(=O)N)NC(=O)C(CCCNC(=N)N)NC(=O)C(CC2=CC=CC=C2)NC(=O)C(CO)N,,,ChEMBL
356,,CHEMBL1206239,Poly(dA,CsGiG,EEF1A1,0.0376083135791582,0.9217078292170784,0.9993000699930008,1.0,1.0,1.0,False,False,False,STITCH,3,,,,,,,644.0,644.0,0.0,102.0,RPL3|RPL4|RPL7,False,False,RPL3|RPL4|RPL7,stitch_only,,,,,True,True,,22,3,3.73,,,331.225,0,,C1C(C(OC1N2C=NC3=C2N=CN=C3N)COP(=O)(O)O)O,,,ChEMBL
356,,PUBCHEM:49867307,3-Hydroxy-2-Iminopropanoic Acid,CsGiG,EEF1A1,0.0376083135791582,0.9237076292370764,0.9993000699930008,1.0,1.0,1.0,False,False,False,STITCH,3,,,,,,,644.0,644.0,0.0,0.0,RPL3|RPL4|RPL7,False,False,RPL3|RPL4|RPL7,stitch_only,,,,,False,False,acyclic; MW 103 < 250; 7 heavy atoms < 18,7,0,3.36,,,103.07699999999997,0,,C(C(=N)C(=O)O)O,,49867307.0,
358,,PUBCHEM:44199360,N(6)-dimethyl-AMP,CsGiG,EEF1A1,0.0376083135791582,0.9236076392360764,0.9994000599940006,1.0,1.0,1.0,False,False,False,STITCH,3,,,,,,,644.0,644.0,0.0,0.0,RPL3|RPL4|RPL7,False,False,RPL3|RPL4|RPL7,stitch_only,,,,,True,True,,25,3,4.35,,,374.27000000000004,0,,CN(C)C1=NC=NC2=C1N=CN2C3C(C(C(O3)COP(=O)(O)[O-])O)O,,44199360.0,
358,,PUBCHEM:4469586,N(2)-methyl-GMP,CsGiG,EEF1A1,0.0454272568036184,0.9175082491750824,0.9994000599940006,1.0,1.0,1.0,False,False,False,STITCH,4,,,,,,,644.0,644.0,0.0,0.0,RPL3|RPL4|RPL7|RPS2,False,False,RPL3|RPL4|RPL7|RPS2,stitch_only,,,,,True,True,,25,3,4.08,,,377.25000000000006,0,,CNC1=NC(=O)C2=C(N1)N(C=N2)C3C(C(C(O3)COP(=O)(O)O)O)O,,4469586.0,
358,,PUBCHEM:49867759,AGN-PC-088Y64,CsGiG,EEF1A1,0.0376083135791582,0.9227077292270772,0.9994000599940006,1.0,1.0,1.0,False,False,False,STITCH,3,,,,,,,644.0,644.0,0.0,0.0,RPL3|RPL4|RPL7,False,False,RPL3|RPL4|RPL7,stitch_only,,,,,False,False,acyclic; MW 163 < 250; 11 heavy atoms < 18,11,0,3.95,,,163.17299999999997,0,,CC(C(C)(C(C(=O)O)N)O)O,,49867759.0,
358,,PUBCHEM:52911283,A845205,CsGiG,EEF1A1,0.0376083135791582,0.9215078492150784,0.9994000599940006,1.0,1.0,1.0,False,False,False,STITCH,3,,,,,,,644.0,644.0,0.0,0.0,RPL3|RPL4|RPL7,False,False,RPL3|RPL4|RPL7,stitch_only,,,,,False,False,MW 228 < 250; 16 heavy atoms < 18,16,2,4.51,,,228.22799999999998,0,,C1C(C(OC1[N+]2=CC=C(NC2=O)N)CO)O,,52911283.0,
362,,CHEMBL101960,sparsomycin,CsGiG,EEF1A1,0.0376083135791582,0.924907509249075,0.9995000499950004,1.0,1.0,1.0,False,False,False,STITCH,3,,,,,,,644.0,644.0,0.0,180.0,RPL3|RPL4|RPL7,False,False,RPL3|RPL4|RPL7,stitch_only,,,,,True,False,,23,1,4.13,,,361.4450000000001,0,,CC1=C(C(=O)NC(=O)N1)C=CC(=O)NC(CO)CS(=O)CSC,,,ChEMBL
362,,CHEMBL1234265,N-Me-Phe,CsGiG,EEF1A1,0.0376083135791582,0.9218078192180782,0.9995000499950004,1.0,1.0,1.0,False,False,False,STITCH,3,,,,,,,644.0,644.0,0.0,0.0,RPL3|RPL4|RPL7,False,False,RPL3|RPL4|RPL7,stitch_only,,,,,False,False,MW 179 < 250; 13 heavy atoms < 18,13,1,1.99,,,179.21899999999997,0,,CNC(CC1=CC=CC=C1)C(=O)O,,,ChEMBL
362,,CHEMBL2338711,AGN-PC-0J2N9S,CsGiG,EEF1A1,0.0376083135791582,0.9256074392560744,0.9995000499950004,1.0,1.0,1.0,False,False,False,STITCH,3,,,,,,,644.0,644.0,0.0,0.0,RPL3|RPL4|RPL7,False,False,RPL3|RPL4|RPL7,stitch_only,,,,,False,False,MW 789 > 700,56,5,6.06,,,788.98,0,,CCC1C2(C(C(C(=O)C(CC(C(C(C(C(C(=O)O1)C)OC(=O)N3CCCC3C4=CN=CC=C4)C)OC5C(C(CC(O5)C)N(C)C)O)(C)OC)C)C)NC(=O)O2)C,,,ChEMBL
362,,CHEMBL301523,phenylalanine,CsGiG,EEF1A1,0.0376083135791582,0.9206079392060794,0.9995000499950004,1.0,1.0,1.0,False,False,False,STITCH,3,,,,,,,644.0,644.0,0.0,101.0,RPL3|RPL4|RPL7,False,False,RPL3|RPL4|RPL7,stitch_only,,,,,False,False,MW 165 < 250; 12 heavy atoms < 18,12,1,1.88,,,165.19199999999998,0,,C1=CC=C(C=C1)CC(C(=O)O)N,,,ChEMBL
362,,CHEMBL857,anti-biotin,CsGiG,EEF1A1,0.0376083135791582,0.927007299270073,0.9995000499950004,1.0,1.0,1.0,False,False,False,STITCH,3,,,,,,,644.0,644.0,0.0,0.0,RPL3|RPL4|RPL7,False,False,RPL3|RPL4|RPL7,stitch_only,,,,,False,False,MW 244 < 250; 16 heavy atoms < 18,16,2,3.64,,,244.316,0,,C1C2C(C(S1)CCCCC(=O)O)NC(=O)N2,,,ChEMBL
362,,PUBCHEM:18596452,CTK0J9100,CsGiG,EEF1A1,0.0376083135791582,0.9222077792220778,0.9995000499950004,1.0,1.0,1.0,False,False,False,STITCH,3,,,,,,,644.0,644.0,0.0,0.0,RPL3|RPL4|RPL7,False,False,RPL3|RPL4|RPL7,stitch_only,,,,,True,True,,25,3,3.99,,,377.25000000000006,5,001Chemical; BLD Pharm; CymitQuimica; RR Scientific; Starshine Chemical,CN1C(=O)C2=C(N=C1N)N(C=N2)C3C(C(C(O3)COP(=O)(O)O)O)O,,18596452.0,
368,,CHEMBL1171272,girolline,CsGiG,EEF1A1,0.0376083135791582,0.924007599240076,0.9996000399960004,1.0,1.0,1.0,False,False,False,STITCH,3,,,,,,,644.0,644.0,0.0,0.0,RPL3|RPL4|RPL7,False,False,RPL3|RPL4|RPL7,stitch_only,,,,,False,False,MW 191 < 250; 12 heavy atoms < 18,12,1,4.21,,,190.634,0,,C1=C(NC(=N1)N)C(C(CN)Cl)O,,,ChEMBL
368,,CHEMBL1200937,dalfopristin,CsGiG,EEF1A1,0.0376083135791582,0.923907609239076,0.9996000399960004,1.0,1.0,1.0,False,False,False,STITCH,3,,,,,,,644.0,644.0,0.0,0.0,RPL3|RPL4|RPL7,False,False,RPL3|RPL4|RPL7,stitch_only,,,,,True,False,,48,3,6.37,,,690.8600000000001,0,,CCN(CC)CCS(=O)(=O)C1CCN2C1C(=O)OC(C(C=CC(=O)NCC=CC(=CC(CC(=O)CC3=NC(=CO3)C2=O)O)C)C)C(C)C,,,ChEMBL
368,,CHEMBL1330459,puromycin,CsGiG,EEF1A1,0.0376083135791582,0.9256074392560744,0.9996000399960004,1.0,1.0,1.0,False,False,False,STITCH,3,,,,,,,924.0,644.0,800.0,0.0,RPL3|RPL4|RPL7,False,False,RPL3|RPL4|RPL7,stitch_only,,,,,True,False,,34,4,3.94,,,471.5180000000002,0,,CN(C)C1=NC=NC2=C1N=CN2C3C(C(C(O3)CO)NC(=O)C(CC4=CC=C(C=C4)OC)N)O,,,ChEMBL
368,,CHEMBL171281,D-Cys,CsGiG,EEF1A1,0.0376083135791582,0.9213078692130788,0.9996000399960004,1.0,1.0,1.0,False,False,False,STITCH,3,,,,,,,644.0,644.0,0.0,0.0,RPL3|RPL4|RPL7,False,False,RPL3|RPL4|RPL7,stitch_only,,,,,False,False,acyclic; MW 121 < 250; 7 heavy atoms < 18,7,0,2.98,,,121.16099999999999,0,,C(C(C(=O)O)N)S,,,ChEMBL
368,,CHEMBL2311177,5-methylcytidylic acid,CsGiG,EEF1A1,0.0454272568036184,0.9192080791920808,0.9996000399960004,1.0,1.0,1.0,False,False,False,STITCH,4,,,,,,,644.0,644.0,0.0,0.0,RPL3|RPL4|RPL7|RPS2,False,False,RPL3|RPL4|RPL7|RPS2,stitch_only,,,,,True,True,,22,2,3.88,,,337.225,0,,CC1=CN(C(=O)N=C1N)C2C(C(C(O2)COP(=O)(O)O)O)O,,,ChEMBL
368,,PUBCHEM:444718,L-3-phenyllactic acid,CsGiG,EEF1A1,0.0376083135791582,0.9287071292870712,0.9996000399960004,1.0,1.0,1.0,False,False,False,STITCH,3,,,,,,,924.0,644.0,800.0,0.0,RPL3|RPL4|RPL7,False,False,RPL3|RPL4|RPL7,stitch_only,,,,,False,False,MW 166 < 250; 12 heavy atoms < 18,12,1,2.06,,,166.176,69,001Chemical; 10X CHEM; A2B Chem; AA BLOCKS; AKos Consulting & Solutions,C1=CC=C(C=C1)CC(C(=O)O)O,,444718.0,
368,,PUBCHEM:4626828,cmp-5,CsGiG,EEF1A1,0.0376083135791582,0.9212078792120788,0.9996000399960004,1.0,1.0,1.0,False,False,False,STITCH,3,,,,,,,644.0,644.0,0.0,0.0,RPL3|RPL4|RPL7,False,False,RPL3|RPL4|RPL7,stitch_only,,,,,True,True,,21,2,4.59,,,324.20599999999996,0,,C1=C(NC(=O)[N+](=C1)C2C(C(C(O2)COP(=O)(O)O)O)O)N,,4626828.0,
368,,PUBCHEM:83606,strontium hydride,CsGiG,EEF1A1,0.0376083135791582,0.9226077392260774,0.9996000399960004,1.0,1.0,1.0,False,False,False,STITCH,3,,,,,,,644.0,644.0,0.0,0.0,RPL3|RPL4|RPL7,False,False,RPL3|RPL4|RPL7,stitch_only,,,,,False,False,inorganic (no carbon); contains metal/metalloid; acyclic; MW 90 < 250; 1 heavy atoms < 18,1,0,8.31,,,89.63600000000001,10,Accel Scientific; Angene Chemical; BenchChem; CATO Research Chemicals Inc.; CymitQuimica,[H-].[H-].[Sr+2],,83606.0,
376,,CHEMBL1230782,alpha-aminobutyric acid,CsGiG,EEF1A1,0.0376083135791582,0.9235076492350764,0.9997000299970004,1.0,1.0,1.0,False,False,False,STITCH,3,,,,,,,644.0,644.0,0.0,0.0,RPL3|RPL4|RPL7,False,False,RPL3|RPL4|RPL7,stitch_only,,,,,False,False,acyclic; MW 103 < 250; 7 heavy atoms < 18,7,0,2.66,,,103.121,0,,CCC(C(=O)O)N,,,ChEMBL
376,,CHEMBL1234326,3-hydroxypicolinic acid,CsGiG,EEF1A1,0.0376083135791582,0.9274072592740726,0.9997000299970004,1.0,1.0,1.0,False,False,False,STITCH,3,,,,,,,644.0,644.0,0.0,0.0,RPL3|RPL4|RPL7,False,False,RPL3|RPL4|RPL7,stitch_only,,,,,False,False,MW 139 < 250; 10 heavy atoms < 18,10,1,2.02,,,139.10999999999999,0,,C1=CC(=C(N=C1)C(=O)O)O,,,ChEMBL
376,,CHEMBL1255799,spiramycin,CsGiG,EEF1A1,0.0376083135791582,0.9274072592740726,0.9997000299970004,1.0,1.0,1.0,False,False,False,STITCH,3,,,,,,,644.0,644.0,0.0,100.0,RPL3|RPL4|RPL7,False,False,RPL3|RPL4|RPL7,stitch_only,,,,,False,False,MW 843 > 700,59,4,6.71,,,843.0649999999999,0,,CC1CC=CC=CC(C(CC(C(C(C(CC(=O)O1)O)OC)OC2C(C(C(C(O2)C)OC3CC(C(C(O3)C)O)(C)O)N(C)C)O)CC=O)C)OC4CCC(C(O4)C)N(C)C,,,ChEMBL
376,,CHEMBL1356971,deoxycytidine,CsGiG,EEF1A1,0.0376083135791582,0.9205079492050796,0.9997000299970004,1.0,1.0,1.0,False,False,False,STITCH,3,,,,,,,644.0,644.0,0.0,0.0,RPL3|RPL4|RPL7,False,False,RPL3|RPL4|RPL7,stitch_only,,,,,False,False,MW 227 < 250; 16 heavy atoms < 18,16,2,3.51,,,227.21999999999997,0,,C1C(C(OC1N2C=CC(=NC2=O)N)CO)O,,,ChEMBL
376,,CHEMBL2106034,strontium,CsGiG,EEF1A1,0.0376083135791582,0.9233076692330768,0.9997000299970004,1.0,1.0,1.0,False,False,False,STITCH,3,,,,,,,644.0,644.0,0.0,0.0,RPL3|RPL4|RPL7,False,False,RPL3|RPL4|RPL7,stitch_only,,,,,False,False,inorganic (no carbon); contains metal/metalloid; acyclic; MW 90 < 250; 1 heavy atoms < 18,1,0,8.31,,,89.63600000000001,0,,[H-].[H-].[Sr+2],,,ChEMBL
376,,CHEMBL2114026,mycalamide A,CsGiG,EEF1A1,0.0376083135791582,0.9233076692330768,0.9997000299970004,1.0,1.0,1.0,False,False,False,STITCH,3,,,,,,,644.0,644.0,0.0,0.0,RPL3|RPL4|RPL7,False,False,RPL3|RPL4|RPL7,stitch_only,,,,,True,False,,35,3,5.51,,,503.5890000000004,0,,CC1C(OC(CC1=C)(C(C(=O)NC2C3C(C(C(C(O3)CC(CO)O)(C)C)OC)OCO2)O)OC)C,,,ChEMBL
376,,CHEMBL390183,13-deoxytedanolide,CsGiG,EEF1A1,0.0376083135791582,0.9264073592640736,0.9997000299970004,1.0,1.0,1.0,False,False,False,STITCH,3,,,,,,,644.0,644.0,0.0,128.0,RPL3|RPL4|RPL7,False,False,RPL3|RPL4|RPL7,stitch_only,,,,,True,False,,42,2,6.24,,,594.7420000000004,0,,CC=CC(C)C1C(O1)(C)C(C2COC(=O)C(C(C(C(=O)C(C(C(=CC(C(=O)CCC(C2=O)C)C)C)O)C)C)OC)O)O,,,ChEMBL
376,,PUBCHEM:16040283,13T,CsGiG,EEF1A1,0.0376083135791582,0.922007799220078,0.9997000299970004,1.0,1.0,1.0,False,False,False,STITCH,3,,,,,,,644.0,644.0,0.0,128.0,RPL3|RPL4|RPL7,False,False,RPL3|RPL4|RPL7,stitch_only,,,,,True,False,,42,2,6.24,,,594.7420000000004,2,BenchChem; RR Scientific,CC=CC(C)C1C(O1)(C)C(C2COC(=O)C(C(C(C(=O)C(C(C(=CC(C(=O)CCC(C2=O)C)C)C)O)C)C)OC)O)O,,16040283.0,
376,,PUBCHEM:3080744,poly(rCm,CsGiG,EEF1A1,0.0454272568036184,0.9164083591640836,0.9997000299970004,1.0,1.0,1.0,False,False,False,STITCH,4,,,,,,,644.0,644.0,0.0,0.0,RPL3|RPL4|RPL7|RPS2,False,False,RPL3|RPL4|RPL7|RPS2,stitch_only,,,,,True,True,,22,2,3.92,,,337.225,9,Alfa Chemistry; BOC Sciences; BenchChem; Biosynth; ChemoSapiens,COC1C(C(OC1N2C=CC(=NC2=O)N)COP(=O)(O)O)O,,3080744.0,
376,,PUBCHEM:49822695,cmp-5,CsGiG,EEF1A1,0.0376083135791582,0.9255074492550744,0.9997000299970004,1.0,1.0,1.0,False,False,False,STITCH,3,,,,,,,644.0,644.0,0.0,0.0,RPL3|RPL4|RPL7,False,False,RPL3|RPL4|RPL7,stitch_only,,,,,True,True,,21,2,4.59,,,324.20599999999996,0,,C1=C(NC(=O)[N+](=C1)C2C(C(C(O2)COP(=O)(O)O)O)O)N,,49822695.0,
376,,PUBCHEM:49867309,AGN-PC-088Y54,CsGiG,EEF1A1,0.0376083135791582,0.9271072892710728,0.9997000299970004,1.0,1.0,1.0,False,False,False,STITCH,3,,,,,,,644.0,644.0,0.0,0.0,RPL3|RPL4|RPL7,False,False,RPL3|RPL4|RPL7,stitch_only,,,,,False,False,MW 222 < 250; 16 heavy atoms < 18,16,1,2.3,,,222.28799999999998,0,,CNC(CC1=CC=C(C=C1)N(C)C)C(=O)O,,49867309.0,
376,,PUBCHEM:5289231,AC1NRCWU,CsGiG,EEF1A1,0.0376083135791582,0.922007799220078,0.9997000299970004,1.0,1.0,1.0,False,False,False,STITCH,3,,,,,,,644.0,644.0,0.0,0.0,RPL3|RPL4|RPL7,False,False,RPL3|RPL4|RPL7,stitch_only,,,,,True,False,,34,4,4.45,,,472.52600000000024,0,,CN(C)C1=NC=NC2=C1NC=[N+]2C3C(C(C(O3)CO)NC(=O)C(CC4=CC=C(C=C4)OC)N)O,,5289231.0,
376,,PUBCHEM:52941584,CHEBI:74731,CsGiG,EEF1A1,0.0376083135791582,0.9232076792320768,0.9997000299970004,1.0,1.0,1.0,False,False,False,STITCH,3,,,,,,,644.0,644.0,0.0,0.0,RPL3|RPL4|RPL7,False,False,RPL3|RPL4|RPL7,stitch_only,,,,,True,True,,22,2,4.1,,,338.209,0,,CN1C(=O)C(=CNC1=O)C2C(C(C(O2)COP(=O)(O)O)O)O,,52941584.0,
376,,PUBCHEM:6449989,dehydrobutyrine,CsGiG,EEF1A1,0.0376083135791582,0.923907609239076,0.9997000299970004,1.0,1.0,1.0,False,False,False,STITCH,3,,,,,,,644.0,644.0,0.0,0.0,RPL3|RPL4|RPL7,False,False,RPL3|RPL4|RPL7,stitch_only,,,,,False,False,acyclic; MW 101 < 250; 7 heavy atoms < 18,7,0,3.25,,,101.10499999999999,8,"BLD Pharm; BLD Pharm; CATO Research Chemicals Inc.; J&H Chemical Co.,ltd; J&H Chemical Co.,ltd",CC=C(C(=O)O)N,,6449989.0,
390,,CHEMBL1046,EACA,CsGiG,EEF1A1,0.0376083135791582,0.9232076792320768,0.9998000199980002,1.0,1.0,1.0,False,False,False,STITCH,3,,,,,,,644.0,644.0,0.0,0.0,RPL3|RPL4|RPL7,False,False,RPL3|RPL4|RPL7,stitch_only,,,,,False,False,acyclic; MW 131 < 250; 9 heavy atoms < 18,9,0,1.73,,,131.17499999999998,0,,C(CCC(=O)O)CCN,,,ChEMBL
390,,CHEMBL105720,D05905,CsGiG,EEF1A1,0.0376083135791582,0.9238076192380762,0.9998000199980002,1.0,1.0,1.0,False,False,False,STITCH,3,,,,,,,644.0,644.0,0.0,0.0,RPL3|RPL4|RPL7,False,False,RPL3|RPL4|RPL7,stitch_only,,,,,True,False,,23,1,4.13,,,361.4450000000001,0,,CC1=C(C(=O)NC(=O)N1)C=CC(=O)NC(CO)CS(=O)CSC,,,ChEMBL
390,,CHEMBL1136,telithromycin,CsGiG,EEF1A1,0.0376083135791582,0.9207079292070792,0.9998000199980002,1.0,1.0,1.0,False,False,False,STITCH,3,,,,,,,644.0,644.0,0.0,179.0,RPL3|RPL4|RPL7,False,False,RPL3|RPL4|RPL7,stitch_only,,,,,False,False,MW 812 > 700,58,5,6.04,,,812.0179999999997,0,,CCC1C2(C(C(C(=O)C(CC(C(C(C(=O)C(C(=O)O1)C)C)OC3C(C(CC(O3)C)N(C)C)O)(C)OC)C)C)N(C(=O)O2)CCCCN4C=C(N=C4)C5=CN=CC=C5)C,,,ChEMBL
390,,CHEMBL1200559,lactate,CsGiG,EEF1A1,0.0376083135791582,0.9257074292570744,0.9998000199980002,1.0,1.0,1.0,False,False,False,STITCH,3,,,,,,,644.0,644.0,0.0,0.0,RPL3|RPL4|RPL7,False,False,RPL3|RPL4|RPL7,stitch_only,,,,,False,False,acyclic; MW 90 < 250; 6 heavy atoms < 18,6,0,2.33,,,90.07799999999999,0,,CC(C(=O)O)O,,,ChEMBL
390,,CHEMBL126,linezolid,CsGiG,EEF1A1,0.0376083135791582,0.9213078692130788,0.9998000199980002,1.0,1.0,1.0,False,False,False,STITCH,3,,,,,,,644.0,644.0,0.0,221.0,RPL3|RPL4|RPL7,False,False,RPL3|RPL4|RPL7,stitch_only,,,,,True,False,,24,3,2.76,,,337.35100000000017,0,,CC(=O)NCC1CN(C(=O)O1)C2=CC(=C(C=C2)N3CCOCC3)F,,,ChEMBL
390,,CHEMBL1315356,anti-biotin,CsGiG,EEF1A1,0.0376083135791582,0.9251074892510748,0.9998000199980002,1.0,1.0,1.0,False,False,False,STITCH,3,,,,,,,644.0,644.0,0.0,0.0,RPL3|RPL4|RPL7,False,False,RPL3|RPL4|RPL7,stitch_only,,,,,False,False,MW 244 < 250; 16 heavy atoms < 18,16,2,3.64,,,244.316,0,,C1C2C(C(S1)CCCCC(=O)O)NC(=O)N2,,,ChEMBL
390,,CHEMBL136061,phosphonoacetic acid (PAA,CsGiG,EEF1A1,0.0376083135791582,0.924107589241076,0.9998000199980002,1.0,1.0,1.0,False,False,False,STITCH,3,,,,,,,644.0,644.0,0.0,0.0,RPL3|RPL4|RPL7,False,False,RPL3|RPL4|RPL7,stitch_only,,,,,False,False,acyclic; MW 140 < 250; 8 heavy atoms < 18,8,0,2.97,,,140.031,0,,C(C(=O)O)P(=O)(O)O,,,ChEMBL
390,,CHEMBL1778420,3-phenyllactic acid,CsGiG,EEF1A1,0.0376083135791582,0.9237076292370764,0.9998000199980002,1.0,1.0,1.0,False,False,False,STITCH,3,,,,,,,924.0,644.0,800.0,0.0,RPL3|RPL4|RPL7,False,False,RPL3|RPL4|RPL7,stitch_only,,,,,False,False,MW 166 < 250; 12 heavy atoms < 18,12,1,2.06,,,166.176,0,,C1=CC=C(C=C1)CC(C(=O)O)O,,,ChEMBL
390,,CHEMBL197110,gamma-hydroxyglutamic acid,CsGiG,EEF1A1,0.0376083135791582,0.927907209279072,0.9998000199980002,1.0,1.0,1.0,False,False,False,STITCH,3,,,,,,,644.0,644.0,0.0,0.0,RPL3|RPL4|RPL7,False,False,RPL3|RPL4|RPL7,stitch_only,,,,,False,False,acyclic; MW 163 < 250; 11 heavy atoms < 18,11,0,3.19,,,163.129,0,,C(C(C(=O)O)N)C(C(=O)O)O,,,ChEMBL
390,,CHEMBL2338710,AGN-PC-0J2N9U,CsGiG,EEF1A1,0.0376083135791582,0.9248075192480752,0.9998000199980002,1.0,1.0,1.0,False,False,False,STITCH,3,,,,,,,644.0,644.0,0.0,0.0,RPL3|RPL4|RPL7,False,False,RPL3|RPL4|RPL7,stitch_only,,,,,False,False,MW 817 > 700,58,5,6.28,,,817.0340000000001,0,,CCC1C2(C(C(C(=O)C(CC(C(C(C(C(C(=O)O1)C)OC(=O)N3CC(CC3C4=CN=CC=C4)(C)C)C)OC5C(C(CC(O5)C)N(C)C)O)(C)OC)C)C)NC(=O)O2)C,,,ChEMBL
390,,CHEMBL330546,PLLA,CsGiG,EEF1A1,0.0376083135791582,0.9235076492350764,0.9998000199980002,1.0,1.0,1.0,False,False,False,STITCH,3,,,,,,,644.0,644.0,0.0,0.0,RPL3|RPL4|RPL7,False,False,RPL3|RPL4|RPL7,stitch_only,,,,,False,False,acyclic; MW 90 < 250; 6 heavy atoms < 18,6,0,2.33,,,90.07799999999999,0,,CC(C(=O)O)O,,,ChEMBL
390,,CHEMBL553426,D-alpha-aminobutyric acid,CsGiG,EEF1A1,0.0376083135791582,0.9233076692330768,0.9998000199980002,1.0,1.0,1.0,False,False,False,STITCH,3,,,,,,,644.0,644.0,0.0,0.0,RPL3|RPL4|RPL7,False,False,RPL3|RPL4|RPL7,stitch_only,,,,,False,False,acyclic; MW 103 < 250; 7 heavy atoms < 18,7,0,2.66,,,103.121,0,,CCC(C(=O)O)N,,,ChEMBL
390,,PUBCHEM:11008023,4oxolpipecolic acid,CsGiG,EEF1A1,0.0376083135791582,0.9246075392460754,0.9998000199980002,1.0,1.0,1.0,False,False,False,STITCH,3,,,,,,,644.0,644.0,0.0,0.0,RPL3|RPL4|RPL7,False,False,RPL3|RPL4|RPL7,stitch_only,,,,,False,False,MW 143 < 250; 10 heavy atoms < 18,10,1,3.14,,,143.142,20,"001Chemical; AChemBlock; AiFChem, an XtalPi Company; Ambeed; Angene Chemical",C1CNC(CC1=O)C(=O)O,,11008023.0,
390,,PUBCHEM:11062499,RP08852,CsGiG,EEF1A1,0.0376083135791582,0.9245075492450756,0.9998000199980002,1.0,1.0,1.0,False,False,False,STITCH,3,,,,,,,644.0,644.0,0.0,0.0,RPL3|RPL4|RPL7,False,False,RPL3|RPL4|RPL7,stitch_only,,,,,False,False,MW 143 < 250; 10 heavy atoms < 18,10,1,3.14,,,143.142,28,001Chemical; A2B Chem; AA BLOCKS; AChemBlock; AKos Consulting & Solutions,C1CNC(CC1=O)C(=O)O,,11062499.0,
390,,PUBCHEM:14728174,N(2)-methyl-GMP,CsGiG,EEF1A1,0.0454272568036184,0.9174082591740826,0.9998000199980002,1.0,1.0,1.0,False,False,False,STITCH,4,,,,,,,644.0,644.0,0.0,0.0,RPL3|RPL4|RPL7|RPS2,False,False,RPL3|RPL4|RPL7|RPS2,stitch_only,,,,,True,True,,25,3,4.08,,,377.25000000000006,0,,CNC1=NC(=O)C2=C(N1)N(C=N2)C3C(C(C(O3)COP(=O)(O)O)O)O,,14728174.0,
390,,PUBCHEM:3274683,2'-O-methyl-UMP,CsGiG,EEF1A1,0.0454272568036184,0.9207079292070792,0.9998000199980002,1.0,1.0,1.0,False,False,False,STITCH,4,,,,,,,644.0,644.0,0.0,0.0,RPL3|RPL4|RPL7|RPS2,False,False,RPL3|RPL4|RPL7|RPS2,stitch_only,,,,,True,True,,22,2,3.87,,,338.209,0,,COC1C(C(OC1N2C=CC(=O)NC2=O)COP(=O)(O)O)O,,3274683.0,
390,,PUBCHEM:3334071,DB02566,CsGiG,EEF1A1,0.0376083135791582,0.9222077792220778,0.9998000199980002,1.0,1.0,1.0,False,False,False,STITCH,3,,,,,,,644.0,644.0,0.0,0.0,RPL3|RPL4|RPL7,False,False,RPL3|RPL4|RPL7,stitch_only,,,,,False,False,MW 235 < 250; 17 heavy atoms < 18,17,2,3.83,,,235.239,0,,CC(C1=CC(=NC2=C1C=CCC2O)C(=O)O)O,,3334071.0,
390,,PUBCHEM:441214,3'-amino-3'-deoxy-AMP,CsGiG,EEF1A1,0.0454272568036184,0.9152084791520848,0.9998000199980002,1.0,1.0,1.0,False,False,False,STITCH,4,,,,,,,644.0,644.0,0.0,0.0,RPL3|RPL4|RPL7|RPS2,False,False,RPL3|RPL4|RPL7|RPS2,stitch_only,,,,,True,True,,23,3,4.02,,,346.24000000000007,0,,C1=NC2=C(C(=N1)N)N=CN2C3C(C(C(O3)COP(=O)(O)O)N)O,,441214.0,
390,,PUBCHEM:446207,D-phenylalanyl,CsGiG,EEF1A1,0.0454272568036184,0.9186081391860814,0.9998000199980002,1.0,1.0,1.0,False,False,False,STITCH,4,,,,,,,644.0,644.0,0.0,0.0,RPL3|RPL4|RPL7|RPS2,False,False,RPL3|RPL4|RPL7|RPS2,stitch_only,,,,,False,False,MW 149 < 250; 11 heavy atoms < 18,11,1,2.44,,,149.19299999999996,6,A2B Chem; AA BLOCKS; AKos Consulting & Solutions; Enamine; abcr GmbH,C1=CC=C(C=C1)CC(C=O)N,,446207.0,
390,,PUBCHEM:446782,AC1L9K3C,CsGiG,EEF1A1,0.0454272568036184,0.9193080691930808,0.9998000199980002,1.0,1.0,1.0,False,False,False,STITCH,4,,,,,,,644.0,644.0,0.0,0.0,RPL3|RPL4|RPL7|RPS2,False,False,RPL3|RPL4|RPL7|RPS2,stitch_only,,,,,True,True,,38,4,4.17,,,551.4970000000002,0,,CN(C)C1=NC=NC2=C1N=CN2C3C(C(C(O3)COP(=O)(O)O)NC(=O)C(CC4=CC=C(C=C4)OC)N)O,,446782.0,
390,,PUBCHEM:4469360,1-methylguanylic acid,CsGiG,EEF1A1,0.0376083135791582,0.9257074292570744,0.9998000199980002,1.0,1.0,1.0,False,False,False,STITCH,3,,,,,,,644.0,644.0,0.0,0.0,RPL3|RPL4|RPL7,False,False,RPL3|RPL4|RPL7,stitch_only,,,,,True,True,,25,3,3.99,,,377.25000000000006,1,MolCore,CN1C(=O)C2=C(N=C1N)N(C=N2)C3C(C(C(O3)COP(=O)(O)O)O)O,,4469360.0,
390,,PUBCHEM:4469584,2-methyl-adenylate,CsGiG,EEF1A1,0.0376083135791582,0.9245075492450756,0.9998000199980002,1.0,1.0,1.0,False,False,False,STITCH,3,,,,,,,644.0,644.0,0.0,0.0,RPL3|RPL4|RPL7,False,False,RPL3|RPL4|RPL7,stitch_only,,,,,True,True,,24,3,3.87,,,361.2510000000001,1,MolCore,CC1=NC2=C(C(=N1)N)N=CN2C3C(C(C(O3)COP(=O)(O)O)O)O,,4469584.0,
390,,PUBCHEM:4477870,AC1NAJ9M,CsGiG,EEF1A1,0.0454272568036184,0.9174082591740826,0.9998000199980002,1.0,1.0,1.0,False,False,False,STITCH,4,,,,,,,644.0,644.0,0.0,0.0,RPL3|RPL4|RPL7|RPS2,False,False,RPL3|RPL4|RPL7|RPS2,stitch_only,,,,,True,True,,24,3,4.13,,,361.25100000000003,0,,CN1C=NC2=C(C1=N)N=CN2C3C(C(C(O3)COP(=O)(O)O)O)O,,4477870.0,
390,,PUBCHEM:451597,PANS 5'-monophosphate,CsGiG,EEF1A1,0.0376083135791582,0.9255074492550744,0.9998000199980002,1.0,1.0,1.0,False,False,False,STITCH,3,,,,,,,644.0,644.0,0.0,0.0,RPL3|RPL4|RPL7,False,False,RPL3|RPL4|RPL7,stitch_only,,,,,True,True,,25,3,4.12,,,374.29400000000004,2,RR Scientific; Starshine Chemical,CN(C)C1=NC=NC2=C1N=CN2C3C(C(C(O3)COP(=O)(O)O)N)O,,451597.0,
390,,PUBCHEM:46173764,3'-amino-3'-deoxy-AMP,CsGiG,EEF1A1,0.0454272568036184,0.9203079692030796,0.9998000199980002,1.0,1.0,1.0,False,False,False,STITCH,4,,,,,,,644.0,644.0,0.0,0.0,RPL3|RPL4|RPL7|RPS2,False,False,RPL3|RPL4|RPL7|RPS2,stitch_only,,,,,True,True,,23,3,4.02,,,346.24000000000007,1,RR Scientific,C1=NC2=C(C(=N1)N)N=CN2C3C(C(C(O3)COP(=O)(O)O)N)O,,46173764.0,
390,,PUBCHEM:49867308,3-quinuclidinylthiomethyl,CsGiG,EEF1A1,0.0376083135791582,0.9313068693130688,0.9998000199980002,1.0,1.0,1.0,False,False,False,STITCH,3,,,,,,,644.0,644.0,0.0,0.0,RPL3|RPL4|RPL7,False,False,RPL3|RPL4|RPL7,stitch_only,,,,,False,False,MW 157 < 250; 10 heavy atoms < 18,10,3,4.18,,,157.282,0,,CSC1CN2CCC1CC2,,49867308.0,
390,,PUBCHEM:5289243,DB02566,CsGiG,EEF1A1,0.0376083135791582,0.929007099290071,0.9998000199980002,1.0,1.0,1.0,False,False,False,STITCH,3,,,,,,,644.0,644.0,0.0,0.0,RPL3|RPL4|RPL7,False,False,RPL3|RPL4|RPL7,stitch_only,,,,,False,False,MW 235 < 250; 17 heavy atoms < 18,17,2,3.83,,,235.239,0,,CC(C1=CC(=NC2=C1C=CCC2O)C(=O)O)O,,5289243.0,
390,,PUBCHEM:5289394,AC1NRD84,CsGiG,EEF1A1,0.0376083135791582,0.9245075492450756,0.9998000199980002,1.0,1.0,1.0,False,False,False,STITCH,3,,,,,,,644.0,644.0,0.0,0.0,RPL3|RPL4|RPL7,False,False,RPL3|RPL4|RPL7,stitch_only,,,,,False,False,MW 843 > 700,59,4,6.71,,,843.0649999999999,60,AbMole Bioscience; AbaChemScene; Accel Scientific; Achemtek; Achemtek,CC1CC=CC=CC(C(CC(C(C(C(CC(=O)O1)O)OC)OC2C(C(C(C(O2)C)OC3CC(C(C(O3)C)O)(C)O)N(C)C)O)CC=O)C)OC4CCC(C(O4)C)N(C)C,,5289394.0,
418,,CHEMBL1200630,cystein,CsGiG,EEF1A1,0.0376083135791582,0.9205079492050796,0.999900009999,1.0,1.0,1.0,False,False,False,STITCH,3,,,,,,,644.0,644.0,0.0,275.0,RPL3|RPL4|RPL7,False,False,RPL3|RPL4|RPL7,stitch_only,,,,,False,False,acyclic; MW 121 < 250; 7 heavy atoms < 18,7,0,2.98,,,121.16099999999999,0,,C(C(C(=O)O)N)S,,,ChEMBL
418,,CHEMBL1230507,A-7698,CsGiG,EEF1A1,0.0454272568036184,0.9187081291870812,0.999900009999,1.0,1.0,1.0,False,False,False,STITCH,4,,,,,,,644.0,644.0,0.0,0.0,RPL3|RPL4|RPL7|RPS2,False,False,RPL3|RPL4|RPL7|RPS2,stitch_only,,,,,True,True,,24,3,3.87,,,361.25100000000003,0,,CNC1=NC=NC2=C1N=CN2C3C(C(C(O3)COP(=O)(O)O)O)O,,,ChEMBL
418,,CHEMBL1275977,neomycin,CsGiG,EEF1A1,0.0454272568036184,0.9169083091690832,0.999900009999,1.0,1.0,1.0,False,False,False,STITCH,4,,,,,,,644.0,644.0,0.0,191.0,RPL3|RPL4|RPL7|RPS2,False,False,RPL3|RPL4|RPL7|RPS2,stitch_only,,,,,True,False,,42,4,5.54,,,614.6500000000002,0,,C1C(C(C(C(C1N)OC2C(C(C(C(O2)CN)O)O)N)OC3C(C(C(O3)CO)OC4C(C(C(C(O4)CN)O)O)N)O)O)N,,,ChEMBL
418,,CHEMBL131226,2-phenylglycine,CsGiG,EEF1A1,0.0454272568036184,0.921007899210079,0.999900009999,1.0,1.0,1.0,False,False,False,STITCH,4,,,,,,,644.0,644.0,0.0,0.0,RPL3|RPL4|RPL7|RPS2,False,False,RPL3|RPL4|RPL7|RPS2,stitch_only,,,,,False,False,MW 151 < 250; 11 heavy atoms < 18,11,1,2.07,,,151.16499999999996,0,,C1=CC=C(C=C1)C(C(=O)O)N,,,ChEMBL
418,,CHEMBL215940,N(3)-methyl-UMP,CsGiG,EEF1A1,0.0454272568036184,0.91990800919908,0.999900009999,1.0,1.0,1.0,False,False,False,STITCH,4,,,,,,,644.0,644.0,0.0,0.0,RPL3|RPL4|RPL7|RPS2,False,False,RPL3|RPL4|RPL7|RPS2,stitch_only,,,,,True,False,,22,2,3.87,,,338.209,0,,CN1C(=O)C=CN(C1=O)C2C(C(C(O2)COP(=O)(O)O)O)O,,,ChEMBL
418,,CHEMBL25080,phenylalanine,CsGiG,EEF1A1,0.0376083135791582,0.9242075792420756,0.999900009999,1.0,1.0,1.0,False,False,False,STITCH,3,,,,,,,644.0,644.0,0.0,129.0,RPL3|RPL4|RPL7,False,False,RPL3|RPL4|RPL7,stitch_only,,,,,False,False,MW 165 < 250; 12 heavy atoms < 18,12,1,1.88,,,165.19199999999998,0,,C1=CC=C(C=C1)CC(C(=O)O)N,,,ChEMBL
418,,CHEMBL608610,RTMP,CsGiG,EEF1A1,0.0454272568036184,0.9212078792120788,0.999900009999,1.0,1.0,1.0,False,False,False,STITCH,4,,,,,,,644.0,644.0,0.0,0.0,RPL3|RPL4|RPL7|RPS2,False,False,RPL3|RPL4|RPL7|RPS2,stitch_only,,,,,True,True,,22,2,3.74,,,338.209,0,,CC1=CN(C(=O)NC1=O)C2C(C(C(O2)COP(=O)(O)O)O)O,,,ChEMBL
418,,CHEMBL72388,5-methylcytidylic acid,CsGiG,EEF1A1,0.0454272568036184,0.9224077592240776,0.999900009999,1.0,1.0,1.0,False,False,False,STITCH,4,,,,,,,644.0,644.0,0.0,0.0,RPL3|RPL4|RPL7|RPS2,False,False,RPL3|RPL4|RPL7|RPS2,stitch_only,,,,,True,True,,22,2,3.88,,,337.225,0,,CC1=CN(C(=O)N=C1N)C2C(C(C(O2)COP(=O)(O)O)O)O,,,ChEMBL
418,,PUBCHEM:1042,pseudouridylic acid,CsGiG,EEF1A1,0.0454272568036184,0.9198080191980802,0.999900009999,1.0,1.0,1.0,False,False,False,STITCH,4,,,,,,,644.0,644.0,0.0,0.0,RPL3|RPL4|RPL7|RPS2,False,False,RPL3|RPL4|RPL7|RPS2,stitch_only,,,,,True,True,,21,2,4.02,,,324.182,6,"A2B Chem; AA BLOCKS; Alfa Chemistry; BLD Pharm; Cooke Chemical Co., Ltd",C1=C(C(=O)NC(=O)N1)C2C(C(C(O2)COP(=O)(O)O)O)O,,1042.0,
418,,PUBCHEM:10878285,4-hydroxymethyl-3-methylindole-2-carboxylate,CsGiG,EEF1A1,0.0376083135791582,0.928007199280072,0.999900009999,1.0,1.0,1.0,False,False,False,STITCH,3,,,,,,,644.0,644.0,0.0,0.0,RPL3|RPL4|RPL7,False,False,RPL3|RPL4|RPL7,stitch_only,,,,,False,False,MW 205 < 250; 15 heavy atoms < 18,15,2,2.35,,,205.21299999999997,2,BLD Pharm; Excenen Pharmatech,CC1=C(NC2=CC=CC(=C12)CO)C(=O)O,,10878285.0,
418,,PUBCHEM:123991,dehydroalanine,CsGiG,EEF1A1,0.0376083135791582,0.9227077292270772,0.999900009999,1.0,1.0,1.0,False,False,False,STITCH,3,,,,,,,644.0,644.0,0.0,0.0,RPL3|RPL4|RPL7,False,False,RPL3|RPL4|RPL7,stitch_only,,,,,False,False,acyclic; MW 87 < 250; 6 heavy atoms < 18,6,0,2.81,,,87.078,15,A2B Chem; AA BLOCKS; AKos Consulting & Solutions; Accela ChemBio Inc.; BLD Pharm,C=C(C(=O)O)N,,123991.0,
418,,PUBCHEM:165838,7-methylguanosine 5'-monophosphate,CsGiG,EEF1A1,0.0454272568036184,0.9197080291970804,0.999900009999,1.0,1.0,1.0,False,False,False,STITCH,4,,,,,,,644.0,644.0,0.0,0.0,RPL3|RPL4|RPL7|RPS2,False,False,RPL3|RPL4|RPL7|RPS2,stitch_only,,,,,True,False,,25,3,4.36,,,379.266,0,,CN1CN(C2=C1C(=O)N=C(N2)N)C3C(C(C(O3)COP(=O)(O)O)O)O,,165838.0,
418,,PUBCHEM:168161,2'-O-methylguanosine 5'-monophosphate,CsGiG,EEF1A1,0.0454272568036184,0.9132086791320868,0.999900009999,1.0,1.0,1.0,False,False,False,STITCH,4,,,,,,,644.0,644.0,0.0,0.0,RPL3|RPL4|RPL7|RPS2,False,False,RPL3|RPL4|RPL7|RPS2,stitch_only,,,,,True,True,,25,3,4.04,,,377.25000000000006,0,,COC1C(C(OC1N2C=NC3=C2NC(=NC3=O)N)COP(=O)(O)O)O,,168161.0,
418,,PUBCHEM:3082167,dehydrobutyrine,CsGiG,EEF1A1,0.0376083135791582,0.9215078492150784,0.999900009999,1.0,1.0,1.0,False,False,False,STITCH,3,,,,,,,644.0,644.0,0.0,0.0,RPL3|RPL4|RPL7,False,False,RPL3|RPL4|RPL7,stitch_only,,,,,False,False,acyclic; MW 101 < 250; 7 heavy atoms < 18,7,0,3.25,,,101.10499999999999,0,,CC=C(C(=O)O)N,,3082167.0,
418,,PUBCHEM:439424,pseudouridylic acid,CsGiG,EEF1A1,0.0454272568036184,0.917908209179082,0.999900009999,1.0,1.0,1.0,False,False,False,STITCH,4,,,,,,,644.0,644.0,0.0,0.0,RPL3|RPL4|RPL7|RPS2,False,False,RPL3|RPL4|RPL7|RPS2,stitch_only,,,,,True,True,,21,2,4.02,,,324.182,14,Angene Chemical; BLD Pharm; BOC Sciences; BenchChem; Biorbyt,C1=C(C(=O)NC(=O)N1)C2C(C(C(O2)COP(=O)(O)O)O)O,,439424.0,
418,,PUBCHEM:4477868,N(6)-dimethyl-AMP,CsGiG,EEF1A1,0.0376083135791582,0.9248075192480752,0.999900009999,1.0,1.0,1.0,False,False,False,STITCH,3,,,,,,,644.0,644.0,0.0,0.0,RPL3|RPL4|RPL7,False,False,RPL3|RPL4|RPL7,stitch_only,,,,,True,True,,25,3,3.92,,,375.278,1,MolCore,CN(C)C1=NC=NC2=C1N=CN2C3C(C(C(O3)COP(=O)(O)O)O)O,,4477868.0,
418,,PUBCHEM:475367,AC1L9SSV,CsGiG,EEF1A1,0.0376083135791582,0.9247075292470752,0.999900009999,1.0,1.0,1.0,False,False,False,STITCH,3,,,,,,,644.0,644.0,0.0,0.0,RPL3|RPL4|RPL7,False,False,RPL3|RPL4|RPL7,stitch_only,,,,,False,False,acyclic; MW 156 < 250; 8 heavy atoms < 18,8,0,3.49,,,156.09900000000002,0,,C(C(=O)O)P(=S)(O)O,,475367.0,
418,,PUBCHEM:49866464,2-methyl-adenylate,CsGiG,EEF1A1,0.0376083135791582,0.9258074192580742,0.999900009999,1.0,1.0,1.0,False,False,False,STITCH,3,,,,,,,644.0,644.0,0.0,0.0,RPL3|RPL4|RPL7,False,False,RPL3|RPL4|RPL7,stitch_only,,,,,True,True,,24,3,3.87,,,361.2510000000001,6,"001Chemical; BLD Pharm; CATO Research Chemicals Inc.; J&H Chemical Co.,ltd; RR Scientific",CC1=NC2=C(C(=N1)N)N=CN2C3C(C(C(O3)COP(=O)(O)O)O)O,,49866464.0,
418,,PUBCHEM:49866685,(Z)-2-amino-3-mercapto-acrylic acid,CsGiG,EEF1A1,0.0376083135791582,0.923907609239076,0.999900009999,1.0,1.0,1.0,False,False,False,STITCH,3,,,,,,,644.0,644.0,0.0,0.0,RPL3|RPL4|RPL7,False,False,RPL3|RPL4|RPL7,stitch_only,,,,,False,False,acyclic; MW 119 < 250; 7 heavy atoms < 18,7,0,3.89,,,119.145,0,,C(=C(C(=O)O)N)S,,49866685.0,
418,,PUBCHEM:5289071,2'-O-methyl-UMP,CsGiG,EEF1A1,0.0454272568036184,0.9214078592140786,0.999900009999,1.0,1.0,1.0,False,False,False,STITCH,4,,,,,,,644.0,644.0,0.0,0.0,RPL3|RPL4|RPL7|RPS2,False,False,RPL3|RPL4|RPL7|RPS2,stitch_only,,,,,True,True,,22,2,3.87,,,338.209,4,Angene Chemical; Biorbyt; RR Scientific; TargetMol,COC1C(C(OC1N2C=CC(=O)NC2=O)COP(=O)(O)O)O,,5289071.0,
418,,PUBCHEM:5496803,CHEBI:29688,CsGiG,EEF1A1,0.0376083135791582,0.9227077292270772,0.999900009999,1.0,1.0,1.0,False,False,False,STITCH,3,,,,,,,644.0,644.0,0.0,0.0,RPL3|RPL4|RPL7,False,False,RPL3|RPL4|RPL7,stitch_only,,,,,False,False,MW 812 > 700,58,5,6.04,,,812.0179999999997,0,,CCC1C2(C(C(C(=O)C(CC(C(C(C(=O)C(C(=O)O1)C)C)OC3C(C(CC(O3)C)N(C)C)O)(C)OC)C)C)N(C(=O)O2)CCCCN4C=C(N=C4)C5=CN=CC=C5)C,,5496803.0,
439,,CHEMBL1160819,ammonia,CsGiG,EEF1A1,0.0454272568036184,0.9183081691830816,1.0,1.0,1.0,1.0,False,False,False,STITCH,4,,,,,,,644.0,644.0,0.0,0.0,RPL3|RPL4|RPL7|RPS2,False,False,RPL3|RPL4|RPL7|RPS2,stitch_only,,,,,False,False,inorganic (no carbon); acyclic; MW 17 < 250; 1 heavy atoms < 18,1,0,6.67,,,17.031,0,,N,,,ChEMBL
439,,CHEMBL170365,acetaldehyde,CsGiG,EEF1A1,0.0454272568036184,0.9192080791920808,1.0,1.0,1.0,1.0,False,False,False,STITCH,4,,,,,,,644.0,644.0,0.0,155.0,RPL3|RPL4|RPL7|RPS2,False,False,RPL3|RPL4|RPL7|RPS2,stitch_only,,,,,False,False,acyclic; MW 44 < 250; 3 heavy atoms < 18,3,0,3.04,,,44.053,0,,CC=O,,,ChEMBL
439,,CHEMBL2105054,phosphinate,CsGiG,EEF1A1,0.0376083135791582,0.9293070692930708,1.0,1.0,1.0,1.0,False,False,False,STITCH,3,,,,,,,644.0,644.0,0.0,0.0,RPL3|RPL4|RPL7,False,False,RPL3|RPL4|RPL7,stitch_only,,,,,False,False,inorganic (no carbon); acyclic; MW 64 < 250; 3 heavy atoms < 18,3,0,4.59,,,63.980000000000004,0,,OP=O,,,ChEMBL
439,,CHEMBL378605,C-phenylglycine,CsGiG,EEF1A1,0.0454272568036184,0.916008399160084,1.0,1.0,1.0,1.0,False,False,False,STITCH,4,,,,,,,644.0,644.0,0.0,0.0,RPL3|RPL4|RPL7|RPS2,False,False,RPL3|RPL4|RPL7|RPS2,stitch_only,,,,,False,False,MW 151 < 250; 11 heavy atoms < 18,11,1,2.07,,,151.16499999999996,0,,C1=CC=C(C=C1)C(C(=O)O)N,,,ChEMBL
439,,PUBCHEM:12803287,RTMP,CsGiG,EEF1A1,0.0454272568036184,0.9196080391960804,1.0,1.0,1.0,1.0,False,False,False,STITCH,4,,,,,,,644.0,644.0,0.0,0.0,RPL3|RPL4|RPL7|RPS2,False,False,RPL3|RPL4|RPL7|RPS2,stitch_only,,,,,True,True,,22,2,3.74,,,338.209,22,"10X CHEM; A2B Chem; Accel Scientific; AiFChem, an XtalPi Company; Ambeed",CC1=CN(C(=O)NC1=O)C2C(C(C(O2)COP(=O)(O)O)O)O,,12803287.0,
439,,PUBCHEM:429092,poly(rCm,CsGiG,EEF1A1,0.0454272568036184,0.9252074792520748,1.0,1.0,1.0,1.0,False,False,False,STITCH,4,,,,,,,644.0,644.0,0.0,0.0,RPL3|RPL4|RPL7|RPS2,False,False,RPL3|RPL4|RPL7|RPS2,stitch_only,,,,,True,True,,22,2,3.92,,,337.225,3,A2B Chem; AA BLOCKS; Angene Chemical,COC1C(C(OC1N2C=CC(=NC2=O)N)COP(=O)(O)O)O,,429092.0,
439,,PUBCHEM:440416,C04639,CsGiG,EEF1A1,0.0454272568036184,0.9184081591840816,1.0,1.0,1.0,1.0,False,False,False,STITCH,4,,,,,,,644.0,644.0,0.0,0.0,RPL3|RPL4|RPL7|RPS2,False,False,RPL3|RPL4|RPL7|RPS2,stitch_only,,,,,True,False,,21,2,3.93,,,326.198,4,"AA BLOCKS; ChemoSapiens; J&H Chemical Co.,ltd; RR Scientific",C1CN(C(=O)NC1=O)C2C(C(C(O2)COP(=O)(O)O)O)O,,440416.0,
439,,PUBCHEM:70789301,1F4,CsGiG,EEF1A1,0.0376083135791582,0.928907109289071,1.0,1.0,1.0,1.0,False,False,False,STITCH,3,,,,,,,644.0,644.0,0.0,0.0,RPL3|RPL4|RPL7,False,False,RPL3|RPL4|RPL7,stitch_only,,,,,False,False,MW 817 > 700,58,5,6.28,,,817.0340000000001,0,,CCC1C2(C(C(C(=O)C(CC(C(C(C(C(C(=O)O1)C)OC(=O)N3CC(CC3C4=CN=CC=C4)(C)C)C)OC5C(C(CC(O5)C)N(C)C)O)(C)OC)C)C)NC(=O)O2)C,,70789301.0,
